freq_hz,s0_db,s1_db,s2_db,s3_db,s4_db,s5_db,composite_db
# M0_Q0
20.00,32.48,12.62,-2.29,-5.23,-8.33,-29.28,12.02
20.27,32.48,12.62,-2.29,-5.23,-8.33,-29.28,12.02
20.54,32.48,12.62,-2.29,-5.23,-8.33,-29.28,12.02
20.82,32.48,12.62,-2.29,-5.23,-8.33,-29.28,12.02
21.10,32.48,12.62,-2.29,-5.23,-8.33,-29.28,12.02
21.39,32.48,12.62,-2.29,-5.23,-8.33,-29.28,12.02
21.68,32.48,12.62,-2.29,-5.23,-8.33,-29.28,12.02
21.97,32.48,12.62,-2.29,-5.23,-8.33,-29.28,12.02
22.27,32.48,12.62,-2.29,-5.23,-8.33,-29.28,12.02
22.57,32.48,12.62,-2.29,-5.23,-8.33,-29.28,12.02
22.87,32.48,12.62,-2.29,-5.23,-8.33,-29.28,12.02
23.18,32.48,12.62,-2.29,-5.23,-8.33,-29.28,12.02
23.49,32.48,12.62,-2.29,-5.23,-8.33,-29.28,12.02
23.81,32.48,12.62,-2.29,-5.23,-8.33,-29.28,12.02
24.13,32.48,12.62,-2.29,-5.23,-8.33,-29.28,12.02
24.46,32.48,12.62,-2.29,-5.23,-8.33,-29.28,12.02
24.79,32.48,12.62,-2.29,-5.23,-8.33,-29.28,12.02
25.12,32.48,12.62,-2.29,-5.23,-8.33,-29.28,12.02
25.46,32.48,12.62,-2.29,-5.23,-8.33,-29.28,12.02
25.81,32.48,12.62,-2.29,-5.23,-8.33,-29.28,12.02
26.16,32.48,12.62,-2.29,-5.23,-8.33,-29.28,12.02
26.51,32.48,12.62,-2.29,-5.23,-8.33,-29.28,12.02
26.87,32.48,12.62,-2.29,-5.23,-8.33,-29.28,12.02
27.23,32.48,12.62,-2.29,-5.23,-8.33,-29.28,12.02
27.60,32.48,12.62,-2.29,-5.23,-8.33,-29.28,12.02
27.97,32.47,12.62,-2.29,-5.23,-8.33,-29.28,12.02
28.35,32.47,12.62,-2.29,-5.23,-8.33,-29.28,12.02
28.73,32.47,12.62,-2.29,-5.23,-8.33,-29.28,12.02
29.12,32.47,12.62,-2.29,-5.23,-8.33,-29.28,12.02
29.51,32.47,12.62,-2.29,-5.23,-8.33,-29.28,12.02
29.91,32.47,12.62,-2.29,-5.23,-8.33,-29.28,12.02
30.32,32.47,12.62,-2.29,-5.23,-8.33,-29.28,12.02
30.73,32.47,12.62,-2.29,-5.23,-8.33,-29.28,12.02
31.14,32.47,12.62,-2.29,-5.23,-8.33,-29.28,12.02
31.56,32.47,12.62,-2.29,-5.23,-8.33,-29.28,12.02
31.99,32.47,12.62,-2.29,-5.23,-8.33,-29.28,12.02
32.42,32.47,12.62,-2.29,-5.23,-8.33,-29.28,12.02
32.86,32.47,12.62,-2.29,-5.23,-8.33,-29.28,12.02
33.30,32.47,12.62,-2.29,-5.23,-8.33,-29.28,12.02
33.75,32.47,12.62,-2.29,-5.23,-8.33,-29.28,12.02
34.21,32.47,12.62,-2.29,-5.23,-8.33,-29.28,12.02
34.67,32.47,12.62,-2.29,-5.23,-8.33,-29.28,12.02
35.14,32.47,12.62,-2.29,-5.23,-8.33,-29.28,12.02
35.61,32.47,12.62,-2.29,-5.23,-8.33,-29.28,12.02
36.09,32.47,12.62,-2.29,-5.23,-8.33,-29.28,12.02
36.58,32.47,12.62,-2.29,-5.23,-8.33,-29.28,12.02
37.08,32.47,12.62,-2.29,-5.23,-8.33,-29.28,12.02
37.58,32.47,12.62,-2.29,-5.23,-8.33,-29.28,12.02
38.08,32.47,12.62,-2.29,-5.23,-8.33,-29.28,12.02
38.60,32.47,12.62,-2.29,-5.23,-8.33,-29.28,12.02
39.12,32.47,12.62,-2.29,-5.23,-8.33,-29.28,12.02
39.65,32.47,12.62,-2.29,-5.23,-8.33,-29.28,12.02
40.18,32.47,12.62,-2.29,-5.23,-8.33,-29.28,12.01
40.73,32.47,12.62,-2.29,-5.23,-8.33,-29.28,12.01
41.28,32.47,12.62,-2.29,-5.23,-8.33,-29.28,12.01
41.83,32.47,12.62,-2.29,-5.23,-8.33,-29.28,12.01
42.40,32.47,12.62,-2.29,-5.23,-8.33,-29.28,12.01
42.97,32.47,12.62,-2.29,-5.23,-8.33,-29.28,12.01
43.55,32.47,12.62,-2.29,-5.23,-8.33,-29.28,12.01
44.14,32.47,12.62,-2.29,-5.23,-8.33,-29.28,12.01
44.74,32.47,12.62,-2.29,-5.23,-8.33,-29.28,12.01
45.34,32.47,12.62,-2.29,-5.23,-8.33,-29.28,12.01
45.95,32.47,12.62,-2.29,-5.23,-8.33,-29.28,12.01
46.57,32.47,12.62,-2.29,-5.23,-8.33,-29.28,12.01
47.20,32.46,12.62,-2.29,-5.23,-8.33,-29.28,12.01
47.84,32.46,12.63,-2.29,-5.23,-8.33,-29.28,12.01
48.49,32.46,12.63,-2.29,-5.23,-8.33,-29.28,12.01
49.14,32.46,12.63,-2.29,-5.23,-8.33,-29.28,12.01
49.81,32.46,12.63,-2.29,-5.23,-8.33,-29.28,12.01
50.48,32.46,12.63,-2.29,-5.23,-8.33,-29.28,12.01
51.16,32.46,12.63,-2.29,-5.23,-8.33,-29.28,12.01
51.85,32.46,12.63,-2.29,-5.23,-8.33,-29.28,12.01
52.55,32.46,12.63,-2.29,-5.23,-8.33,-29.28,12.01
53.26,32.46,12.63,-2.29,-5.23,-8.33,-29.28,12.01
53.98,32.46,12.63,-2.29,-5.23,-8.33,-29.28,12.01
54.71,32.46,12.63,-2.29,-5.23,-8.33,-29.28,12.00
55.45,32.46,12.63,-2.29,-5.23,-8.33,-29.28,12.00
56.20,32.46,12.63,-2.29,-5.23,-8.33,-29.28,12.00
56.96,32.46,12.63,-2.29,-5.23,-8.33,-29.28,12.00
57.73,32.46,12.63,-2.29,-5.23,-8.33,-29.28,12.00
58.51,32.46,12.63,-2.29,-5.23,-8.33,-29.28,12.00
59.30,32.46,12.63,-2.29,-5.23,-8.33,-29.28,12.00
60.10,32.45,12.63,-2.29,-5.23,-8.33,-29.28,12.00
60.91,32.45,12.63,-2.29,-5.23,-8.33,-29.28,12.00
61.73,32.45,12.63,-2.29,-5.23,-8.33,-29.28,12.00
62.57,32.45,12.63,-2.29,-5.23,-8.33,-29.28,12.00
63.41,32.45,12.63,-2.29,-5.23,-8.33,-29.28,12.00
64.27,32.45,12.63,-2.29,-5.23,-8.33,-29.28,12.00
65.14,32.45,12.63,-2.29,-5.23,-8.33,-29.28,12.00
66.02,32.45,12.63,-2.29,-5.23,-8.33,-29.28,11.99
66.91,32.45,12.63,-2.29,-5.23,-8.33,-29.28,11.99
67.81,32.45,12.63,-2.29,-5.23,-8.33,-29.28,11.99
68.73,32.45,12.63,-2.29,-5.23,-8.33,-29.28,11.99
69.66,32.45,12.63,-2.29,-5.23,-8.33,-29.28,11.99
70.60,32.45,12.63,-2.29,-5.23,-8.33,-29.28,11.99
71.55,32.44,12.63,-2.29,-5.23,-8.33,-29.28,11.99
72.52,32.44,12.63,-2.29,-5.23,-8.33,-29.28,11.99
73.50,32.44,12.63,-2.29,-5.23,-8.33,-29.28,11.99
74.49,32.44,12.63,-2.29,-5.23,-8.33,-29.28,11.99
75.50,32.44,12.63,-2.29,-5.23,-8.33,-29.28,11.98
76.52,32.44,12.63,-2.29,-5.23,-8.33,-29.28,11.98
77.55,32.44,12.63,-2.29,-5.23,-8.33,-29.28,11.98
78.60,32.44,12.63,-2.29,-5.23,-8.33,-29.28,11.98
79.66,32.44,12.63,-2.29,-5.23,-8.33,-29.28,11.98
80.74,32.43,12.63,-2.29,-5.23,-8.33,-29.28,11.98
81.83,32.43,12.63,-2.29,-5.23,-8.33,-29.28,11.98
82.93,32.43,12.63,-2.29,-5.23,-8.33,-29.28,11.98
84.05,32.43,12.63,-2.29,-5.23,-8.33,-29.28,11.97
85.19,32.43,12.63,-2.29,-5.23,-8.33,-29.29,11.97
86.34,32.43,12.63,-2.29,-5.23,-8.33,-29.29,11.97
87.50,32.43,12.63,-2.29,-5.23,-8.33,-29.29,11.97
88.69,32.42,12.63,-2.29,-5.23,-8.33,-29.29,11.97
89.88,32.42,12.63,-2.29,-5.23,-8.33,-29.29,11.97
91.10,32.42,12.63,-2.29,-5.23,-8.33,-29.29,11.97
92.33,32.42,12.63,-2.29,-5.23,-8.33,-29.29,11.96
93.58,32.42,12.63,-2.29,-5.23,-8.33,-29.29,11.96
94.84,32.42,12.63,-2.29,-5.23,-8.33,-29.29,11.96
96.12,32.41,12.63,-2.29,-5.23,-8.33,-29.29,11.96
97.42,32.41,12.63,-2.29,-5.23,-8.33,-29.29,11.96
98.74,32.41,12.63,-2.29,-5.23,-8.33,-29.29,11.95
100.07,32.41,12.63,-2.29,-5.23,-8.33,-29.29,11.95
101.42,32.41,12.63,-2.29,-5.23,-8.33,-29.29,11.95
102.79,32.41,12.63,-2.29,-5.23,-8.33,-29.29,11.95
104.18,32.40,12.63,-2.29,-5.23,-8.33,-29.29,11.95
105.59,32.40,12.63,-2.29,-5.23,-8.33,-29.29,11.94
107.01,32.40,12.63,-2.29,-5.23,-8.33,-29.29,11.94
108.46,32.40,12.63,-2.29,-5.23,-8.33,-29.29,11.94
109.92,32.39,12.63,-2.29,-5.23,-8.33,-29.29,11.94
111.41,32.39,12.63,-2.29,-5.23,-8.33,-29.29,11.94
112.91,32.39,12.63,-2.29,-5.23,-8.33,-29.29,11.93
114.44,32.39,12.63,-2.29,-5.23,-8.33,-29.29,11.93
115.98,32.38,12.63,-2.29,-5.23,-8.33,-29.29,11.93
117.55,32.38,12.63,-2.29,-5.23,-8.33,-29.29,11.92
119.14,32.38,12.63,-2.29,-5.23,-8.33,-29.29,11.92
120.75,32.38,12.63,-2.29,-5.23,-8.33,-29.29,11.92
122.38,32.37,12.63,-2.29,-5.23,-8.33,-29.29,11.92
124.03,32.37,12.63,-2.29,-5.23,-8.33,-29.29,11.91
125.71,32.37,12.63,-2.29,-5.23,-8.33,-29.29,11.91
127.41,32.37,12.63,-2.28,-5.23,-8.33,-29.29,11.91
129.13,32.36,12.63,-2.28,-5.23,-8.33,-29.29,11.90
130.87,32.36,12.63,-2.28,-5.23,-8.33,-29.29,11.90
132.64,32.36,12.63,-2.28,-5.23,-8.33,-29.29,11.90
134.43,32.35,12.63,-2.28,-5.23,-8.33,-29.29,11.89
136.25,32.35,12.63,-2.28,-5.23,-8.33,-29.30,11.89
138.09,32.35,12.63,-2.28,-5.23,-8.33,-29.30,11.89
139.95,32.34,12.63,-2.28,-5.23,-8.33,-29.30,11.88
141.84,32.34,12.63,-2.28,-5.23,-8.33,-29.30,11.88
143.76,32.33,12.64,-2.28,-5.23,-8.33,-29.30,11.87
145.70,32.33,12.64,-2.28,-5.23,-8.33,-29.30,11.87
147.67,32.33,12.64,-2.28,-5.23,-8.33,-29.30,11.87
149.66,32.32,12.64,-2.28,-5.23,-8.33,-29.30,11.86
151.69,32.32,12.64,-2.28,-5.23,-8.33,-29.30,11.86
153.73,32.31,12.64,-2.28,-5.23,-8.33,-29.30,11.85
155.81,32.31,12.64,-2.28,-5.23,-8.33,-29.30,11.85
157.92,32.30,12.64,-2.28,-5.23,-8.33,-29.30,11.84
160.05,32.30,12.64,-2.28,-5.23,-8.33,-29.30,11.84
162.21,32.29,12.64,-2.28,-5.23,-8.33,-29.30,11.83
164.40,32.29,12.64,-2.28,-5.23,-8.33,-29.30,11.83
166.62,32.28,12.64,-2.28,-5.23,-8.33,-29.30,11.82
168.87,32.28,12.64,-2.28,-5.23,-8.33,-29.30,11.82
171.16,32.27,12.64,-2.28,-5.23,-8.33,-29.30,11.81
173.47,32.27,12.64,-2.28,-5.23,-8.33,-29.31,11.81
175.81,32.26,12.64,-2.28,-5.23,-8.33,-29.31,11.80
178.19,32.26,12.64,-2.28,-5.23,-8.33,-29.31,11.79
180.59,32.25,12.64,-2.28,-5.23,-8.33,-29.31,11.79
183.03,32.24,12.64,-2.28,-5.23,-8.33,-29.31,11.78
185.50,32.24,12.64,-2.28,-5.23,-8.33,-29.31,11.77
188.01,32.23,12.64,-2.28,-5.23,-8.33,-29.31,11.77
190.55,32.22,12.64,-2.28,-5.23,-8.33,-29.31,11.76
193.12,32.22,12.64,-2.28,-5.23,-8.33,-29.31,11.75
195.73,32.21,12.64,-2.28,-5.23,-8.33,-29.31,11.74
198.38,32.20,12.65,-2.28,-5.23,-8.33,-29.31,11.74
201.06,32.20,12.65,-2.28,-5.23,-8.33,-29.31,11.73
203.77,32.19,12.65,-2.28,-5.23,-8.33,-29.32,11.72
206.52,32.18,12.65,-2.28,-5.23,-8.33,-29.32,11.71
209.31,32.17,12.65,-2.28,-5.23,-8.33,-29.32,11.70
212.14,32.16,12.65,-2.28,-5.23,-8.33,-29.32,11.70
215.01,32.15,12.65,-2.28,-5.23,-8.33,-29.32,11.69
217.91,32.15,12.65,-2.28,-5.23,-8.33,-29.32,11.68
220.86,32.14,12.65,-2.28,-5.23,-8.33,-29.32,11.67
223.84,32.13,12.65,-2.28,-5.23,-8.33,-29.32,11.66
226.86,32.12,12.65,-2.28,-5.23,-8.33,-29.32,11.65
229.93,32.11,12.65,-2.28,-5.23,-8.33,-29.33,11.64
233.03,32.10,12.65,-2.28,-5.23,-8.33,-29.33,11.63
236.18,32.09,12.65,-2.28,-5.23,-8.33,-29.33,11.62
239.37,32.08,12.65,-2.28,-5.23,-8.33,-29.33,11.61
242.60,32.07,12.66,-2.28,-5.23,-8.33,-29.33,11.60
245.88,32.06,12.66,-2.28,-5.23,-8.33,-29.33,11.58
249.20,32.04,12.66,-2.28,-5.23,-8.33,-29.33,11.57
252.57,32.03,12.66,-2.28,-5.23,-8.33,-29.34,11.56
255.98,32.02,12.66,-2.28,-5.23,-8.33,-29.34,11.55
259.44,32.01,12.66,-2.28,-5.23,-8.33,-29.34,11.53
262.94,32.00,12.66,-2.28,-5.23,-8.33,-29.34,11.52
266.49,31.98,12.66,-2.28,-5.23,-8.33,-29.34,11.51
270.09,31.97,12.66,-2.28,-5.23,-8.33,-29.34,11.49
273.74,31.96,12.66,-2.28,-5.23,-8.33,-29.35,11.48
277.44,31.94,12.67,-2.28,-5.23,-8.33,-29.35,11.46
281.19,31.93,12.67,-2.28,-5.23,-8.33,-29.35,11.45
284.99,31.91,12.67,-2.28,-5.23,-8.33,-29.35,11.43
288.84,31.90,12.67,-2.28,-5.23,-8.33,-29.35,11.42
292.74,31.88,12.67,-2.28,-5.23,-8.33,-29.36,11.40
296.69,31.87,12.67,-2.28,-5.23,-8.33,-29.36,11.39
300.70,31.85,12.67,-2.28,-5.23,-8.33,-29.36,11.37
304.76,31.83,12.67,-2.28,-5.23,-8.33,-29.36,11.35
308.88,31.82,12.68,-2.28,-5.23,-8.33,-29.36,11.33
313.05,31.80,12.68,-2.28,-5.23,-8.33,-29.37,11.31
317.28,31.78,12.68,-2.28,-5.23,-8.33,-29.37,11.30
321.57,31.76,12.68,-2.28,-5.23,-8.33,-29.37,11.28
325.91,31.74,12.68,-2.28,-5.23,-8.33,-29.37,11.26
330.31,31.72,12.68,-2.28,-5.23,-8.33,-29.38,11.24
334.77,31.70,12.68,-2.28,-5.23,-8.33,-29.38,11.21
339.30,31.68,12.69,-2.28,-5.23,-8.33,-29.38,11.19
343.88,31.66,12.69,-2.28,-5.23,-8.33,-29.39,11.17
348.52,31.64,12.69,-2.28,-5.23,-8.33,-29.39,11.15
353.23,31.62,12.69,-2.28,-5.23,-8.33,-29.39,11.12
358.00,31.59,12.69,-2.28,-5.23,-8.33,-29.39,11.10
362.84,31.57,12.70,-2.28,-5.23,-8.33,-29.40,11.08
367.74,31.55,12.70,-2.28,-5.23,-8.33,-29.40,11.05
372.71,31.52,12.70,-2.28,-5.22,-8.33,-29.40,11.03
377.74,31.50,12.70,-2.28,-5.22,-8.33,-29.41,11.00
382.85,31.47,12.70,-2.28,-5.22,-8.33,-29.41,10.97
388.02,31.44,12.71,-2.28,-5.22,-8.33,-29.41,10.94
393.26,31.42,12.71,-2.28,-5.22,-8.33,-29.42,10.92
398.57,31.39,12.71,-2.28,-5.22,-8.33,-29.42,10.89
403.96,31.36,12.71,-2.28,-5.22,-8.33,-29.43,10.86
409.41,31.33,12.72,-2.28,-5.22,-8.33,-29.43,10.83
414.94,31.30,12.72,-2.28,-5.22,-8.33,-29.43,10.79
420.55,31.27,12.72,-2.28,-5.22,-8.33,-29.44,10.76
426.23,31.24,12.72,-2.28,-5.22,-8.33,-29.44,10.73
431.99,31.21,12.73,-2.28,-5.22,-8.33,-29.45,10.70
437.82,31.17,12.73,-2.28,-5.22,-8.33,-29.45,10.66
443.74,31.14,12.73,-2.28,-5.22,-8.33,-29.46,10.63
449.73,31.10,12.73,-2.28,-5.22,-8.33,-29.46,10.59
455.80,31.07,12.74,-2.28,-5.22,-8.33,-29.47,10.55
461.96,31.03,12.74,-2.28,-5.22,-8.33,-29.47,10.51
468.20,30.99,12.74,-2.28,-5.22,-8.33,-29.48,10.47
474.53,30.96,12.75,-2.28,-5.22,-8.33,-29.48,10.43
480.94,30.92,12.75,-2.28,-5.22,-8.33,-29.49,10.39
487.43,30.88,12.75,-2.28,-5.22,-8.33,-29.49,10.35
494.02,30.84,12.76,-2.28,-5.22,-8.33,-29.50,10.31
500.69,30.79,12.76,-2.28,-5.22,-8.33,-29.51,10.26
507.45,30.75,12.77,-2.28,-5.22,-8.33,-29.51,10.22
514.31,30.71,12.77,-2.28,-5.22,-8.32,-29.52,10.17
521.26,30.66,12.77,-2.28,-5.22,-8.32,-29.53,10.13
528.30,30.62,12.78,-2.28,-5.22,-8.32,-29.53,10.08
535.43,30.57,12.78,-2.28,-5.22,-8.32,-29.54,10.03
542.67,30.52,12.79,-2.28,-5.22,-8.32,-29.55,9.98
550.00,30.47,12.79,-2.27,-5.22,-8.32,-29.56,9.92
557.43,30.42,12.79,-2.27,-5.22,-8.32,-29.56,9.87
564.96,30.37,12.80,-2.27,-5.22,-8.32,-29.57,9.82
572.59,30.32,12.80,-2.27,-5.22,-8.32,-29.58,9.76
580.32,30.26,12.81,-2.27,-5.22,-8.32,-29.59,9.70
588.16,30.21,12.81,-2.27,-5.22,-8.32,-29.60,9.65
596.11,30.15,12.82,-2.27,-5.22,-8.32,-29.60,9.59
604.16,30.09,12.82,-2.27,-5.22,-8.32,-29.61,9.53
612.32,30.03,12.83,-2.27,-5.22,-8.32,-29.62,9.46
620.59,29.97,12.84,-2.27,-5.22,-8.32,-29.63,9.40
628.97,29.91,12.84,-2.27,-5.22,-8.32,-29.64,9.33
637.47,29.85,12.85,-2.27,-5.22,-8.32,-29.65,9.27
646.08,29.78,12.85,-2.27,-5.22,-8.32,-29.66,9.20
654.81,29.72,12.86,-2.27,-5.22,-8.32,-29.67,9.13
663.65,29.65,12.87,-2.27,-5.22,-8.32,-29.68,9.06
672.62,29.58,12.87,-2.27,-5.22,-8.32,-29.70,8.99
681.70,29.51,12.88,-2.27,-5.22,-8.32,-29.71,8.91
690.91,29.44,12.89,-2.27,-5.22,-8.32,-29.72,8.84
700.25,29.37,12.90,-2.27,-5.22,-8.32,-29.73,8.76
709.71,29.29,12.90,-2.27,-5.22,-8.32,-29.74,8.68
719.29,29.22,12.91,-2.27,-5.22,-8.32,-29.76,8.60
729.01,29.14,12.92,-2.27,-5.22,-8.32,-29.77,8.52
738.86,29.06,12.93,-2.27,-5.22,-8.32,-29.78,8.44
748.84,28.98,12.93,-2.27,-5.22,-8.32,-29.80,8.35
758.95,28.90,12.94,-2.27,-5.22,-8.32,-29.81,8.26
769.20,28.81,12.95,-2.26,-5.22,-8.32,-29.83,8.17
779.59,28.73,12.96,-2.26,-5.22,-8.32,-29.84,8.08
790.13,28.64,12.97,-2.26,-5.22,-8.32,-29.86,7.99
800.80,28.55,12.98,-2.26,-5.22,-8.32,-29.88,7.90
811.62,28.46,12.99,-2.26,-5.22,-8.32,-29.89,7.80
822.58,28.37,13.00,-2.26,-5.22,-8.32,-29.91,7.70
833.69,28.28,13.01,-2.26,-5.22,-8.32,-29.93,7.60
844.95,28.18,13.02,-2.26,-5.22,-8.32,-29.95,7.50
856.37,28.09,13.03,-2.26,-5.22,-8.32,-29.97,7.40
867.93,27.99,13.04,-2.26,-5.22,-8.32,-29.99,7.29
879.66,27.89,13.06,-2.26,-5.22,-8.32,-30.01,7.18
891.54,27.79,13.07,-2.26,-5.22,-8.32,-30.03,7.07
903.58,27.68,13.08,-2.26,-5.22,-8.32,-30.05,6.96
915.79,27.58,13.09,-2.26,-5.22,-8.32,-30.07,6.85
928.16,27.47,13.11,-2.25,-5.22,-8.32,-30.09,6.73
940.70,27.36,13.12,-2.25,-5.22,-8.32,-30.12,6.62
953.40,27.25,13.13,-2.25,-5.22,-8.32,-30.14,6.50
966.28,27.14,13.15,-2.25,-5.22,-8.32,-30.16,6.38
979.34,27.02,13.16,-2.25,-5.22,-8.32,-30.19,6.25
992.57,26.91,13.18,-2.25,-5.22,-8.32,-30.22,6.13
1005.97,26.79,13.19,-2.25,-5.22,-8.32,-30.24,6.00
1019.56,26.67,13.21,-2.25,-5.21,-8.32,-30.27,5.87
1033.33,26.55,13.23,-2.25,-5.21,-8.32,-30.30,5.74
1047.29,26.42,13.24,-2.25,-5.21,-8.32,-30.33,5.60
1061.44,26.30,13.26,-2.25,-5.21,-8.32,-30.36,5.47
1075.78,26.17,13.28,-2.24,-5.21,-8.31,-30.39,5.33
1090.31,26.05,13.30,-2.24,-5.21,-8.31,-30.43,5.19
1105.04,25.91,13.32,-2.24,-5.21,-8.31,-30.46,5.05
1119.96,25.78,13.34,-2.24,-5.21,-8.31,-30.49,4.90
1135.09,25.65,13.36,-2.24,-5.21,-8.31,-30.53,4.75
1150.43,25.51,13.38,-2.24,-5.21,-8.31,-30.57,4.61
1165.97,25.38,13.40,-2.24,-5.21,-8.31,-30.60,4.45
1181.72,25.24,13.42,-2.24,-5.21,-8.31,-30.64,4.30
1197.68,25.10,13.45,-2.23,-5.21,-8.31,-30.68,4.14
1213.86,24.95,13.47,-2.23,-5.21,-8.31,-30.73,3.98
1230.25,24.81,13.49,-2.23,-5.21,-8.31,-30.77,3.82
1246.87,24.66,13.52,-2.23,-5.21,-8.31,-30.81,3.66
1263.72,24.52,13.54,-2.23,-5.21,-8.31,-30.86,3.50
1280.79,24.37,13.57,-2.23,-5.21,-8.31,-30.91,3.33
1298.09,24.22,13.60,-2.22,-5.21,-8.31,-30.96,3.16
1315.62,24.06,13.63,-2.22,-5.21,-8.31,-31.01,2.99
1333.39,23.91,13.66,-2.22,-5.21,-8.31,-31.06,2.81
1351.41,23.75,13.69,-2.22,-5.21,-8.31,-31.11,2.63
1369.66,23.60,13.72,-2.22,-5.21,-8.31,-31.17,2.45
1388.16,23.44,13.75,-2.22,-5.21,-8.31,-31.23,2.27
1406.91,23.28,13.78,-2.21,-5.20,-8.31,-31.29,2.09
1425.92,23.11,13.82,-2.21,-5.20,-8.31,-31.35,1.90
1445.18,22.95,13.85,-2.21,-5.20,-8.30,-31.42,1.71
1464.70,22.78,13.89,-2.21,-5.20,-8.30,-31.48,1.51
1484.49,22.62,13.92,-2.21,-5.20,-8.30,-31.55,1.32
1504.54,22.45,13.96,-2.20,-5.20,-8.30,-31.62,1.12
1524.86,22.28,14.00,-2.20,-5.20,-8.30,-31.70,0.92
1545.46,22.11,14.04,-2.20,-5.20,-8.30,-31.78,0.71
1566.34,21.93,14.09,-2.20,-5.20,-8.30,-31.86,0.51
1587.50,21.76,14.13,-2.19,-5.20,-8.30,-31.94,0.30
1608.94,21.58,14.17,-2.19,-5.20,-8.30,-32.03,0.08
1630.67,21.40,14.22,-2.19,-5.20,-8.30,-32.12,-0.13
1652.70,21.23,14.27,-2.19,-5.20,-8.30,-32.21,-0.35
1675.03,21.05,14.32,-2.18,-5.20,-8.30,-32.30,-0.57
1697.65,20.86,14.37,-2.18,-5.19,-8.30,-32.41,-0.80
1720.59,20.68,14.42,-2.18,-5.19,-8.29,-32.51,-1.03
1743.83,20.50,14.48,-2.18,-5.19,-8.29,-32.62,-1.26
1767.38,20.31,14.54,-2.17,-5.19,-8.29,-32.73,-1.50
1791.26,20.12,14.59,-2.17,-5.19,-8.29,-32.85,-1.74
1815.45,19.93,14.65,-2.17,-5.19,-8.29,-32.97,-1.99
1839.98,19.74,14.72,-2.16,-5.19,-8.29,-33.10,-2.24
1864.83,19.55,14.78,-2.16,-5.19,-8.29,-33.23,-2.49
1890.02,19.36,14.85,-2.16,-5.19,-8.29,-33.37,-2.75
1915.55,19.17,14.92,-2.15,-5.19,-8.29,-33.52,-3.02
1941.43,18.97,14.99,-2.15,-5.18,-8.29,-33.67,-3.29
1967.65,18.77,15.07,-2.14,-5.18,-8.28,-33.83,-3.56
1994.23,18.58,15.14,-2.14,-5.18,-8.28,-34.00,-3.84
2021.17,18.38,15.23,-2.14,-5.18,-8.28,-34.18,-4.13
2048.47,18.18,15.31,-2.13,-5.18,-8.28,-34.36,-4.43
2076.15,17.98,15.39,-2.13,-5.18,-8.28,-34.56,-4.73
2104.19,17.77,15.48,-2.12,-5.18,-8.28,-34.76,-5.04
2132.61,17.57,15.58,-2.12,-5.18,-8.28,-34.97,-5.36
2161.42,17.36,15.67,-2.11,-5.17,-8.27,-35.20,-5.68
2190.62,17.16,15.77,-2.11,-5.17,-8.27,-35.44,-6.02
2220.21,16.95,15.88,-2.10,-5.17,-8.27,-35.69,-6.37
2250.20,16.74,15.99,-2.10,-5.17,-8.27,-35.96,-6.73
2280.60,16.53,16.10,-2.09,-5.17,-8.27,-36.25,-7.10
2311.40,16.32,16.22,-2.09,-5.17,-8.27,-36.55,-7.49
2342.63,16.11,16.34,-2.08,-5.16,-8.27,-36.88,-7.90
2374.27,15.90,16.47,-2.08,-5.16,-8.26,-37.22,-8.32
2406.34,15.69,16.60,-2.07,-5.16,-8.26,-37.59,-8.76
2438.85,15.47,16.74,-2.06,-5.16,-8.26,-37.99,-9.23
2471.79,15.25,16.88,-2.06,-5.16,-8.26,-38.43,-9.72
2505.18,15.04,17.03,-2.05,-5.15,-8.26,-38.89,-10.25
2539.02,14.82,17.18,-2.05,-5.15,-8.25,-39.40,-10.81
2573.32,14.60,17.35,-2.04,-5.15,-8.25,-39.96,-11.41
2608.08,14.38,17.52,-2.03,-5.15,-8.25,-40.57,-12.06
2643.31,14.16,17.69,-2.02,-5.15,-8.25,-41.25,-12.77
2679.02,13.94,17.88,-2.02,-5.14,-8.25,-42.00,-13.55
2715.21,13.71,18.07,-2.01,-5.14,-8.24,-42.86,-14.43
2751.88,13.49,18.28,-2.00,-5.14,-8.24,-43.84,-15.42
2789.06,13.26,18.49,-1.99,-5.14,-8.24,-44.98,-16.56
2826.73,13.04,18.71,-1.98,-5.13,-8.24,-46.33,-17.90
2864.91,12.81,18.94,-1.98,-5.13,-8.23,-47.98,-19.53
2903.61,12.58,19.18,-1.97,-5.13,-8.23,-50.10,-21.62
2942.84,12.35,19.43,-1.96,-5.13,-8.23,-52.99,-24.48
2982.59,12.12,19.70,-1.95,-5.12,-8.22,-57.53,-28.97
3022.88,11.89,19.97,-1.94,-5.12,-8.22,-68.20,-39.58
3063.71,11.65,20.26,-1.93,-5.12,-8.22,-64.75,-36.06
3105.10,11.42,20.56,-1.92,-5.11,-8.22,-56.05,-27.28
3147.04,11.18,20.87,-1.91,-5.11,-8.21,-51.70,-22.83
3189.55,10.95,21.18,-1.90,-5.11,-8.21,-48.73,-19.77
3232.64,10.71,21.51,-1.88,-5.10,-8.21,-46.47,-17.40
3276.30,10.47,21.84,-1.87,-5.10,-8.20,-44.63,-15.45
3320.56,10.23,22.18,-1.86,-5.10,-8.20,-43.07,-13.77
3365.42,9.99,22.51,-1.85,-5.09,-8.19,-41.71,-12.30
3410.88,9.75,22.83,-1.83,-5.09,-8.19,-40.50,-10.99
3456.95,9.51,23.14,-1.82,-5.09,-8.19,-39.41,-9.82
3503.65,9.26,23.41,-1.81,-5.08,-8.18,-38.41,-8.77
3550.98,9.02,23.65,-1.79,-5.08,-8.18,-37.49,-7.83
3598.94,8.77,23.82,-1.78,-5.07,-8.17,-36.63,-7.02
3647.56,8.52,23.93,-1.76,-5.07,-8.17,-35.83,-6.34
3696.83,8.27,23.95,-1.75,-5.06,-8.17,-35.08,-5.79
3746.77,8.02,23.87,-1.73,-5.06,-8.16,-34.36,-5.38
3797.38,7.77,23.69,-1.71,-5.05,-8.16,-33.68,-5.10
3848.67,7.52,23.42,-1.70,-5.05,-8.15,-33.03,-4.94
3900.66,7.26,23.06,-1.68,-5.04,-8.15,-32.40,-4.91
3953.35,7.01,22.62,-1.66,-5.04,-8.14,-31.80,-4.97
4006.76,6.75,22.12,-1.64,-5.03,-8.13,-31.22,-5.12
4060.88,6.49,21.58,-1.62,-5.03,-8.13,-30.67,-5.33
4115.73,6.23,21.00,-1.60,-5.02,-8.12,-30.12,-5.59
4171.33,5.97,20.40,-1.58,-5.02,-8.12,-29.60,-5.89
4227.68,5.71,19.79,-1.55,-5.01,-8.11,-29.09,-6.22
4284.79,5.44,19.18,-1.53,-5.00,-8.10,-28.59,-6.56
4342.67,5.18,18.57,-1.51,-5.00,-8.10,-28.11,-6.92
4401.33,4.91,17.96,-1.48,-4.99,-8.09,-27.63,-7.28
4460.78,4.64,17.36,-1.46,-4.98,-8.08,-27.17,-7.65
4521.04,4.37,16.77,-1.43,-4.97,-8.08,-26.71,-8.01
4582.11,4.10,16.19,-1.40,-4.97,-8.07,-26.27,-8.38
4644.00,3.82,15.62,-1.38,-4.96,-8.06,-25.83,-8.74
4706.74,3.55,15.06,-1.35,-4.95,-8.05,-25.40,-9.10
4770.32,3.27,14.51,-1.32,-4.94,-8.04,-24.97,-9.46
4834.75,2.99,13.97,-1.28,-4.93,-8.04,-24.56,-9.81
4900.06,2.71,13.44,-1.25,-4.92,-8.03,-24.15,-10.16
4966.25,2.42,12.92,-1.22,-4.91,-8.02,-23.74,-10.50
5033.34,2.13,12.41,-1.18,-4.90,-8.01,-23.34,-10.84
5101.33,1.85,11.91,-1.14,-4.89,-8.00,-22.94,-11.18
5170.24,1.55,11.42,-1.11,-4.88,-7.99,-22.55,-11.51
5240.08,1.26,10.93,-1.06,-4.87,-7.98,-22.16,-11.84
5310.86,0.96,10.46,-1.02,-4.86,-7.96,-21.78,-12.17
5382.60,0.66,9.98,-0.98,-4.85,-7.95,-21.40,-12.49
5455.31,0.36,9.52,-0.93,-4.84,-7.94,-21.02,-12.81
5529.00,0.06,9.06,-0.89,-4.83,-7.93,-20.65,-13.13
5603.69,-0.25,8.61,-0.84,-4.81,-7.92,-20.28,-13.44
5679.38,-0.56,8.16,-0.79,-4.80,-7.90,-19.91,-13.75
5756.10,-0.87,7.72,-0.73,-4.78,-7.89,-19.54,-14.06
5833.86,-1.19,7.28,-0.68,-4.77,-7.88,-19.18,-14.37
5912.66,-1.51,6.84,-0.62,-4.75,-7.86,-18.81,-14.67
5992.53,-1.83,6.41,-0.56,-4.74,-7.85,-18.45,-14.98
6073.48,-2.16,5.98,-0.49,-4.72,-7.83,-18.09,-15.28
6155.52,-2.49,5.56,-0.43,-4.71,-7.81,-17.73,-15.57
6238.67,-2.83,5.13,-0.35,-4.69,-7.80,-17.38,-15.87
6322.94,-3.17,4.71,-0.28,-4.67,-7.78,-17.02,-16.17
6408.35,-3.51,4.29,-0.20,-4.65,-7.76,-16.67,-16.46
6494.92,-3.86,3.87,-0.12,-4.63,-7.74,-16.31,-16.75
6582.65,-4.22,3.46,-0.04,-4.61,-7.72,-15.96,-17.04
6671.57,-4.58,3.04,0.05,-4.59,-7.70,-15.60,-17.33
6761.69,-4.94,2.63,0.15,-4.57,-7.68,-15.25,-17.61
6853.03,-5.31,2.21,0.25,-4.54,-7.65,-14.89,-17.90
6945.60,-5.69,1.80,0.35,-4.52,-7.63,-14.54,-18.18
7039.43,-6.07,1.38,0.47,-4.49,-7.60,-14.19,-18.46
7134.52,-6.46,0.97,0.58,-4.46,-7.58,-13.83,-18.74
7230.89,-6.86,0.55,0.71,-4.44,-7.55,-13.47,-19.02
7328.57,-7.26,0.13,0.84,-4.41,-7.52,-13.12,-19.29
7427.56,-7.67,-0.28,0.98,-4.38,-7.49,-12.76,-19.57
7527.89,-8.09,-0.70,1.13,-4.34,-7.46,-12.40,-19.84
7629.58,-8.52,-1.13,1.29,-4.31,-7.43,-12.04,-20.10
7732.64,-8.96,-1.55,1.46,-4.27,-7.40,-11.68,-20.37
7837.10,-9.41,-1.98,1.64,-4.24,-7.36,-11.32,-20.63
7942.96,-9.87,-2.41,1.83,-4.20,-7.32,-10.95,-20.88
8050.26,-10.35,-2.84,2.04,-4.15,-7.29,-10.59,-21.14
8159.00,-10.83,-3.28,2.26,-4.11,-7.24,-10.22,-21.38
8269.21,-11.33,-3.72,2.50,-4.06,-7.20,-9.85,-21.62
8380.92,-11.84,-4.17,2.76,-4.02,-7.16,-9.47,-21.86
8494.13,-12.37,-4.62,3.04,-3.96,-7.11,-9.10,-22.09
8608.87,-12.92,-5.08,3.34,-3.91,-7.06,-8.72,-22.30
8725.16,-13.48,-5.54,3.66,-3.85,-7.00,-8.34,-22.51
8843.02,-14.06,-6.01,4.01,-3.79,-6.95,-7.95,-22.71
8962.47,-14.66,-6.49,4.39,-3.73,-6.89,-7.56,-22.90
9083.54,-15.28,-6.98,4.79,-3.66,-6.83,-7.17,-23.08
9206.24,-15.93,-7.47,5.23,-3.59,-6.76,-6.77,-23.25
9330.60,-16.60,-7.98,5.70,-3.51,-6.69,-6.37,-23.40
9456.64,-17.30,-8.49,6.19,-3.42,-6.61,-5.96,-23.56
9584.38,-18.02,-9.02,6.69,-3.33,-6.53,-5.55,-23.72
9713.85,-18.76,-9.56,7.19,-3.24,-6.45,-5.13,-23.91
9845.06,-19.53,-10.11,7.64,-3.14,-6.36,-4.71,-24.17
9978.05,-20.32,-10.68,7.99,-3.03,-6.26,-4.28,-24.54
10112.84,-21.11,-11.27,8.16,-2.91,-6.16,-3.84,-25.09
10249.44,-21.91,-11.87,8.07,-2.78,-6.05,-3.40,-25.89
10387.89,-22.67,-12.50,7.67,-2.64,-5.93,-2.95,-26.97
10528.21,-23.38,-13.14,6.97,-2.49,-5.80,-2.49,-28.29
10670.43,-23.99,-13.82,6.01,-2.32,-5.66,-2.02,-29.76
10814.57,-24.45,-14.52,4.88,-2.15,-5.51,-1.54,-31.25
10960.65,-24.74,-15.26,3.65,-1.95,-5.35,-1.06,-32.66
11108.71,-24.82,-16.04,2.37,-1.73,-5.18,-0.56,-33.91
11258.77,-24.71,-16.86,1.07,-1.49,-4.99,-0.05,-34.98
11410.85,-24.43,-17.73,-0.23,-1.23,-4.78,0.47,-35.87
11564.99,-24.03,-18.66,-1.52,-0.93,-4.55,1.01,-36.64
11721.22,-23.55,-19.66,-2.82,-0.60,-4.30,1.56,-37.32
11879.55,-23.03,-20.75,-4.11,-0.23,-4.02,2.12,-37.97
12040.02,-22.49,-21.94,-5.41,0.19,-3.71,2.71,-38.62
12202.66,-21.96,-23.27,-6.72,0.67,-3.37,3.31,-39.31
12367.49,-21.44,-24.78,-8.06,1.21,-2.99,3.93,-40.09
12534.56,-20.94,-26.53,-9.43,1.82,-2.56,4.57,-41.04
12703.87,-20.47,-28.63,-10.86,2.52,-2.08,5.24,-42.24
12875.48,-20.02,-31.27,-12.36,3.29,-1.53,5.93,-43.92
13049.40,-19.60,-34.85,-13.96,4.09,-0.90,6.65,-46.53
13225.68,-19.20,-40.44,-15.69,4.82,-0.19,7.40,-51.26
13404.33,-18.83,-47.79,-17.61,5.24,0.63,8.19,-58.14
13585.40,-18.48,-40.57,-19.80,4.99,1.56,9.02,-51.25
13768.91,-18.16,-35.43,-22.37,3.89,2.58,9.88,-47.56
13954.91,-17.85,-32.24,-25.53,2.13,3.63,10.79,-47.02
14143.41,-17.56,-29.98,-29.55,0.03,4.52,11.75,-48.74
14334.46,-17.29,-28.25,-33.69,-2.18,4.88,12.76,-51.73
14528.09,-17.04,-26.87,-32.81,-4.40,4.38,13.82,-50.88
14724.34,-16.80,-25.72,-29.15,-6.62,3.08,14.92,-48.26
14923.24,-16.58,-24.75,-26.28,-8.85,1.36,16.05,-47.02
15124.83,-16.38,-23.92,-24.17,-11.13,-0.44,17.16,-46.83
15329.13,-16.18,-23.20,-22.57,-13.49,-2.16,18.22,-47.35
15536.20,-16.00,-22.57,-21.30,-15.96,-3.76,19.11,-48.45
15746.07,-15.84,-22.01,-20.28,-18.53,-5.23,19.74,-50.10
15958.77,-15.68,-21.51,-19.43,-21.07,-6.56,20.03,-52.18
16174.34,-15.53,-21.07,-18.72,-23.08,-7.76,19.96,-54.17
16392.83,-15.40,-20.68,-18.12,-23.86,-8.83,19.61,-55.23
16614.26,-15.28,-20.33,-17.60,-23.34,-9.79,19.10,-55.20
16838.69,-15.16,-20.01,-17.15,-22.24,-10.64,18.51,-54.67
17066.15,-15.06,-19.73,-16.77,-21.10,-11.37,17.90,-54.10
17296.68,-14.97,-19.49,-16.44,-20.10,-12.01,17.33,-53.63
17530.33,-14.88,-19.27,-16.16,-19.26,-12.54,16.80,-53.27
17767.13,-14.81,-19.08,-15.91,-18.58,-12.99,16.34,-52.99
18007.13,-14.74,-18.91,-15.71,-18.03,-13.35,15.93,-52.77
18250.38,-14.69,-18.78,-15.54,-17.59,-13.65,15.59,-52.60
18496.91,-14.64,-18.66,-15.40,-17.24,-13.87,15.31,-52.47
18746.77,-14.61,-18.58,-15.29,-16.98,-14.04,15.09,-52.37
19000.00,-14.58,-18.51,-15.22,-16.80,-14.16,14.94,-52.29
# M0_Q100
20.00,-36.11,8.79,-4.34,-7.06,-3.97,42.67,12.03
20.27,-36.11,8.79,-4.34,-7.06,-3.97,42.67,12.03
20.54,-36.11,8.79,-4.34,-7.06,-3.97,42.67,12.03
20.82,-36.11,8.79,-4.34,-7.06,-3.97,42.67,12.03
21.10,-36.11,8.79,-4.34,-7.06,-3.97,42.67,12.03
21.39,-36.11,8.79,-4.34,-7.06,-3.97,42.67,12.03
21.68,-36.11,8.79,-4.34,-7.06,-3.97,42.67,12.03
21.97,-36.11,8.79,-4.34,-7.06,-3.97,42.67,12.03
22.27,-36.11,8.79,-4.34,-7.06,-3.97,42.67,12.03
22.57,-36.11,8.79,-4.34,-7.06,-3.97,42.67,12.03
22.87,-36.11,8.79,-4.34,-7.06,-3.97,42.67,12.03
23.18,-36.11,8.79,-4.34,-7.06,-3.97,42.67,12.03
23.49,-36.11,8.79,-4.34,-7.06,-3.97,42.68,12.03
23.81,-36.11,8.79,-4.34,-7.06,-3.97,42.68,12.03
24.13,-36.11,8.79,-4.34,-7.06,-3.97,42.68,12.03
24.46,-36.11,8.79,-4.34,-7.06,-3.97,42.68,12.03
24.79,-36.11,8.79,-4.34,-7.06,-3.97,42.68,12.03
25.12,-36.11,8.79,-4.34,-7.06,-3.97,42.68,12.03
25.46,-36.11,8.79,-4.34,-7.06,-3.97,42.68,12.03
25.81,-36.11,8.79,-4.34,-7.06,-3.97,42.68,12.03
26.16,-36.11,8.79,-4.34,-7.06,-3.97,42.68,12.03
26.51,-36.11,8.79,-4.34,-7.06,-3.97,42.68,12.03
26.87,-36.11,8.79,-4.34,-7.06,-3.97,42.68,12.03
27.23,-36.11,8.79,-4.34,-7.06,-3.97,42.68,12.03
27.60,-36.11,8.79,-4.34,-7.06,-3.97,42.68,12.03
27.97,-36.11,8.79,-4.34,-7.06,-3.97,42.68,12.03
28.35,-36.11,8.79,-4.34,-7.06,-3.97,42.68,12.03
28.73,-36.11,8.79,-4.34,-7.06,-3.97,42.68,12.03
29.12,-36.11,8.79,-4.34,-7.06,-3.97,42.68,12.03
29.51,-36.11,8.80,-4.34,-7.06,-3.97,42.68,12.03
29.91,-36.11,8.80,-4.34,-7.06,-3.97,42.68,12.03
30.32,-36.11,8.80,-4.34,-7.06,-3.97,42.68,12.03
30.73,-36.11,8.80,-4.34,-7.06,-3.97,42.68,12.03
31.14,-36.11,8.80,-4.34,-7.06,-3.97,42.68,12.03
31.56,-36.11,8.80,-4.34,-7.06,-3.97,42.68,12.03
31.99,-36.11,8.80,-4.34,-7.06,-3.97,42.68,12.03
32.42,-36.11,8.80,-4.34,-7.06,-3.97,42.68,12.03
32.86,-36.11,8.80,-4.34,-7.06,-3.97,42.68,12.03
33.30,-36.11,8.80,-4.34,-7.06,-3.97,42.68,12.03
33.75,-36.11,8.80,-4.34,-7.06,-3.97,42.68,12.03
34.21,-36.11,8.80,-4.34,-7.06,-3.97,42.68,12.03
34.67,-36.11,8.80,-4.34,-7.06,-3.97,42.68,12.03
35.14,-36.11,8.80,-4.34,-7.06,-3.97,42.68,12.03
35.61,-36.12,8.80,-4.34,-7.06,-3.97,42.68,12.04
36.09,-36.12,8.80,-4.34,-7.06,-3.97,42.68,12.04
36.58,-36.12,8.80,-4.34,-7.06,-3.97,42.68,12.04
37.08,-36.12,8.80,-4.34,-7.06,-3.97,42.68,12.04
37.58,-36.12,8.80,-4.34,-7.06,-3.97,42.68,12.04
38.08,-36.12,8.80,-4.34,-7.06,-3.97,42.68,12.04
38.60,-36.12,8.80,-4.34,-7.06,-3.97,42.69,12.04
39.12,-36.12,8.80,-4.34,-7.06,-3.97,42.69,12.04
39.65,-36.12,8.80,-4.34,-7.06,-3.97,42.69,12.04
40.18,-36.12,8.80,-4.34,-7.06,-3.97,42.69,12.04
40.73,-36.12,8.80,-4.34,-7.06,-3.97,42.69,12.04
41.28,-36.12,8.80,-4.34,-7.06,-3.97,42.69,12.04
41.83,-36.12,8.80,-4.34,-7.06,-3.97,42.69,12.04
42.40,-36.12,8.80,-4.34,-7.06,-3.97,42.69,12.04
42.97,-36.12,8.80,-4.34,-7.06,-3.97,42.69,12.04
43.55,-36.12,8.81,-4.34,-7.06,-3.97,42.69,12.04
44.14,-36.12,8.81,-4.34,-7.06,-3.97,42.69,12.04
44.74,-36.12,8.81,-4.34,-7.06,-3.97,42.69,12.04
45.34,-36.12,8.81,-4.34,-7.06,-3.97,42.69,12.04
45.95,-36.12,8.81,-4.34,-7.06,-3.97,42.69,12.04
46.57,-36.12,8.81,-4.34,-7.06,-3.97,42.69,12.04
47.20,-36.13,8.81,-4.34,-7.06,-3.97,42.69,12.04
47.84,-36.13,8.81,-4.34,-7.06,-3.97,42.69,12.05
48.49,-36.13,8.81,-4.34,-7.06,-3.97,42.69,12.05
49.14,-36.13,8.81,-4.34,-7.06,-3.97,42.70,12.05
49.81,-36.13,8.81,-4.34,-7.06,-3.97,42.70,12.05
50.48,-36.13,8.81,-4.34,-7.07,-3.97,42.70,12.05
51.16,-36.13,8.81,-4.34,-7.07,-3.97,42.70,12.05
51.85,-36.13,8.81,-4.34,-7.07,-3.97,42.70,12.05
52.55,-36.13,8.81,-4.34,-7.07,-3.97,42.70,12.05
53.26,-36.13,8.81,-4.34,-7.07,-3.97,42.70,12.05
53.98,-36.13,8.81,-4.34,-7.07,-3.97,42.70,12.05
54.71,-36.13,8.82,-4.34,-7.07,-3.97,42.70,12.05
55.45,-36.13,8.82,-4.34,-7.07,-3.97,42.70,12.05
56.20,-36.14,8.82,-4.34,-7.07,-3.97,42.70,12.05
56.96,-36.14,8.82,-4.34,-7.07,-3.97,42.70,12.05
57.73,-36.14,8.82,-4.34,-7.07,-3.97,42.71,12.06
58.51,-36.14,8.82,-4.34,-7.07,-3.97,42.71,12.06
59.30,-36.14,8.82,-4.34,-7.07,-3.97,42.71,12.06
60.10,-36.14,8.82,-4.34,-7.07,-3.97,42.71,12.06
60.91,-36.14,8.82,-4.34,-7.07,-3.97,42.71,12.06
61.73,-36.14,8.82,-4.34,-7.07,-3.97,42.71,12.06
62.57,-36.14,8.82,-4.34,-7.07,-3.97,42.71,12.06
63.41,-36.14,8.83,-4.34,-7.07,-3.97,42.71,12.06
64.27,-36.15,8.83,-4.34,-7.07,-3.97,42.71,12.06
65.14,-36.15,8.83,-4.34,-7.07,-3.97,42.72,12.06
66.02,-36.15,8.83,-4.34,-7.07,-3.97,42.72,12.07
66.91,-36.15,8.83,-4.34,-7.07,-3.97,42.72,12.07
67.81,-36.15,8.83,-4.34,-7.07,-3.97,42.72,12.07
68.73,-36.15,8.83,-4.34,-7.07,-3.97,42.72,12.07
69.66,-36.15,8.83,-4.34,-7.07,-3.97,42.72,12.07
70.60,-36.15,8.83,-4.34,-7.07,-3.97,42.72,12.07
71.55,-36.16,8.84,-4.34,-7.07,-3.97,42.73,12.07
72.52,-36.16,8.84,-4.34,-7.07,-3.97,42.73,12.07
73.50,-36.16,8.84,-4.34,-7.07,-3.97,42.73,12.08
74.49,-36.16,8.84,-4.34,-7.07,-3.97,42.73,12.08
75.50,-36.16,8.84,-4.34,-7.07,-3.97,42.73,12.08
76.52,-36.16,8.84,-4.34,-7.07,-3.97,42.73,12.08
77.55,-36.17,8.84,-4.34,-7.07,-3.97,42.73,12.08
78.60,-36.17,8.85,-4.34,-7.07,-3.97,42.74,12.08
79.66,-36.17,8.85,-4.34,-7.07,-3.97,42.74,12.09
80.74,-36.17,8.85,-4.34,-7.07,-3.97,42.74,12.09
81.83,-36.17,8.85,-4.34,-7.07,-3.97,42.74,12.09
82.93,-36.17,8.85,-4.34,-7.07,-3.97,42.74,12.09
84.05,-36.18,8.85,-4.34,-7.07,-3.97,42.75,12.09
85.19,-36.18,8.86,-4.34,-7.07,-3.97,42.75,12.09
86.34,-36.18,8.86,-4.34,-7.07,-3.97,42.75,12.10
87.50,-36.18,8.86,-4.34,-7.07,-3.97,42.75,12.10
88.69,-36.19,8.86,-4.34,-7.07,-3.97,42.76,12.10
89.88,-36.19,8.86,-4.34,-7.07,-3.97,42.76,12.10
91.10,-36.19,8.87,-4.34,-7.07,-3.97,42.76,12.10
92.33,-36.19,8.87,-4.34,-7.07,-3.97,42.76,12.11
93.58,-36.19,8.87,-4.34,-7.07,-3.97,42.77,12.11
94.84,-36.20,8.87,-4.34,-7.07,-3.97,42.77,12.11
96.12,-36.20,8.88,-4.34,-7.07,-3.97,42.77,12.11
97.42,-36.20,8.88,-4.34,-7.07,-3.97,42.77,12.12
98.74,-36.21,8.88,-4.34,-7.07,-3.97,42.78,12.12
100.07,-36.21,8.88,-4.34,-7.07,-3.97,42.78,12.12
101.42,-36.21,8.89,-4.34,-7.07,-3.97,42.78,12.12
102.79,-36.21,8.89,-4.34,-7.07,-3.97,42.78,12.13
104.18,-36.22,8.89,-4.34,-7.07,-3.97,42.79,12.13
105.59,-36.22,8.89,-4.34,-7.07,-3.97,42.79,12.13
107.01,-36.22,8.90,-4.34,-7.07,-3.97,42.79,12.14
108.46,-36.23,8.90,-4.34,-7.07,-3.97,42.80,12.14
109.92,-36.23,8.90,-4.34,-7.07,-3.97,42.80,12.14
111.41,-36.23,8.91,-4.34,-7.07,-3.97,42.81,12.15
112.91,-36.24,8.91,-4.34,-7.07,-3.97,42.81,12.15
114.44,-36.24,8.91,-4.34,-7.07,-3.97,42.81,12.15
115.98,-36.24,8.92,-4.34,-7.07,-3.97,42.82,12.16
117.55,-36.25,8.92,-4.34,-7.07,-3.97,42.82,12.16
119.14,-36.25,8.92,-4.34,-7.07,-3.97,42.83,12.16
120.75,-36.26,8.93,-4.34,-7.07,-3.97,42.83,12.17
122.38,-36.26,8.93,-4.34,-7.07,-3.97,42.83,12.17
124.03,-36.27,8.94,-4.34,-7.07,-3.97,42.84,12.17
125.71,-36.27,8.94,-4.34,-7.07,-3.97,42.84,12.18
127.41,-36.27,8.94,-4.34,-7.07,-3.97,42.85,12.18
129.13,-36.28,8.95,-4.34,-7.07,-3.97,42.85,12.19
130.87,-36.28,8.95,-4.34,-7.07,-3.97,42.86,12.19
132.64,-36.29,8.96,-4.34,-7.07,-3.97,42.86,12.20
134.43,-36.29,8.96,-4.34,-7.07,-3.97,42.87,12.20
136.25,-36.30,8.97,-4.34,-7.07,-3.97,42.87,12.21
138.09,-36.31,8.97,-4.34,-7.07,-3.97,42.88,12.21
139.95,-36.31,8.98,-4.34,-7.07,-3.97,42.88,12.22
141.84,-36.32,8.98,-4.34,-7.07,-3.97,42.89,12.22
143.76,-36.32,8.99,-4.34,-7.07,-3.97,42.90,12.23
145.70,-36.33,8.99,-4.34,-7.07,-3.97,42.90,12.23
147.67,-36.33,9.00,-4.34,-7.07,-3.97,42.91,12.24
149.66,-36.34,9.00,-4.34,-7.07,-3.97,42.92,12.24
151.69,-36.35,9.01,-4.34,-7.07,-3.97,42.92,12.25
153.73,-36.35,9.02,-4.34,-7.07,-3.97,42.93,12.26
155.81,-36.36,9.02,-4.34,-7.07,-3.97,42.94,12.26
157.92,-36.37,9.03,-4.34,-7.07,-3.97,42.94,12.27
160.05,-36.38,9.04,-4.34,-7.07,-3.97,42.95,12.28
162.21,-36.38,9.04,-4.34,-7.07,-3.97,42.96,12.28
164.40,-36.39,9.05,-4.34,-7.07,-3.97,42.97,12.29
166.62,-36.40,9.06,-4.34,-7.07,-3.97,42.98,12.30
168.87,-36.41,9.07,-4.34,-7.07,-3.97,42.98,12.31
171.16,-36.42,9.07,-4.34,-7.07,-3.97,42.99,12.31
173.47,-36.42,9.08,-4.34,-7.07,-3.97,43.00,12.32
175.81,-36.43,9.09,-4.34,-7.07,-3.97,43.01,12.33
178.19,-36.44,9.10,-4.34,-7.07,-3.97,43.02,12.34
180.59,-36.45,9.11,-4.34,-7.07,-3.97,43.03,12.35
183.03,-36.46,9.11,-4.34,-7.07,-3.97,43.04,12.36
185.50,-36.47,9.12,-4.34,-7.07,-3.97,43.05,12.37
188.01,-36.48,9.13,-4.34,-7.07,-3.97,43.06,12.38
190.55,-36.49,9.14,-4.34,-7.07,-3.97,43.07,12.39
193.12,-36.50,9.15,-4.34,-7.07,-3.97,43.08,12.40
195.73,-36.51,9.16,-4.34,-7.07,-3.97,43.09,12.41
198.38,-36.53,9.17,-4.34,-7.07,-3.97,43.11,12.42
201.06,-36.54,9.18,-4.34,-7.07,-3.97,43.12,12.43
203.77,-36.55,9.20,-4.34,-7.07,-3.97,43.13,12.44
206.52,-36.56,9.21,-4.34,-7.07,-3.97,43.14,12.45
209.31,-36.57,9.22,-4.34,-7.07,-3.97,43.16,12.46
212.14,-36.59,9.23,-4.34,-7.07,-3.97,43.17,12.47
215.01,-36.60,9.24,-4.34,-7.07,-3.97,43.18,12.49
217.91,-36.62,9.26,-4.34,-7.07,-3.97,43.20,12.50
220.86,-36.63,9.27,-4.34,-7.07,-3.97,43.21,12.51
223.84,-36.64,9.28,-4.34,-7.07,-3.97,43.23,12.53
226.86,-36.66,9.30,-4.34,-7.07,-3.97,43.24,12.54
229.93,-36.68,9.31,-4.34,-7.07,-3.97,43.26,12.56
233.03,-36.69,9.32,-4.34,-7.07,-3.97,43.28,12.57
236.18,-36.71,9.34,-4.34,-7.07,-3.97,43.29,12.59
239.37,-36.72,9.36,-4.34,-7.07,-3.97,43.31,12.60
242.60,-36.74,9.37,-4.34,-7.07,-3.97,43.33,12.62
245.88,-36.76,9.39,-4.34,-7.07,-3.97,43.35,12.63
249.20,-36.78,9.40,-4.34,-7.07,-3.97,43.37,12.65
252.57,-36.80,9.42,-4.34,-7.07,-3.97,43.39,12.67
255.98,-36.82,9.44,-4.34,-7.07,-3.97,43.41,12.69
259.44,-36.84,9.46,-4.34,-7.07,-3.97,43.43,12.71
262.94,-36.86,9.48,-4.34,-7.07,-3.97,43.45,12.73
266.49,-36.88,9.50,-4.34,-7.07,-3.97,43.47,12.75
270.09,-36.90,9.52,-4.34,-7.07,-3.97,43.49,12.77
273.74,-36.92,9.54,-4.34,-7.07,-3.97,43.52,12.79
277.44,-36.95,9.56,-4.34,-7.07,-3.97,43.54,12.81
281.19,-36.97,9.58,-4.34,-7.07,-3.97,43.56,12.83
284.99,-36.99,9.60,-4.34,-7.07,-3.97,43.59,12.85
288.84,-37.02,9.63,-4.34,-7.07,-3.97,43.61,12.88
292.74,-37.05,9.65,-4.34,-7.07,-3.97,43.64,12.90
296.69,-37.07,9.67,-4.34,-7.07,-3.97,43.67,12.93
300.70,-37.10,9.70,-4.34,-7.07,-3.97,43.70,12.95
304.76,-37.13,9.73,-4.34,-7.07,-3.97,43.73,12.98
308.88,-37.16,9.75,-4.34,-7.07,-3.97,43.76,13.01
313.05,-37.19,9.78,-4.34,-7.08,-3.97,43.79,13.03
317.28,-37.22,9.81,-4.34,-7.08,-3.97,43.82,13.06
321.57,-37.25,9.84,-4.34,-7.08,-3.97,43.85,13.09
325.91,-37.28,9.87,-4.34,-7.08,-3.97,43.89,13.12
330.31,-37.32,9.90,-4.34,-7.08,-3.97,43.92,13.15
334.77,-37.35,9.93,-4.34,-7.08,-3.97,43.96,13.19
339.30,-37.39,9.96,-4.35,-7.08,-3.97,43.99,13.22
343.88,-37.43,10.00,-4.35,-7.08,-3.97,44.03,13.25
348.52,-37.46,10.03,-4.35,-7.08,-3.97,44.07,13.29
353.23,-37.50,10.07,-4.35,-7.08,-3.97,44.11,13.32
358.00,-37.54,10.11,-4.35,-7.08,-3.97,44.15,13.36
362.84,-37.59,10.14,-4.35,-7.08,-3.97,44.19,13.40
367.74,-37.63,10.18,-4.35,-7.08,-3.97,44.24,13.44
372.71,-37.67,10.22,-4.35,-7.08,-3.97,44.28,13.48
377.74,-37.72,10.26,-4.35,-7.08,-3.97,44.33,13.52
382.85,-37.77,10.31,-4.35,-7.08,-3.97,44.38,13.57
388.02,-37.81,10.35,-4.35,-7.08,-3.97,44.43,13.61
393.26,-37.86,10.40,-4.35,-7.08,-3.97,44.48,13.66
398.57,-37.92,10.44,-4.35,-7.08,-3.97,44.53,13.70
403.96,-37.97,10.49,-4.35,-7.08,-3.97,44.58,13.75
409.41,-38.02,10.54,-4.35,-7.08,-3.97,44.64,13.80
414.94,-38.08,10.59,-4.35,-7.08,-3.97,44.70,13.85
420.55,-38.14,10.64,-4.35,-7.08,-3.97,44.76,13.90
426.23,-38.20,10.70,-4.35,-7.08,-3.97,44.82,13.96
431.99,-38.26,10.75,-4.35,-7.08,-3.97,44.88,14.01
437.82,-38.32,10.81,-4.35,-7.09,-3.97,44.95,14.07
443.74,-38.39,10.87,-4.35,-7.09,-3.97,45.01,14.13
449.73,-38.46,10.93,-4.35,-7.09,-3.97,45.08,14.19
455.80,-38.53,10.99,-4.35,-7.09,-3.97,45.15,14.25
461.96,-38.60,11.05,-4.35,-7.09,-3.97,45.22,14.31
468.20,-38.68,11.12,-4.35,-7.09,-3.97,45.30,14.38
474.53,-38.75,11.19,-4.35,-7.09,-3.97,45.38,14.44
480.94,-38.83,11.25,-4.35,-7.09,-3.97,45.46,14.51
487.43,-38.91,11.32,-4.35,-7.09,-3.97,45.54,14.58
494.02,-39.00,11.40,-4.35,-7.09,-3.97,45.62,14.65
500.69,-39.09,11.47,-4.35,-7.09,-3.97,45.71,14.72
507.45,-39.18,11.54,-4.35,-7.09,-3.97,45.80,14.80
514.31,-39.27,11.62,-4.35,-7.09,-3.97,45.89,14.87
521.26,-39.37,11.70,-4.35,-7.09,-3.97,45.99,14.95
528.30,-39.46,11.78,-4.35,-7.09,-3.97,46.09,15.02
535.43,-39.57,11.86,-4.36,-7.10,-3.97,46.19,15.10
542.67,-39.67,11.94,-4.36,-7.10,-3.97,46.29,15.18
550.00,-39.78,12.02,-4.36,-7.10,-3.97,46.40,15.26
557.43,-39.89,12.10,-4.36,-7.10,-3.97,46.51,15.33
564.96,-40.01,12.18,-4.36,-7.10,-3.97,46.62,15.41
572.59,-40.13,12.27,-4.36,-7.10,-3.97,46.73,15.49
580.32,-40.25,12.35,-4.36,-7.10,-3.97,46.85,15.56
588.16,-40.37,12.43,-4.36,-7.10,-3.97,46.97,15.64
596.11,-40.50,12.51,-4.36,-7.10,-3.97,47.09,15.71
604.16,-40.64,12.58,-4.36,-7.10,-3.97,47.22,15.77
612.32,-40.77,12.66,-4.36,-7.11,-3.97,47.35,15.84
620.59,-40.91,12.72,-4.36,-7.11,-3.97,47.48,15.89
628.97,-41.06,12.79,-4.36,-7.11,-3.97,47.61,15.95
637.47,-41.20,12.85,-4.36,-7.11,-3.97,47.74,15.99
646.08,-41.35,12.90,-4.36,-7.11,-3.97,47.87,16.02
654.81,-41.50,12.94,-4.36,-7.11,-3.97,48.01,16.05
663.65,-41.66,12.97,-4.36,-7.11,-3.97,48.14,16.06
672.62,-41.81,13.00,-4.37,-7.11,-3.97,48.27,16.05
681.70,-41.97,13.00,-4.37,-7.12,-3.97,48.40,16.03
690.91,-42.12,13.00,-4.37,-7.12,-3.97,48.53,16.00
700.25,-42.28,12.97,-4.37,-7.12,-3.97,48.65,15.94
709.71,-42.43,12.93,-4.37,-7.12,-3.97,48.77,15.86
719.29,-42.59,12.87,-4.37,-7.12,-3.96,48.88,15.75
729.01,-42.73,12.79,-4.37,-7.12,-3.96,48.98,15.62
738.86,-42.87,12.68,-4.37,-7.12,-3.96,49.08,15.47
748.84,-43.00,12.56,-4.37,-7.13,-3.96,49.15,15.28
758.95,-43.13,12.40,-4.37,-7.13,-3.96,49.22,15.07
769.20,-43.23,12.23,-4.38,-7.13,-3.96,49.27,14.83
779.59,-43.33,12.02,-4.38,-7.13,-3.96,49.29,14.56
790.13,-43.40,11.80,-4.38,-7.13,-3.96,49.30,14.26
800.80,-43.45,11.55,-4.38,-7.13,-3.96,49.29,13.94
811.62,-43.48,11.27,-4.38,-7.14,-3.96,49.24,13.59
822.58,-43.48,10.98,-4.38,-7.14,-3.96,49.18,13.23
833.69,-43.46,10.66,-4.38,-7.14,-3.96,49.08,12.84
844.95,-43.40,10.32,-4.38,-7.14,-3.96,48.96,12.44
856.37,-43.31,9.97,-4.39,-7.14,-3.96,48.82,12.02
867.93,-43.19,9.60,-4.39,-7.15,-3.96,48.64,11.60
879.66,-43.03,9.21,-4.39,-7.15,-3.96,48.44,11.16
891.54,-42.84,8.81,-4.39,-7.15,-3.96,48.22,10.72
903.58,-42.62,8.40,-4.39,-7.15,-3.96,47.97,10.28
915.79,-42.38,7.97,-4.39,-7.16,-3.96,47.70,9.83
928.16,-42.11,7.54,-4.40,-7.16,-3.96,47.42,9.38
940.70,-41.81,7.10,-4.40,-7.16,-3.96,47.12,8.92
953.40,-41.49,6.65,-4.40,-7.16,-3.96,46.80,8.47
966.28,-41.16,6.19,-4.40,-7.17,-3.96,46.47,8.01
979.34,-40.81,5.72,-4.41,-7.17,-3.96,46.13,7.55
992.57,-40.45,5.25,-4.41,-7.17,-3.96,45.78,7.09
1005.97,-40.08,4.78,-4.41,-7.18,-3.96,45.43,6.62
1019.56,-39.70,4.30,-4.41,-7.18,-3.96,45.07,6.15
1033.33,-39.32,3.81,-4.42,-7.18,-3.96,44.71,5.68
1047.29,-38.93,3.32,-4.42,-7.19,-3.96,44.34,5.20
1061.44,-38.54,2.82,-4.42,-7.19,-3.96,43.98,4.72
1075.78,-38.15,2.32,-4.42,-7.19,-3.96,43.61,4.24
1090.31,-37.76,1.81,-4.43,-7.20,-3.96,43.24,3.74
1105.04,-37.37,1.29,-4.43,-7.20,-3.96,42.87,3.25
1119.96,-36.98,0.77,-4.43,-7.20,-3.96,42.50,2.74
1135.09,-36.59,0.25,-4.44,-7.21,-3.96,42.14,2.23
1150.43,-36.21,-0.29,-4.44,-7.21,-3.96,41.77,1.71
1165.97,-35.82,-0.82,-4.45,-7.22,-3.96,41.41,1.19
1181.72,-35.44,-1.37,-4.45,-7.22,-3.96,41.05,0.65
1197.68,-35.07,-1.93,-4.45,-7.23,-3.96,40.70,0.11
1213.86,-34.69,-2.49,-4.46,-7.23,-3.96,40.34,-0.45
1230.25,-34.32,-3.07,-4.46,-7.23,-3.96,39.99,-1.01
1246.87,-33.95,-3.65,-4.47,-7.24,-3.96,39.64,-1.59
1263.72,-33.59,-4.24,-4.48,-7.24,-3.96,39.29,-2.17
1280.79,-33.23,-4.85,-4.48,-7.25,-3.96,38.95,-2.78
1298.09,-32.87,-5.47,-4.49,-7.26,-3.96,38.61,-3.39
1315.62,-32.52,-6.10,-4.49,-7.26,-3.95,38.27,-4.02
1333.39,-32.17,-6.74,-4.50,-7.27,-3.95,37.94,-4.66
1351.41,-31.83,-7.40,-4.51,-7.27,-3.95,37.60,-5.32
1369.66,-31.48,-8.08,-4.52,-7.28,-3.95,37.27,-5.99
1388.16,-31.14,-8.76,-4.53,-7.28,-3.95,36.95,-6.68
1406.91,-30.81,-9.47,-4.53,-7.29,-3.95,36.62,-7.38
1425.92,-30.47,-10.18,-4.54,-7.30,-3.95,36.30,-8.10
1445.18,-30.14,-10.90,-4.55,-7.30,-3.95,35.98,-8.83
1464.70,-29.81,-11.62,-4.57,-7.31,-3.95,35.66,-9.56
1484.49,-29.49,-12.35,-4.58,-7.32,-3.95,35.35,-10.29
1504.54,-29.17,-13.05,-4.59,-7.33,-3.95,35.04,-11.01
1524.86,-28.85,-13.73,-4.60,-7.33,-3.95,34.73,-11.70
1545.46,-28.53,-14.37,-4.62,-7.34,-3.95,34.42,-12.34
1566.34,-28.21,-14.93,-4.63,-7.35,-3.95,34.11,-12.92
1587.50,-27.90,-15.40,-4.65,-7.36,-3.95,33.81,-13.41
1608.94,-27.59,-15.75,-4.67,-7.37,-3.95,33.51,-13.78
1630.67,-27.28,-15.97,-4.69,-7.38,-3.95,33.20,-14.02
1652.70,-26.98,-16.06,-4.71,-7.39,-3.95,32.91,-14.13
1675.03,-26.67,-16.02,-4.74,-7.40,-3.95,32.61,-14.12
1697.65,-26.37,-15.86,-4.76,-7.41,-3.94,32.31,-13.99
1720.59,-26.07,-15.62,-4.79,-7.42,-3.94,32.02,-13.78
1743.83,-25.77,-15.31,-4.83,-7.43,-3.94,31.73,-13.51
1767.38,-25.48,-14.96,-4.86,-7.44,-3.94,31.44,-13.19
1791.26,-25.18,-14.58,-4.90,-7.45,-3.94,31.15,-12.86
1815.45,-24.89,-14.19,-4.94,-7.46,-3.94,30.86,-12.52
1839.98,-24.60,-13.80,-4.99,-7.47,-3.94,30.58,-12.19
1864.83,-24.31,-13.42,-5.05,-7.49,-3.94,30.29,-11.87
1890.02,-24.02,-13.04,-5.11,-7.50,-3.94,30.01,-11.56
1915.55,-23.74,-12.68,-5.18,-7.51,-3.94,29.73,-11.28
1941.43,-23.45,-12.33,-5.26,-7.53,-3.94,29.45,-11.02
1967.65,-23.17,-12.00,-5.35,-7.54,-3.93,29.17,-10.78
1994.23,-22.88,-11.69,-5.45,-7.56,-3.93,28.89,-10.58
2021.17,-22.60,-11.38,-5.57,-7.57,-3.93,28.61,-10.41
2048.47,-22.32,-11.10,-5.70,-7.59,-3.93,28.34,-10.26
2076.15,-22.04,-10.83,-5.85,-7.61,-3.93,28.06,-10.16
2104.19,-21.77,-10.57,-6.03,-7.62,-3.93,27.79,-10.09
2132.61,-21.49,-10.32,-6.22,-7.64,-3.93,27.51,-10.05
2161.42,-21.21,-10.09,-6.45,-7.66,-3.93,27.24,-10.05
2190.62,-20.94,-9.87,-6.69,-7.68,-3.93,26.97,-10.09
2220.21,-20.67,-9.66,-6.96,-7.70,-3.92,26.70,-10.16
2250.20,-20.39,-9.46,-7.23,-7.72,-3.92,26.43,-10.25
2280.60,-20.12,-9.26,-7.49,-7.74,-3.92,26.16,-10.34
2311.40,-19.85,-9.08,-7.71,-7.76,-3.92,25.89,-10.40
2342.63,-19.58,-8.91,-7.85,-7.79,-3.92,25.62,-10.39
2374.27,-19.31,-8.74,-7.89,-7.81,-3.92,25.36,-10.28
2406.34,-19.04,-8.58,-7.80,-7.84,-3.91,25.09,-10.05
2438.85,-18.78,-8.43,-7.60,-7.86,-3.91,24.82,-9.72
2471.79,-18.51,-8.29,-7.31,-7.89,-3.91,24.56,-9.31
2505.18,-18.24,-8.15,-6.98,-7.92,-3.91,24.29,-8.87
2539.02,-17.98,-8.02,-6.64,-7.95,-3.91,24.03,-8.43
2573.32,-17.71,-7.89,-6.32,-7.98,-3.90,23.77,-8.01
2608.08,-17.45,-7.77,-6.03,-8.01,-3.90,23.50,-7.62
2643.31,-17.19,-7.66,-5.77,-8.05,-3.90,23.24,-7.28
2679.02,-16.92,-7.54,-5.55,-8.08,-3.90,22.98,-6.98
2715.21,-16.66,-7.44,-5.36,-8.12,-3.90,22.72,-6.72
2751.88,-16.40,-7.33,-5.20,-8.16,-3.89,22.45,-6.49
2789.06,-16.14,-7.24,-5.07,-8.20,-3.89,22.19,-6.30
2826.73,-15.88,-7.14,-4.95,-8.25,-3.89,21.93,-6.13
2864.91,-15.62,-7.05,-4.85,-8.29,-3.88,21.67,-5.98
2903.61,-15.36,-6.96,-4.77,-8.34,-3.88,21.41,-5.86
2942.84,-15.10,-6.88,-4.70,-8.39,-3.88,21.15,-5.75
2982.59,-14.84,-6.80,-4.64,-8.44,-3.87,20.89,-5.66
3022.88,-14.58,-6.72,-4.59,-8.49,-3.87,20.63,-5.58
3063.71,-14.33,-6.64,-4.55,-8.55,-3.87,20.37,-5.52
3105.10,-14.07,-6.57,-4.51,-8.61,-3.86,20.11,-5.47
3147.04,-13.81,-6.50,-4.47,-8.68,-3.86,19.85,-5.43
3189.55,-13.56,-6.43,-4.44,-8.75,-3.85,19.60,-5.40
3232.64,-13.30,-6.37,-4.42,-8.82,-3.85,19.34,-5.38
3276.30,-13.05,-6.31,-4.40,-8.90,-3.85,19.08,-5.37
3320.56,-12.79,-6.25,-4.38,-8.98,-3.84,18.82,-5.37
3365.42,-12.54,-6.19,-4.36,-9.06,-3.84,18.56,-5.38
3410.88,-12.28,-6.13,-4.34,-9.16,-3.83,18.30,-5.40
3456.95,-12.03,-6.08,-4.33,-9.25,-3.82,18.04,-5.43
3503.65,-11.78,-6.03,-4.32,-9.36,-3.82,17.79,-5.47
3550.98,-11.53,-5.98,-4.31,-9.47,-3.81,17.53,-5.52
3598.94,-11.27,-5.93,-4.30,-9.59,-3.80,17.27,-5.58
3647.56,-11.02,-5.88,-4.29,-9.72,-3.80,17.01,-5.66
3696.83,-10.77,-5.83,-4.28,-9.86,-3.79,16.75,-5.74
3746.77,-10.52,-5.79,-4.27,-10.01,-3.78,16.49,-5.84
3797.38,-10.27,-5.75,-4.27,-10.17,-3.77,16.23,-5.96
3848.67,-10.02,-5.70,-4.26,-10.35,-3.76,15.97,-6.09
3900.66,-9.78,-5.66,-4.26,-10.55,-3.75,15.72,-6.24
3953.35,-9.53,-5.63,-4.25,-10.76,-3.74,15.46,-6.41
4006.76,-9.28,-5.59,-4.25,-10.99,-3.73,15.20,-6.60
4060.88,-9.03,-5.55,-4.24,-11.25,-3.71,14.94,-6.82
4115.73,-8.79,-5.52,-4.24,-11.54,-3.70,14.68,-7.07
4171.33,-8.54,-5.48,-4.24,-11.86,-3.69,14.42,-7.35
4227.68,-8.30,-5.45,-4.23,-12.22,-3.67,14.15,-7.67
4284.79,-8.06,-5.42,-4.23,-12.63,-3.65,13.89,-8.05
4342.67,-7.81,-5.39,-4.23,-13.09,-3.63,13.63,-8.48
4401.33,-7.57,-5.36,-4.23,-13.63,-3.61,13.37,-8.98
4460.78,-7.33,-5.33,-4.22,-14.26,-3.59,13.11,-9.58
4521.04,-7.09,-5.30,-4.22,-15.01,-3.56,12.85,-10.30
4582.11,-6.85,-5.27,-4.22,-15.92,-3.53,12.58,-11.17
4644.00,-6.62,-5.25,-4.22,-17.04,-3.50,12.32,-12.25
4706.74,-6.38,-5.22,-4.22,-18.46,-3.46,12.06,-13.64
4770.32,-6.14,-5.20,-4.21,-20.33,-3.42,11.79,-15.48
4834.75,-5.91,-5.17,-4.21,-22.86,-3.38,11.53,-17.96
4900.06,-5.68,-5.15,-4.21,-25.91,-3.33,11.26,-20.98
4966.25,-5.45,-5.13,-4.21,-26.50,-3.27,10.99,-21.53
5033.34,-5.22,-5.10,-4.21,-22.62,-3.22,10.73,-17.61
5101.33,-4.99,-5.08,-4.21,-18.47,-3.16,10.46,-13.41
5170.24,-4.77,-5.06,-4.21,-15.01,-3.11,10.19,-9.92
5240.08,-4.54,-5.04,-4.21,-12.03,-3.10,9.92,-6.96
5310.86,-4.32,-5.02,-4.21,-9.36,-3.21,9.65,-4.43
5382.60,-4.10,-5.00,-4.21,-6.87,-3.65,9.38,-2.41
5455.31,-3.88,-4.98,-4.20,-4.45,-5.00,9.11,-1.37
5529.00,-3.67,-4.97,-4.20,-2.05,-8.18,8.84,-2.19
5603.69,-3.46,-4.95,-4.20,0.40,-11.84,8.57,-3.44
5679.38,-3.25,-4.93,-4.20,2.91,-10.85,8.29,0.02
5756.10,-3.04,-4.92,-4.20,5.42,-8.84,8.02,4.48
5833.86,-2.83,-4.90,-4.20,7.65,-7.56,7.74,7.94
5912.66,-2.63,-4.89,-4.20,8.98,-6.76,7.46,10.00
5992.53,-2.43,-4.87,-4.20,8.99,-6.24,7.18,10.47
6073.48,-2.24,-4.86,-4.20,8.11,-5.89,6.91,9.88
6155.52,-2.05,-4.84,-4.20,6.96,-5.62,6.62,8.91
6238.67,-1.86,-4.83,-4.20,5.85,-5.43,6.34,7.93
6322.94,-1.67,-4.82,-4.20,4.88,-5.27,6.06,7.02
6408.35,-1.49,-4.80,-4.20,4.04,-5.15,5.78,6.21
6494.92,-1.31,-4.79,-4.20,3.32,-5.05,5.49,5.50
6582.65,-1.14,-4.78,-4.20,2.70,-4.97,5.20,4.86
6671.57,-0.97,-4.77,-4.20,2.17,-4.90,4.91,4.29
6761.69,-0.80,-4.75,-4.20,1.70,-4.84,4.62,3.77
6853.03,-0.64,-4.74,-4.20,1.29,-4.79,4.33,3.29
6945.60,-0.48,-4.73,-4.20,0.93,-4.75,4.04,2.85
7039.43,-0.33,-4.72,-4.20,0.60,-4.71,3.74,2.43
7134.52,-0.18,-4.71,-4.20,0.31,-4.67,3.44,2.04
7230.89,-0.03,-4.70,-4.20,0.05,-4.64,3.15,1.66
7328.57,0.11,-4.69,-4.20,-0.19,-4.61,2.84,1.30
7427.56,0.24,-4.68,-4.20,-0.41,-4.59,2.54,0.95
7527.89,0.37,-4.67,-4.20,-0.61,-4.57,2.24,0.61
7629.58,0.50,-4.66,-4.20,-0.79,-4.55,1.93,0.27
7732.64,0.62,-4.66,-4.20,-0.95,-4.53,1.62,-0.05
7837.10,0.74,-4.65,-4.20,-1.11,-4.51,1.31,-0.38
7942.96,0.85,-4.64,-4.20,-1.25,-4.50,0.99,-0.70
8050.26,0.96,-4.63,-4.19,-1.38,-4.48,0.67,-1.02
8159.00,1.06,-4.62,-4.19,-1.50,-4.47,0.35,-1.33
8269.21,1.16,-4.62,-4.19,-1.62,-4.46,0.03,-1.65
8380.92,1.26,-4.61,-4.19,-1.72,-4.45,-0.30,-1.97
8494.13,1.34,-4.60,-4.19,-1.82,-4.44,-0.63,-2.29
8608.87,1.43,-4.60,-4.19,-1.92,-4.43,-0.96,-2.62
8725.16,1.51,-4.59,-4.19,-2.00,-4.42,-1.29,-2.94
8843.02,1.59,-4.58,-4.19,-2.09,-4.41,-1.63,-3.27
8962.47,1.66,-4.58,-4.19,-2.16,-4.40,-1.98,-3.61
9083.54,1.73,-4.57,-4.19,-2.24,-4.39,-2.32,-3.94
9206.24,1.80,-4.56,-4.19,-2.30,-4.39,-2.67,-4.29
9330.60,1.86,-4.56,-4.19,-2.37,-4.38,-3.03,-4.63
9456.64,1.91,-4.55,-4.19,-2.43,-4.37,-3.39,-4.98
9584.38,1.97,-4.55,-4.19,-2.49,-4.37,-3.75,-5.34
9713.85,2.02,-4.54,-4.19,-2.54,-4.36,-4.12,-5.70
9845.06,2.07,-4.54,-4.19,-2.60,-4.36,-4.50,-6.07
9978.05,2.11,-4.53,-4.19,-2.65,-4.35,-4.87,-6.45
10112.84,2.15,-4.53,-4.19,-2.69,-4.35,-5.26,-6.83
10249.44,2.19,-4.52,-4.19,-2.74,-4.34,-5.65,-7.22
10387.89,2.23,-4.52,-4.19,-2.78,-4.34,-6.05,-7.61
10528.21,2.26,-4.51,-4.19,-2.82,-4.33,-6.45,-8.02
10670.43,2.29,-4.51,-4.19,-2.86,-4.33,-6.86,-8.43
10814.57,2.32,-4.51,-4.19,-2.90,-4.33,-7.28,-8.85
10960.65,2.34,-4.50,-4.19,-2.93,-4.32,-7.71,-9.27
11108.71,2.37,-4.50,-4.19,-2.97,-4.32,-8.14,-9.71
11258.77,2.39,-4.49,-4.19,-3.00,-4.32,-8.58,-10.16
11410.85,2.41,-4.49,-4.19,-3.03,-4.31,-9.04,-10.61
11564.99,2.43,-4.49,-4.19,-3.06,-4.31,-9.50,-11.08
11721.22,2.44,-4.48,-4.19,-3.09,-4.31,-9.97,-11.56
11879.55,2.46,-4.48,-4.19,-3.11,-4.31,-10.45,-12.05
12040.02,2.47,-4.48,-4.19,-3.14,-4.30,-10.95,-12.55
12202.66,2.48,-4.47,-4.19,-3.16,-4.30,-11.46,-13.06
12367.49,2.49,-4.47,-4.19,-3.19,-4.30,-11.98,-13.59
12534.56,2.50,-4.47,-4.19,-3.21,-4.30,-12.51,-14.13
12703.87,2.51,-4.47,-4.19,-3.23,-4.29,-13.07,-14.69
12875.48,2.52,-4.46,-4.19,-3.25,-4.29,-13.63,-15.27
13049.40,2.53,-4.46,-4.19,-3.27,-4.29,-14.22,-15.87
13225.68,2.53,-4.46,-4.19,-3.29,-4.29,-14.83,-16.48
13404.33,2.54,-4.45,-4.19,-3.31,-4.29,-15.46,-17.12
13585.40,2.54,-4.45,-4.19,-3.32,-4.29,-16.11,-17.78
13768.91,2.54,-4.45,-4.19,-3.34,-4.28,-16.78,-18.47
13954.91,2.55,-4.45,-4.19,-3.35,-4.28,-17.49,-19.18
14143.41,2.55,-4.45,-4.19,-3.37,-4.28,-18.23,-19.93
14334.46,2.55,-4.44,-4.19,-3.38,-4.28,-19.00,-20.71
14528.09,2.55,-4.44,-4.19,-3.40,-4.28,-19.81,-21.52
14724.34,2.55,-4.44,-4.19,-3.41,-4.28,-20.66,-22.39
14923.24,2.55,-4.44,-4.19,-3.42,-4.28,-21.56,-23.30
15124.83,2.55,-4.44,-4.19,-3.43,-4.27,-22.52,-24.26
15329.13,2.55,-4.44,-4.19,-3.44,-4.27,-23.54,-25.29
15536.20,2.55,-4.43,-4.19,-3.45,-4.27,-24.64,-26.40
15746.07,2.55,-4.43,-4.19,-3.46,-4.27,-25.82,-27.59
15958.77,2.55,-4.43,-4.19,-3.47,-4.27,-27.11,-28.89
16174.34,2.55,-4.43,-4.19,-3.48,-4.27,-28.53,-30.31
16392.83,2.55,-4.43,-4.19,-3.49,-4.27,-30.11,-31.90
16614.26,2.55,-4.43,-4.19,-3.50,-4.27,-31.91,-33.70
16838.69,2.55,-4.43,-4.19,-3.50,-4.27,-33.98,-35.79
17066.15,2.54,-4.43,-4.19,-3.51,-4.27,-36.47,-38.28
17296.68,2.54,-4.42,-4.19,-3.52,-4.27,-39.61,-41.43
17530.33,2.54,-4.42,-4.19,-3.52,-4.27,-43.97,-45.79
17767.13,2.54,-4.42,-4.19,-3.52,-4.27,-51.53,-53.36
18007.13,2.54,-4.42,-4.19,-3.53,-4.27,-64.64,-66.47
18250.38,2.54,-4.42,-4.19,-3.53,-4.27,-49.46,-51.29
18496.91,2.54,-4.42,-4.19,-3.54,-4.26,-44.91,-46.75
18746.77,2.54,-4.42,-4.19,-3.54,-4.26,-42.48,-44.32
19000.00,2.54,-4.42,-4.19,-3.54,-4.26,-41.06,-42.90
# M100_Q0
20.00,75.46,-13.19,-14.30,-15.54,-15.45,-15.80,13.22
20.27,75.49,-13.19,-14.30,-15.54,-15.45,-15.80,13.25
20.54,75.52,-13.19,-14.30,-15.54,-15.45,-15.80,13.28
20.82,75.56,-13.19,-14.30,-15.54,-15.45,-15.80,13.31
21.10,75.59,-13.19,-14.30,-15.54,-15.45,-15.80,13.35
21.39,75.63,-13.19,-14.30,-15.54,-15.45,-15.80,13.38
21.68,75.66,-13.19,-14.30,-15.54,-15.45,-15.80,13.42
21.97,75.70,-13.19,-14.30,-15.54,-15.45,-15.80,13.45
22.27,75.73,-13.19,-14.30,-15.54,-15.45,-15.80,13.49
22.57,75.77,-13.19,-14.30,-15.54,-15.45,-15.80,13.53
22.87,75.81,-13.19,-14.30,-15.54,-15.45,-15.80,13.57
23.18,75.85,-13.19,-14.30,-15.54,-15.45,-15.80,13.61
23.49,75.89,-13.19,-14.30,-15.54,-15.45,-15.80,13.65
23.81,75.93,-13.19,-14.30,-15.54,-15.45,-15.80,13.69
24.13,75.98,-13.19,-14.30,-15.54,-15.45,-15.80,13.73
24.46,76.02,-13.19,-14.30,-15.54,-15.45,-15.80,13.78
24.79,76.07,-13.19,-14.30,-15.54,-15.45,-15.80,13.82
25.12,76.11,-13.19,-14.30,-15.54,-15.45,-15.80,13.87
25.46,76.16,-13.19,-14.30,-15.54,-15.45,-15.80,13.91
25.81,76.21,-13.19,-14.30,-15.54,-15.45,-15.80,13.96
26.16,76.26,-13.19,-14.30,-15.54,-15.45,-15.80,14.01
26.51,76.31,-13.19,-14.30,-15.54,-15.45,-15.80,14.06
26.87,76.36,-13.19,-14.30,-15.54,-15.45,-15.80,14.11
27.23,76.41,-13.19,-14.30,-15.54,-15.45,-15.80,14.17
27.60,76.46,-13.19,-14.30,-15.54,-15.45,-15.80,14.22
27.97,76.52,-13.19,-14.30,-15.54,-15.45,-15.80,14.27
28.35,76.57,-13.19,-14.30,-15.54,-15.45,-15.80,14.33
28.73,76.63,-13.19,-14.30,-15.54,-15.45,-15.80,14.39
29.12,76.69,-13.19,-14.30,-15.54,-15.45,-15.80,14.44
29.51,76.75,-13.19,-14.30,-15.54,-15.45,-15.80,14.50
29.91,76.81,-13.19,-14.30,-15.54,-15.45,-15.80,14.56
30.32,76.87,-13.19,-14.30,-15.54,-15.45,-15.80,14.62
30.73,76.93,-13.19,-14.30,-15.54,-15.45,-15.80,14.68
31.14,76.99,-13.19,-14.30,-15.54,-15.45,-15.80,14.74
31.56,77.05,-13.19,-14.30,-15.54,-15.45,-15.80,14.81
31.99,77.11,-13.19,-14.30,-15.54,-15.45,-15.80,14.87
32.42,77.17,-13.19,-14.30,-15.54,-15.45,-15.80,14.93
32.86,77.24,-13.19,-14.30,-15.54,-15.45,-15.80,14.99
33.30,77.30,-13.19,-14.30,-15.54,-15.45,-15.80,15.06
33.75,77.36,-13.19,-14.30,-15.54,-15.45,-15.80,15.12
34.21,77.42,-13.19,-14.30,-15.54,-15.45,-15.80,15.18
34.67,77.49,-13.19,-14.30,-15.54,-15.45,-15.80,15.24
35.14,77.55,-13.19,-14.30,-15.54,-15.45,-15.80,15.30
35.61,77.61,-13.19,-14.30,-15.54,-15.45,-15.80,15.36
36.09,77.66,-13.19,-14.30,-15.54,-15.45,-15.80,15.42
36.58,77.72,-13.19,-14.30,-15.54,-15.45,-15.80,15.48
37.08,77.77,-13.19,-14.30,-15.54,-15.45,-15.80,15.53
37.58,77.82,-13.19,-14.30,-15.54,-15.45,-15.80,15.58
38.08,77.87,-13.19,-14.30,-15.54,-15.45,-15.80,15.63
38.60,77.91,-13.19,-14.30,-15.54,-15.45,-15.80,15.67
39.12,77.95,-13.19,-14.30,-15.54,-15.45,-15.80,15.71
39.65,77.99,-13.19,-14.30,-15.54,-15.45,-15.80,15.74
40.18,78.02,-13.19,-14.30,-15.54,-15.45,-15.80,15.77
40.73,78.04,-13.19,-14.30,-15.54,-15.45,-15.80,15.79
41.28,78.05,-13.19,-14.30,-15.54,-15.45,-15.80,15.81
41.83,78.06,-13.19,-14.30,-15.54,-15.45,-15.80,15.82
42.40,78.06,-13.19,-14.30,-15.54,-15.45,-15.80,15.82
42.97,78.05,-13.19,-14.30,-15.54,-15.45,-15.80,15.81
43.55,78.04,-13.19,-14.30,-15.54,-15.45,-15.80,15.79
44.14,78.01,-13.19,-14.30,-15.54,-15.45,-15.80,15.76
44.74,77.97,-13.19,-14.30,-15.54,-15.45,-15.80,15.72
45.34,77.92,-13.19,-14.30,-15.54,-15.45,-15.80,15.67
45.95,77.85,-13.19,-14.30,-15.54,-15.45,-15.80,15.61
46.57,77.78,-13.19,-14.30,-15.54,-15.45,-15.80,15.53
47.20,77.69,-13.19,-14.30,-15.54,-15.45,-15.80,15.45
47.84,77.59,-13.19,-14.30,-15.54,-15.45,-15.80,15.35
48.49,77.48,-13.19,-14.30,-15.54,-15.45,-15.80,15.23
49.14,77.35,-13.19,-14.30,-15.54,-15.45,-15.80,15.11
49.81,77.21,-13.19,-14.30,-15.54,-15.45,-15.80,14.97
50.48,77.06,-13.19,-14.30,-15.54,-15.45,-15.80,14.81
51.16,76.89,-13.19,-14.30,-15.54,-15.45,-15.80,14.65
51.85,76.72,-13.19,-14.30,-15.54,-15.45,-15.80,14.47
52.55,76.53,-13.19,-14.30,-15.54,-15.45,-15.80,14.28
53.26,76.33,-13.19,-14.30,-15.54,-15.45,-15.80,14.08
53.98,76.12,-13.19,-14.30,-15.54,-15.45,-15.80,13.87
54.71,75.90,-13.19,-14.30,-15.54,-15.45,-15.80,13.65
55.45,75.67,-13.19,-14.30,-15.54,-15.45,-15.80,13.43
56.20,75.43,-13.19,-14.30,-15.54,-15.45,-15.80,13.19
56.96,75.19,-13.19,-14.30,-15.54,-15.45,-15.80,12.94
57.73,74.93,-13.19,-14.30,-15.54,-15.45,-15.80,12.69
58.51,74.68,-13.19,-14.30,-15.54,-15.45,-15.80,12.43
59.30,74.41,-13.19,-14.30,-15.54,-15.45,-15.80,12.17
60.10,74.14,-13.19,-14.30,-15.54,-15.45,-15.80,11.90
60.91,73.87,-13.19,-14.30,-15.54,-15.45,-15.80,11.62
61.73,73.59,-13.19,-14.30,-15.54,-15.45,-15.80,11.34
62.57,73.30,-13.19,-14.30,-15.54,-15.45,-15.80,11.06
63.41,73.02,-13.19,-14.30,-15.54,-15.45,-15.80,10.78
64.27,72.73,-13.19,-14.30,-15.54,-15.45,-15.80,10.49
65.14,72.44,-13.19,-14.30,-15.54,-15.45,-15.80,10.20
66.02,72.15,-13.19,-14.30,-15.54,-15.45,-15.80,9.91
66.91,71.86,-13.19,-14.30,-15.54,-15.45,-15.80,9.61
67.81,71.56,-13.19,-14.30,-15.54,-15.45,-15.80,9.32
68.73,71.27,-13.19,-14.30,-15.54,-15.45,-15.80,9.02
69.66,70.97,-13.19,-14.30,-15.54,-15.45,-15.80,8.73
70.60,70.68,-13.19,-14.30,-15.54,-15.45,-15.80,8.43
71.55,70.38,-13.19,-14.30,-15.54,-15.45,-15.80,8.14
72.52,70.08,-13.19,-14.30,-15.54,-15.45,-15.80,7.84
73.50,69.79,-13.19,-14.30,-15.54,-15.45,-15.80,7.55
74.49,69.49,-13.19,-14.30,-15.54,-15.45,-15.80,7.25
75.50,69.20,-13.19,-14.30,-15.54,-15.45,-15.80,6.96
76.52,68.91,-13.19,-14.30,-15.54,-15.45,-15.80,6.66
77.55,68.61,-13.19,-14.30,-15.54,-15.45,-15.80,6.37
78.60,68.32,-13.19,-14.30,-15.54,-15.45,-15.80,6.08
79.66,68.03,-13.19,-14.30,-15.54,-15.45,-15.80,5.78
80.74,67.74,-13.19,-14.30,-15.54,-15.45,-15.80,5.49
81.83,67.45,-13.19,-14.30,-15.54,-15.45,-15.80,5.20
82.93,67.16,-13.19,-14.30,-15.54,-15.45,-15.80,4.91
84.05,66.87,-13.19,-14.30,-15.54,-15.45,-15.80,4.62
85.19,66.58,-13.19,-14.30,-15.54,-15.45,-15.80,4.34
86.34,66.30,-13.19,-14.30,-15.54,-15.45,-15.80,4.05
87.50,66.01,-13.19,-14.30,-15.54,-15.45,-15.80,3.77
88.69,65.73,-13.19,-14.30,-15.54,-15.45,-15.80,3.48
89.88,65.44,-13.19,-14.30,-15.54,-15.45,-15.80,3.20
91.10,65.16,-13.19,-14.30,-15.54,-15.45,-15.80,2.92
92.33,64.88,-13.19,-14.30,-15.54,-15.45,-15.80,2.64
93.58,64.60,-13.19,-14.30,-15.54,-15.45,-15.80,2.36
94.84,64.32,-13.19,-14.30,-15.54,-15.45,-15.80,2.08
96.12,64.05,-13.19,-14.30,-15.54,-15.45,-15.80,1.80
97.42,63.77,-13.19,-14.30,-15.54,-15.45,-15.80,1.53
98.74,63.49,-13.19,-14.30,-15.54,-15.45,-15.80,1.25
100.07,63.22,-13.19,-14.30,-15.54,-15.45,-15.80,0.98
101.42,62.95,-13.19,-14.30,-15.54,-15.45,-15.80,0.70
102.79,62.67,-13.19,-14.30,-15.54,-15.45,-15.80,0.43
104.18,62.40,-13.19,-14.30,-15.54,-15.45,-15.80,0.16
105.59,62.13,-13.19,-14.30,-15.54,-15.45,-15.80,-0.11
107.01,61.86,-13.19,-14.30,-15.54,-15.45,-15.80,-0.38
108.46,61.59,-13.19,-14.30,-15.54,-15.45,-15.80,-0.65
109.92,61.32,-13.19,-14.30,-15.54,-15.45,-15.80,-0.92
111.41,61.06,-13.19,-14.30,-15.54,-15.45,-15.80,-1.19
112.91,60.79,-13.19,-14.30,-15.54,-15.45,-15.80,-1.45
114.44,60.53,-13.19,-14.30,-15.54,-15.45,-15.80,-1.72
115.98,60.26,-13.19,-14.30,-15.54,-15.45,-15.80,-1.98
117.55,60.00,-13.19,-14.30,-15.54,-15.45,-15.80,-2.25
119.14,59.73,-13.19,-14.30,-15.54,-15.45,-15.80,-2.51
120.75,59.47,-13.19,-14.30,-15.54,-15.45,-15.80,-2.77
122.38,59.21,-13.19,-14.30,-15.54,-15.45,-15.80,-3.03
124.03,58.95,-13.19,-14.30,-15.54,-15.45,-15.80,-3.29
125.71,58.69,-13.19,-14.30,-15.54,-15.45,-15.80,-3.55
127.41,58.43,-13.19,-14.30,-15.54,-15.45,-15.80,-3.81
129.13,58.17,-13.19,-14.30,-15.54,-15.45,-15.80,-4.07
130.87,57.92,-13.19,-14.30,-15.54,-15.45,-15.80,-4.33
132.64,57.66,-13.19,-14.30,-15.54,-15.45,-15.80,-4.59
134.43,57.40,-13.19,-14.30,-15.54,-15.45,-15.80,-4.84
136.25,57.15,-13.19,-14.30,-15.54,-15.45,-15.80,-5.10
138.09,56.89,-13.19,-14.30,-15.54,-15.45,-15.80,-5.35
139.95,56.64,-13.19,-14.30,-15.54,-15.45,-15.80,-5.61
141.84,56.38,-13.19,-14.30,-15.54,-15.45,-15.80,-5.86
143.76,56.13,-13.19,-14.30,-15.54,-15.45,-15.80,-6.12
145.70,55.87,-13.19,-14.30,-15.54,-15.45,-15.80,-6.37
147.67,55.62,-13.19,-14.30,-15.54,-15.45,-15.80,-6.62
149.66,55.37,-13.19,-14.30,-15.54,-15.45,-15.80,-6.87
151.69,55.12,-13.19,-14.30,-15.54,-15.45,-15.80,-7.12
153.73,54.87,-13.19,-14.30,-15.54,-15.45,-15.80,-7.38
155.81,54.62,-13.19,-14.30,-15.54,-15.45,-15.80,-7.63
157.92,54.37,-13.19,-14.30,-15.54,-15.45,-15.80,-7.88
160.05,54.12,-13.19,-14.30,-15.54,-15.45,-15.80,-8.13
162.21,53.87,-13.19,-14.30,-15.54,-15.45,-15.80,-8.38
164.40,53.62,-13.19,-14.30,-15.54,-15.45,-15.80,-8.62
166.62,53.37,-13.19,-14.30,-15.54,-15.45,-15.80,-8.87
168.87,53.12,-13.19,-14.30,-15.54,-15.45,-15.80,-9.12
171.16,52.87,-13.19,-14.30,-15.54,-15.45,-15.80,-9.37
173.47,52.63,-13.19,-14.30,-15.54,-15.45,-15.80,-9.62
175.81,52.38,-13.19,-14.30,-15.54,-15.45,-15.80,-9.86
178.19,52.13,-13.19,-14.30,-15.54,-15.45,-15.80,-10.11
180.59,51.89,-13.19,-14.30,-15.54,-15.45,-15.80,-10.35
183.03,51.64,-13.19,-14.30,-15.54,-15.45,-15.80,-10.60
185.50,51.40,-13.19,-14.30,-15.54,-15.45,-15.80,-10.85
188.01,51.15,-13.19,-14.30,-15.54,-15.45,-15.80,-11.09
190.55,50.91,-13.19,-14.30,-15.54,-15.45,-15.80,-11.34
193.12,50.66,-13.19,-14.30,-15.54,-15.45,-15.80,-11.58
195.73,50.42,-13.19,-14.30,-15.54,-15.45,-15.80,-11.82
198.38,50.17,-13.19,-14.30,-15.54,-15.45,-15.80,-12.07
201.06,49.93,-13.19,-14.30,-15.54,-15.45,-15.80,-12.31
203.77,49.69,-13.19,-14.30,-15.54,-15.45,-15.80,-12.55
206.52,49.44,-13.19,-14.30,-15.54,-15.45,-15.80,-12.80
209.31,49.20,-13.19,-14.30,-15.54,-15.45,-15.80,-13.04
212.14,48.96,-13.19,-14.30,-15.54,-15.45,-15.80,-13.28
215.01,48.72,-13.19,-14.30,-15.54,-15.45,-15.80,-13.53
217.91,48.47,-13.19,-14.30,-15.54,-15.45,-15.80,-13.77
220.86,48.23,-13.19,-14.30,-15.54,-15.45,-15.80,-14.01
223.84,47.99,-13.19,-14.30,-15.54,-15.45,-15.80,-14.25
226.86,47.75,-13.19,-14.30,-15.54,-15.45,-15.80,-14.49
229.93,47.51,-13.19,-14.30,-15.54,-15.45,-15.80,-14.73
233.03,47.27,-13.19,-14.30,-15.54,-15.45,-15.80,-14.97
236.18,47.03,-13.19,-14.30,-15.54,-15.45,-15.80,-15.21
239.37,46.79,-13.19,-14.30,-15.54,-15.45,-15.80,-15.45
242.60,46.54,-13.19,-14.30,-15.54,-15.45,-15.80,-15.70
245.88,46.30,-13.19,-14.30,-15.54,-15.45,-15.80,-15.94
249.20,46.06,-13.19,-14.30,-15.54,-15.45,-15.80,-16.18
252.57,45.82,-13.19,-14.30,-15.54,-15.45,-15.80,-16.41
255.98,45.59,-13.19,-14.30,-15.54,-15.45,-15.80,-16.65
259.44,45.35,-13.19,-14.30,-15.54,-15.45,-15.80,-16.89
262.94,45.11,-13.19,-14.30,-15.54,-15.45,-15.80,-17.13
266.49,44.87,-13.19,-14.30,-15.54,-15.45,-15.80,-17.37
270.09,44.63,-13.19,-14.30,-15.54,-15.45,-15.80,-17.61
273.74,44.39,-13.19,-14.30,-15.54,-15.45,-15.80,-17.85
277.44,44.15,-13.19,-14.30,-15.54,-15.45,-15.80,-18.09
281.19,43.91,-13.19,-14.30,-15.54,-15.45,-15.80,-18.33
284.99,43.67,-13.19,-14.30,-15.54,-15.45,-15.80,-18.57
288.84,43.44,-13.19,-14.30,-15.54,-15.45,-15.80,-18.80
292.74,43.20,-13.19,-14.30,-15.54,-15.45,-15.80,-19.04
296.69,42.96,-13.19,-14.30,-15.54,-15.45,-15.80,-19.28
300.70,42.72,-13.19,-14.30,-15.54,-15.45,-15.80,-19.52
304.76,42.48,-13.19,-14.30,-15.54,-15.45,-15.80,-19.75
308.88,42.25,-13.19,-14.30,-15.54,-15.45,-15.80,-19.99
313.05,42.01,-13.19,-14.30,-15.54,-15.45,-15.80,-20.23
317.28,41.77,-13.19,-14.30,-15.54,-15.45,-15.80,-20.47
321.57,41.53,-13.19,-14.30,-15.54,-15.45,-15.80,-20.70
325.91,41.30,-13.19,-14.30,-15.54,-15.45,-15.80,-20.94
330.31,41.06,-13.19,-14.30,-15.54,-15.45,-15.80,-21.18
334.77,40.82,-13.19,-14.30,-15.54,-15.45,-15.80,-21.41
339.30,40.58,-13.19,-14.30,-15.54,-15.45,-15.80,-21.65
343.88,40.35,-13.19,-14.30,-15.54,-15.45,-15.80,-21.89
348.52,40.11,-13.19,-14.30,-15.54,-15.45,-15.80,-22.12
353.23,39.87,-13.19,-14.30,-15.54,-15.45,-15.80,-22.36
358.00,39.64,-13.19,-14.30,-15.54,-15.45,-15.80,-22.60
362.84,39.40,-13.19,-14.30,-15.54,-15.45,-15.80,-22.83
367.74,39.16,-13.19,-14.30,-15.54,-15.45,-15.80,-23.07
372.71,38.93,-13.19,-14.30,-15.54,-15.45,-15.80,-23.31
377.74,38.69,-13.19,-14.30,-15.54,-15.45,-15.80,-23.54
382.85,38.46,-13.19,-14.30,-15.54,-15.45,-15.80,-23.78
388.02,38.22,-13.19,-14.30,-15.54,-15.45,-15.80,-24.01
393.26,37.98,-13.19,-14.30,-15.54,-15.45,-15.80,-24.25
398.57,37.75,-13.19,-14.30,-15.54,-15.45,-15.80,-24.49
403.96,37.51,-13.19,-14.30,-15.54,-15.45,-15.80,-24.72
409.41,37.28,-13.19,-14.30,-15.54,-15.45,-15.80,-24.96
414.94,37.04,-13.19,-14.30,-15.54,-15.45,-15.80,-25.19
420.55,36.80,-13.19,-14.30,-15.54,-15.45,-15.80,-25.43
426.23,36.57,-13.19,-14.30,-15.54,-15.45,-15.80,-25.66
431.99,36.33,-13.19,-14.30,-15.54,-15.45,-15.80,-25.90
437.82,36.10,-13.19,-14.30,-15.54,-15.45,-15.80,-26.13
443.74,35.86,-13.19,-14.30,-15.54,-15.45,-15.80,-26.37
449.73,35.63,-13.19,-14.30,-15.54,-15.45,-15.80,-26.60
455.80,35.39,-13.19,-14.30,-15.54,-15.45,-15.80,-26.84
461.96,35.15,-13.19,-14.30,-15.54,-15.45,-15.80,-27.07
468.20,34.92,-13.19,-14.30,-15.54,-15.45,-15.80,-27.31
474.53,34.68,-13.18,-14.30,-15.54,-15.45,-15.80,-27.55
480.94,34.45,-13.18,-14.30,-15.54,-15.45,-15.80,-27.78
487.43,34.21,-13.18,-14.30,-15.54,-15.45,-15.80,-28.01
494.02,33.98,-13.18,-14.30,-15.54,-15.45,-15.80,-28.25
500.69,33.74,-13.18,-14.30,-15.54,-15.45,-15.80,-28.48
507.45,33.51,-13.18,-14.30,-15.54,-15.45,-15.80,-28.72
514.31,33.27,-13.18,-14.30,-15.54,-15.45,-15.80,-28.95
521.26,33.04,-13.18,-14.30,-15.54,-15.45,-15.80,-29.19
528.30,32.80,-13.18,-14.30,-15.54,-15.45,-15.80,-29.42
535.43,32.57,-13.18,-14.30,-15.54,-15.45,-15.80,-29.66
542.67,32.33,-13.18,-14.30,-15.54,-15.45,-15.80,-29.89
550.00,32.10,-13.18,-14.30,-15.54,-15.45,-15.80,-30.13
557.43,31.86,-13.18,-14.30,-15.54,-15.45,-15.80,-30.36
564.96,31.63,-13.18,-14.30,-15.54,-15.45,-15.80,-30.60
572.59,31.39,-13.18,-14.30,-15.54,-15.45,-15.80,-30.83
580.32,31.16,-13.18,-14.30,-15.54,-15.45,-15.80,-31.06
588.16,30.92,-13.18,-14.30,-15.54,-15.45,-15.80,-31.30
596.11,30.69,-13.18,-14.30,-15.54,-15.45,-15.80,-31.53
604.16,30.45,-13.18,-14.30,-15.54,-15.45,-15.80,-31.77
612.32,30.22,-13.18,-14.30,-15.54,-15.45,-15.80,-32.00
620.59,29.98,-13.18,-14.30,-15.54,-15.45,-15.80,-32.24
628.97,29.75,-13.18,-14.30,-15.54,-15.45,-15.80,-32.47
637.47,29.51,-13.18,-14.30,-15.54,-15.45,-15.80,-32.70
646.08,29.28,-13.18,-14.30,-15.54,-15.45,-15.80,-32.94
654.81,29.04,-13.18,-14.30,-15.53,-15.45,-15.80,-33.17
663.65,28.81,-13.18,-14.30,-15.53,-15.45,-15.80,-33.41
672.62,28.57,-13.18,-14.30,-15.53,-15.45,-15.80,-33.64
681.70,28.34,-13.18,-14.30,-15.53,-15.45,-15.80,-33.88
690.91,28.10,-13.18,-14.30,-15.53,-15.45,-15.80,-34.11
700.25,27.87,-13.18,-14.30,-15.53,-15.45,-15.80,-34.34
709.71,27.63,-13.18,-14.30,-15.53,-15.45,-15.80,-34.58
719.29,27.40,-13.18,-14.30,-15.53,-15.45,-15.80,-34.81
729.01,27.16,-13.17,-14.30,-15.53,-15.45,-15.80,-35.05
738.86,26.93,-13.17,-14.30,-15.53,-15.45,-15.80,-35.28
748.84,26.69,-13.17,-14.30,-15.53,-15.45,-15.80,-35.51
758.95,26.46,-13.17,-14.30,-15.53,-15.45,-15.80,-35.75
769.20,26.22,-13.17,-14.30,-15.53,-15.45,-15.80,-35.98
779.59,25.99,-13.17,-14.30,-15.53,-15.45,-15.80,-36.21
790.13,25.75,-13.17,-14.30,-15.53,-15.45,-15.80,-36.45
800.80,25.52,-13.17,-14.30,-15.53,-15.45,-15.80,-36.68
811.62,25.28,-13.17,-14.30,-15.53,-15.45,-15.80,-36.92
822.58,25.05,-13.17,-14.30,-15.53,-15.45,-15.80,-37.15
833.69,24.81,-13.17,-14.30,-15.53,-15.45,-15.80,-37.38
844.95,24.58,-13.17,-14.30,-15.53,-15.45,-15.80,-37.62
856.37,24.34,-13.17,-14.30,-15.53,-15.45,-15.80,-37.85
867.93,24.11,-13.17,-14.30,-15.53,-15.44,-15.80,-38.09
879.66,23.87,-13.17,-14.30,-15.53,-15.44,-15.80,-38.32
891.54,23.64,-13.17,-14.29,-15.53,-15.44,-15.80,-38.55
903.58,23.40,-13.17,-14.29,-15.53,-15.44,-15.80,-38.79
915.79,23.17,-13.16,-14.29,-15.53,-15.44,-15.80,-39.02
928.16,22.93,-13.16,-14.29,-15.53,-15.44,-15.79,-39.25
940.70,22.70,-13.16,-14.29,-15.53,-15.44,-15.79,-39.49
953.40,22.46,-13.16,-14.29,-15.53,-15.44,-15.79,-39.72
966.28,22.23,-13.16,-14.29,-15.53,-15.44,-15.79,-39.95
979.34,21.99,-13.16,-14.29,-15.53,-15.44,-15.79,-40.19
992.57,21.75,-13.16,-14.29,-15.53,-15.44,-15.79,-40.42
1005.97,21.52,-13.16,-14.29,-15.53,-15.44,-15.79,-40.66
1019.56,21.28,-13.16,-14.29,-15.53,-15.44,-15.79,-40.89
1033.33,21.05,-13.16,-14.29,-15.53,-15.44,-15.79,-41.12
1047.29,20.81,-13.16,-14.29,-15.53,-15.44,-15.79,-41.36
1061.44,20.58,-13.16,-14.29,-15.53,-15.44,-15.79,-41.59
1075.78,20.34,-13.15,-14.29,-15.53,-15.44,-15.79,-41.82
1090.31,20.11,-13.15,-14.29,-15.53,-15.44,-15.79,-42.06
1105.04,19.87,-13.15,-14.29,-15.53,-15.44,-15.79,-42.29
1119.96,19.63,-13.15,-14.29,-15.53,-15.44,-15.79,-42.53
1135.09,19.40,-13.15,-14.29,-15.52,-15.44,-15.79,-42.76
1150.43,19.16,-13.15,-14.29,-15.52,-15.44,-15.79,-42.99
1165.97,18.93,-13.15,-14.29,-15.52,-15.44,-15.79,-43.23
1181.72,18.69,-13.15,-14.29,-15.52,-15.44,-15.79,-43.46
1197.68,18.45,-13.14,-14.29,-15.52,-15.44,-15.79,-43.69
1213.86,18.22,-13.14,-14.29,-15.52,-15.44,-15.79,-43.93
1230.25,17.98,-13.14,-14.29,-15.52,-15.44,-15.79,-44.16
1246.87,17.74,-13.14,-14.29,-15.52,-15.44,-15.79,-44.39
1263.72,17.51,-13.14,-14.29,-15.52,-15.44,-15.79,-44.63
1280.79,17.27,-13.14,-14.29,-15.52,-15.44,-15.79,-44.86
1298.09,17.03,-13.14,-14.29,-15.52,-15.44,-15.79,-45.09
1315.62,16.80,-13.13,-14.29,-15.52,-15.43,-15.79,-45.33
1333.39,16.56,-13.13,-14.28,-15.52,-15.43,-15.79,-45.56
1351.41,16.32,-13.13,-14.28,-15.52,-15.43,-15.79,-45.80
1369.66,16.09,-13.13,-14.28,-15.52,-15.43,-15.79,-46.03
1388.16,15.85,-13.13,-14.28,-15.52,-15.43,-15.79,-46.26
1406.91,15.61,-13.13,-14.28,-15.52,-15.43,-15.79,-46.50
1425.92,15.37,-13.12,-14.28,-15.52,-15.43,-15.79,-46.73
1445.18,15.14,-13.12,-14.28,-15.52,-15.43,-15.79,-46.96
1464.70,14.90,-13.12,-14.28,-15.51,-15.43,-15.79,-47.20
1484.49,14.66,-13.12,-14.28,-15.51,-15.43,-15.79,-47.43
1504.54,14.42,-13.12,-14.28,-15.51,-15.43,-15.79,-47.66
1524.86,14.19,-13.11,-14.28,-15.51,-15.43,-15.79,-47.90
1545.46,13.95,-13.11,-14.28,-15.51,-15.43,-15.79,-48.13
1566.34,13.71,-13.11,-14.28,-15.51,-15.43,-15.79,-48.36
1587.50,13.47,-13.11,-14.28,-15.51,-15.43,-15.79,-48.60
1608.94,13.23,-13.11,-14.28,-15.51,-15.43,-15.79,-48.83
1630.67,12.99,-13.10,-14.28,-15.51,-15.43,-15.79,-49.07
1652.70,12.76,-13.10,-14.28,-15.51,-15.42,-15.79,-49.30
1675.03,12.52,-13.10,-14.27,-15.51,-15.42,-15.79,-49.53
1697.65,12.28,-13.10,-14.27,-15.51,-15.42,-15.79,-49.77
1720.59,12.04,-13.09,-14.27,-15.51,-15.42,-15.79,-50.00
1743.83,11.80,-13.09,-14.27,-15.50,-15.42,-15.79,-50.23
1767.38,11.56,-13.09,-14.27,-15.50,-15.42,-15.79,-50.47
1791.26,11.32,-13.08,-14.27,-15.50,-15.42,-15.79,-50.70
1815.45,11.08,-13.08,-14.27,-15.50,-15.42,-15.79,-50.93
1839.98,10.84,-13.08,-14.27,-15.50,-15.42,-15.79,-51.17
1864.83,10.60,-13.08,-14.27,-15.50,-15.42,-15.79,-51.40
1890.02,10.36,-13.07,-14.27,-15.50,-15.42,-15.79,-51.64
1915.55,10.12,-13.07,-14.27,-15.50,-15.41,-15.78,-51.87
1941.43,9.88,-13.06,-14.26,-15.50,-15.41,-15.78,-52.10
1967.65,9.64,-13.06,-14.26,-15.49,-15.41,-15.78,-52.34
1994.23,9.40,-13.06,-14.26,-15.49,-15.41,-15.78,-52.57
2021.17,9.16,-13.05,-14.26,-15.49,-15.41,-15.78,-52.80
2048.47,8.91,-13.05,-14.26,-15.49,-15.41,-15.78,-53.04
2076.15,8.67,-13.05,-14.26,-15.49,-15.41,-15.78,-53.27
2104.19,8.43,-13.04,-14.26,-15.49,-15.41,-15.78,-53.51
2132.61,8.19,-13.04,-14.26,-15.49,-15.41,-15.78,-53.74
2161.42,7.94,-13.03,-14.25,-15.48,-15.40,-15.78,-53.97
2190.62,7.70,-13.03,-14.25,-15.48,-15.40,-15.78,-54.21
2220.21,7.46,-13.02,-14.25,-15.48,-15.40,-15.78,-54.44
2250.20,7.21,-13.02,-14.25,-15.48,-15.40,-15.78,-54.67
2280.60,6.97,-13.01,-14.25,-15.48,-15.40,-15.78,-54.91
2311.40,6.73,-13.01,-14.25,-15.48,-15.40,-15.78,-55.14
2342.63,6.48,-13.00,-14.25,-15.48,-15.40,-15.78,-55.38
2374.27,6.24,-13.00,-14.24,-15.47,-15.39,-15.78,-55.61
2406.34,5.99,-12.99,-14.24,-15.47,-15.39,-15.78,-55.84
2438.85,5.75,-12.99,-14.24,-15.47,-15.39,-15.78,-56.08
2471.79,5.50,-12.98,-14.24,-15.47,-15.39,-15.78,-56.31
2505.18,5.26,-12.98,-14.24,-15.47,-15.39,-15.78,-56.54
2539.02,5.01,-12.97,-14.24,-15.46,-15.39,-15.77,-56.78
2573.32,4.76,-12.96,-14.23,-15.46,-15.38,-15.77,-57.01
2608.08,4.52,-12.96,-14.23,-15.46,-15.38,-15.77,-57.25
2643.31,4.27,-12.95,-14.23,-15.46,-15.38,-15.77,-57.48
2679.02,4.02,-12.94,-14.23,-15.45,-15.38,-15.77,-57.71
2715.21,3.77,-12.94,-14.23,-15.45,-15.37,-15.77,-57.95
2751.88,3.52,-12.93,-14.22,-15.45,-15.37,-15.77,-58.18
2789.06,3.27,-12.92,-14.22,-15.45,-15.37,-15.77,-58.41
2826.73,3.02,-12.91,-14.22,-15.44,-15.37,-15.77,-58.65
2864.91,2.77,-12.90,-14.22,-15.44,-15.37,-15.77,-58.88
2903.61,2.52,-12.90,-14.21,-15.44,-15.36,-15.77,-59.12
2942.84,2.27,-12.89,-14.21,-15.44,-15.36,-15.77,-59.35
2982.59,2.02,-12.88,-14.21,-15.43,-15.36,-15.77,-59.58
3022.88,1.77,-12.87,-14.21,-15.43,-15.36,-15.76,-59.82
3063.71,1.51,-12.86,-14.20,-15.43,-15.35,-15.76,-60.05
3105.10,1.26,-12.85,-14.20,-15.42,-15.35,-15.76,-60.28
3147.04,1.01,-12.84,-14.20,-15.42,-15.35,-15.76,-60.52
3189.55,0.75,-12.83,-14.20,-15.42,-15.34,-15.76,-60.75
3232.64,0.50,-12.82,-14.19,-15.41,-15.34,-15.76,-60.99
3276.30,0.24,-12.81,-14.19,-15.41,-15.34,-15.76,-61.22
3320.56,-0.02,-12.80,-14.19,-15.41,-15.33,-15.76,-61.45
3365.42,-0.27,-12.78,-14.18,-15.40,-15.33,-15.76,-61.69
3410.88,-0.53,-12.77,-14.18,-15.40,-15.33,-15.75,-61.92
3456.95,-0.79,-12.76,-14.17,-15.39,-15.32,-15.75,-62.15
3503.65,-1.05,-12.75,-14.17,-15.39,-15.32,-15.75,-62.39
3550.98,-1.31,-12.73,-14.17,-15.38,-15.32,-15.75,-62.62
3598.94,-1.57,-12.72,-14.16,-15.38,-15.31,-15.75,-62.85
3647.56,-1.83,-12.70,-14.16,-15.38,-15.31,-15.75,-63.09
3696.83,-2.10,-12.69,-14.15,-15.37,-15.30,-15.75,-63.32
3746.77,-2.36,-12.67,-14.15,-15.37,-15.30,-15.75,-63.55
3797.38,-2.63,-12.66,-14.15,-15.36,-15.30,-15.74,-63.79
3848.67,-2.89,-12.64,-14.14,-15.36,-15.29,-15.74,-64.02
3900.66,-3.16,-12.62,-14.14,-15.35,-15.29,-15.74,-64.25
3953.35,-3.43,-12.61,-14.13,-15.34,-15.28,-15.74,-64.49
4006.76,-3.69,-12.59,-14.13,-15.34,-15.28,-15.74,-64.72
4060.88,-3.96,-12.57,-14.12,-15.33,-15.27,-15.74,-64.95
4115.73,-4.24,-12.55,-14.12,-15.33,-15.27,-15.73,-65.18
4171.33,-4.51,-12.53,-14.11,-15.32,-15.26,-15.73,-65.42
4227.68,-4.78,-12.51,-14.10,-15.31,-15.25,-15.73,-65.65
4284.79,-5.06,-12.49,-14.10,-15.31,-15.25,-15.73,-65.88
4342.67,-5.33,-12.46,-14.09,-15.30,-15.24,-15.73,-66.11
4401.33,-5.61,-12.44,-14.09,-15.29,-15.24,-15.72,-66.35
4460.78,-5.89,-12.42,-14.08,-15.28,-15.23,-15.72,-66.58
4521.04,-6.17,-12.39,-14.07,-15.28,-15.22,-15.72,-66.81
4582.11,-6.45,-12.36,-14.06,-15.27,-15.22,-15.72,-67.04
4644.00,-6.73,-12.34,-14.06,-15.26,-15.21,-15.71,-67.27
4706.74,-7.02,-12.31,-14.05,-15.25,-15.20,-15.71,-67.50
4770.32,-7.31,-12.28,-14.04,-15.24,-15.19,-15.71,-67.73
4834.75,-7.60,-12.25,-14.03,-15.23,-15.19,-15.71,-67.96
4900.06,-7.89,-12.22,-14.02,-15.22,-15.18,-15.70,-68.19
4966.25,-8.18,-12.18,-14.02,-15.21,-15.17,-15.70,-68.42
5033.34,-8.47,-12.15,-14.01,-15.20,-15.16,-15.70,-68.65
5101.33,-8.77,-12.11,-14.00,-15.19,-15.15,-15.69,-68.88
5170.24,-9.07,-12.08,-13.99,-15.18,-15.14,-15.69,-69.11
5240.08,-9.37,-12.04,-13.98,-15.17,-15.13,-15.69,-69.33
5310.86,-9.67,-12.00,-13.97,-15.16,-15.12,-15.68,-69.56
5382.60,-9.98,-11.95,-13.96,-15.15,-15.11,-15.68,-69.79
5455.31,-10.29,-11.91,-13.94,-15.13,-15.10,-15.68,-70.01
5529.00,-10.60,-11.86,-13.93,-15.12,-15.09,-15.67,-70.24
5603.69,-10.91,-11.82,-13.92,-15.11,-15.08,-15.67,-70.46
5679.38,-11.23,-11.77,-13.91,-15.09,-15.07,-15.67,-70.68
5756.10,-11.55,-11.71,-13.89,-15.08,-15.05,-15.66,-70.90
5833.86,-11.87,-11.66,-13.88,-15.06,-15.04,-15.66,-71.13
5912.66,-12.19,-11.60,-13.87,-15.05,-15.03,-15.65,-71.34
5992.53,-12.52,-11.54,-13.85,-15.03,-15.01,-15.65,-71.56
6073.48,-12.86,-11.47,-13.84,-15.01,-15.00,-15.64,-71.78
6155.52,-13.19,-11.41,-13.82,-15.00,-14.98,-15.64,-72.00
6238.67,-13.53,-11.34,-13.80,-14.98,-14.97,-15.63,-72.21
6322.94,-13.88,-11.26,-13.79,-14.96,-14.95,-15.63,-72.42
6408.35,-14.23,-11.18,-13.77,-14.94,-14.93,-15.62,-72.63
6494.92,-14.58,-11.10,-13.75,-14.92,-14.92,-15.62,-72.84
6582.65,-14.94,-11.02,-13.73,-14.90,-14.90,-15.61,-73.04
6671.57,-15.30,-10.92,-13.71,-14.87,-14.88,-15.60,-73.25
6761.69,-15.67,-10.83,-13.68,-14.85,-14.86,-15.60,-73.45
6853.03,-16.05,-10.72,-13.66,-14.82,-14.84,-15.59,-73.64
6945.60,-16.43,-10.61,-13.64,-14.80,-14.82,-15.58,-73.83
7039.43,-16.81,-10.50,-13.61,-14.77,-14.80,-15.57,-74.02
7134.52,-17.21,-10.37,-13.59,-14.74,-14.77,-15.57,-74.21
7230.89,-17.61,-10.24,-13.56,-14.71,-14.75,-15.56,-74.38
7328.57,-18.02,-10.10,-13.53,-14.68,-14.72,-15.55,-74.56
7427.56,-18.43,-9.95,-13.50,-14.65,-14.70,-15.54,-74.72
7527.89,-18.86,-9.79,-13.47,-14.61,-14.67,-15.53,-74.88
7629.58,-19.29,-9.61,-13.43,-14.58,-14.64,-15.52,-75.03
7732.64,-19.73,-9.42,-13.40,-14.54,-14.61,-15.51,-75.17
7837.10,-20.18,-9.22,-13.36,-14.50,-14.58,-15.50,-75.30
7942.96,-20.65,-9.00,-13.32,-14.46,-14.54,-15.49,-75.42
8050.26,-21.12,-8.76,-13.28,-14.41,-14.51,-15.48,-75.52
8159.00,-21.61,-8.50,-13.24,-14.37,-14.47,-15.47,-75.61
8269.21,-22.11,-8.21,-13.19,-14.32,-14.43,-15.45,-75.68
8380.92,-22.63,-7.90,-13.14,-14.27,-14.39,-15.44,-75.72
8494.13,-23.16,-7.55,-13.09,-14.21,-14.35,-15.43,-75.74
8608.87,-23.71,-7.16,-13.03,-14.16,-14.30,-15.41,-75.73
8725.16,-24.27,-6.72,-12.97,-14.09,-14.26,-15.40,-75.67
8843.02,-24.85,-6.23,-12.91,-14.03,-14.20,-15.38,-75.57
8962.47,-25.46,-5.67,-12.84,-13.96,-14.15,-15.36,-75.40
9083.54,-26.08,-5.03,-12.77,-13.89,-14.10,-15.34,-75.16
9206.24,-26.73,-4.27,-12.69,-13.81,-14.04,-15.33,-74.82
9330.60,-27.41,-3.38,-12.61,-13.72,-13.97,-15.31,-74.35
9456.64,-28.10,-2.29,-12.52,-13.63,-13.91,-15.28,-73.70
9584.38,-28.83,-0.94,-12.42,-13.54,-13.83,-15.26,-72.78
9713.85,-29.57,0.82,-12.32,-13.43,-13.76,-15.24,-71.46
9845.06,-30.34,3.27,-12.21,-13.32,-13.68,-15.21,-69.46
9978.05,-31.13,7.07,-12.09,-13.20,-13.59,-15.19,-66.09
10112.84,-31.93,14.70,-11.96,-13.07,-13.50,-15.16,-58.87
10249.44,-32.72,16.14,-11.81,-12.93,-13.40,-15.13,-57.81
10387.89,-33.49,6.52,-11.66,-12.78,-13.29,-15.09,-67.76
10528.21,-34.20,1.52,-11.49,-12.61,-13.18,-15.06,-72.98
10670.43,-34.81,-1.97,-11.30,-12.43,-13.06,-15.02,-76.54
10814.57,-35.28,-4.73,-11.10,-12.22,-12.92,-14.98,-79.19
10960.65,-35.56,-7.07,-10.87,-12.00,-12.78,-14.94,-81.19
11108.71,-35.65,-9.16,-10.63,-11.75,-12.62,-14.89,-82.66
11258.77,-35.54,-11.08,-10.36,-11.48,-12.45,-14.84,-83.71
11410.85,-35.26,-12.89,-10.07,-11.17,-12.26,-14.79,-84.41
11564.99,-34.86,-14.65,-9.76,-10.82,-12.06,-14.73,-84.84
11721.22,-34.38,-16.37,-9.44,-10.42,-11.83,-14.66,-85.07
11879.55,-33.87,-18.11,-9.13,-9.96,-11.58,-14.60,-85.19
12040.02,-33.33,-19.88,-8.85,-9.42,-11.30,-14.52,-85.27
12202.66,-32.80,-21.74,-8.67,-8.79,-10.99,-14.44,-85.38
12367.49,-32.28,-23.72,-8.68,-8.04,-10.64,-14.35,-85.67
12534.56,-31.78,-25.91,-9.01,-7.11,-10.24,-14.24,-86.26
12703.87,-31.31,-28.41,-9.77,-5.95,-9.78,-14.13,-87.31
12875.48,-30.87,-31.41,-11.01,-4.42,-9.25,-14.01,-88.93
13049.40,-30.44,-35.33,-12.70,-2.30,-8.63,-13.87,-91.24
13225.68,-30.05,-41.24,-14.75,0.97,-7.90,-13.71,-94.64
13404.33,-29.68,-48.88,-17.12,7.30,-7.01,-13.53,-96.87
13585.40,-29.33,-41.93,-19.80,15.32,-5.90,-13.33,-82.93
13768.91,-29.00,-37.04,-22.87,2.27,-4.49,-13.09,-92.18
13954.91,-28.70,-34.09,-26.50,-3.59,-2.58,-12.82,-96.24
14143.41,-28.41,-32.05,-30.97,-7.60,0.21,-12.50,-99.28
14334.46,-28.14,-30.52,-35.52,-10.81,5.00,-12.12,-100.07
14528.09,-27.89,-29.33,-35.00,-13.60,17.97,-11.66,-87.47
14724.34,-27.66,-28.36,-31.68,-16.17,6.64,-11.10,-96.29
14923.24,-27.44,-27.56,-29.11,-18.62,-0.63,-10.39,-101.71
15124.83,-27.23,-26.89,-27.28,-21.05,-5.02,-9.47,-104.89
15329.13,-27.04,-26.31,-25.92,-23.51,-8.31,-8.22,-107.27
15536.20,-26.86,-25.82,-24.88,-26.05,-11.04,-6.42,-109.04
15746.07,-26.69,-25.38,-24.06,-28.68,-13.45,-3.54,-109.76
15958.77,-26.53,-25.01,-23.40,-31.26,-15.65,2.32,-107.48
16174.34,-26.39,-24.67,-22.85,-33.31,-17.73,11.09,-101.82
16392.83,-26.26,-24.38,-22.40,-34.11,-19.74,-3.53,-118.37
16614.26,-26.13,-24.12,-22.02,-33.61,-21.72,-10.24,-125.80
16838.69,-26.02,-23.89,-21.70,-32.52,-23.71,-15.25,-131.06
17066.15,-25.92,-23.69,-21.42,-31.39,-25.75,-19.78,-135.92
17296.68,-25.82,-23.51,-21.19,-30.40,-27.86,-24.45,-141.20
17530.33,-25.74,-23.36,-20.99,-29.57,-30.09,-29.98,-147.70
17767.13,-25.67,-23.23,-20.82,-28.90,-32.49,-38.48,-157.54
18007.13,-25.60,-23.11,-20.68,-28.35,-35.11,-52.33,-173.14
18250.38,-25.55,-23.02,-20.57,-27.91,-38.03,-37.74,-160.77
18496.91,-25.50,-22.94,-20.48,-27.57,-41.37,-33.66,-159.48
18746.77,-25.46,-22.88,-20.40,-27.31,-45.31,-31.58,-160.92
19000.00,-25.44,-22.83,-20.35,-27.13,-50.19,-30.41,-164.31
# M100_Q100
20.00,-6.37,-10.04,-2.85,-4.53,15.05,8.76,12.06
20.27,-6.37,-10.04,-2.85,-4.53,15.06,8.76,12.06
20.54,-6.37,-10.04,-2.85,-4.53,15.06,8.76,12.06
20.82,-6.37,-10.04,-2.85,-4.53,15.06,8.76,12.06
21.10,-6.37,-10.04,-2.85,-4.53,15.06,8.76,12.06
21.39,-6.37,-10.04,-2.85,-4.53,15.06,8.76,12.06
21.68,-6.37,-10.04,-2.85,-4.53,15.06,8.76,12.07
21.97,-6.37,-10.04,-2.85,-4.53,15.06,8.76,12.07
22.27,-6.37,-10.04,-2.85,-4.53,15.06,8.76,12.07
22.57,-6.37,-10.04,-2.85,-4.53,15.07,8.76,12.07
22.87,-6.37,-10.04,-2.85,-4.53,15.07,8.76,12.07
23.18,-6.37,-10.04,-2.85,-4.53,15.07,8.76,12.07
23.49,-6.37,-10.04,-2.85,-4.53,15.07,8.76,12.08
23.81,-6.37,-10.04,-2.85,-4.53,15.07,8.76,12.08
24.13,-6.37,-10.04,-2.85,-4.53,15.07,8.76,12.08
24.46,-6.37,-10.04,-2.85,-4.53,15.08,8.76,12.08
24.79,-6.37,-10.04,-2.85,-4.53,15.08,8.76,12.08
25.12,-6.37,-10.04,-2.85,-4.53,15.08,8.76,12.08
25.46,-6.37,-10.04,-2.85,-4.53,15.08,8.76,12.09
25.81,-6.37,-10.04,-2.85,-4.53,15.08,8.76,12.09
26.16,-6.37,-10.04,-2.85,-4.53,15.09,8.76,12.09
26.51,-6.37,-10.04,-2.85,-4.53,15.09,8.76,12.09
26.87,-6.37,-10.04,-2.85,-4.53,15.09,8.76,12.09
27.23,-6.37,-10.04,-2.85,-4.53,15.09,8.76,12.10
27.60,-6.37,-10.04,-2.85,-4.53,15.09,8.76,12.10
27.97,-6.37,-10.04,-2.85,-4.53,15.10,8.76,12.10
28.35,-6.37,-10.04,-2.85,-4.53,15.10,8.76,12.10
28.73,-6.37,-10.04,-2.85,-4.53,15.10,8.76,12.10
29.12,-6.37,-10.04,-2.85,-4.53,15.10,8.76,12.11
29.51,-6.37,-10.04,-2.85,-4.53,15.11,8.76,12.11
29.91,-6.37,-10.04,-2.85,-4.53,15.11,8.76,12.11
30.32,-6.37,-10.04,-2.85,-4.53,15.11,8.76,12.12
30.73,-6.37,-10.04,-2.85,-4.53,15.11,8.76,12.12
31.14,-6.37,-10.04,-2.85,-4.53,15.12,8.76,12.12
31.56,-6.37,-10.04,-2.85,-4.53,15.12,8.76,12.12
31.99,-6.37,-10.04,-2.85,-4.53,15.12,8.76,12.13
32.42,-6.37,-10.04,-2.85,-4.53,15.13,8.76,12.13
32.86,-6.37,-10.04,-2.85,-4.53,15.13,8.76,12.13
33.30,-6.37,-10.04,-2.85,-4.53,15.13,8.76,12.14
33.75,-6.37,-10.04,-2.85,-4.53,15.14,8.76,12.14
34.21,-6.37,-10.04,-2.85,-4.53,15.14,8.76,12.14
34.67,-6.37,-10.04,-2.85,-4.53,15.14,8.76,12.15
35.14,-6.37,-10.04,-2.85,-4.53,15.15,8.76,12.15
35.61,-6.37,-10.04,-2.85,-4.53,15.15,8.76,12.15
36.09,-6.37,-10.04,-2.85,-4.53,15.15,8.76,12.16
36.58,-6.37,-10.04,-2.85,-4.53,15.16,8.76,12.16
37.08,-6.37,-10.04,-2.85,-4.53,15.16,8.76,12.16
37.58,-6.37,-10.04,-2.85,-4.53,15.17,8.76,12.17
38.08,-6.37,-10.04,-2.85,-4.53,15.17,8.76,12.17
38.60,-6.37,-10.04,-2.85,-4.53,15.17,8.76,12.18
39.12,-6.37,-10.04,-2.85,-4.53,15.18,8.76,12.18
39.65,-6.37,-10.04,-2.85,-4.53,15.18,8.76,12.19
40.18,-6.37,-10.04,-2.85,-4.53,15.19,8.76,12.19
40.73,-6.37,-10.04,-2.85,-4.53,15.19,8.76,12.20
41.28,-6.37,-10.04,-2.85,-4.53,15.20,8.76,12.20
41.83,-6.37,-10.04,-2.85,-4.53,15.20,8.76,12.21
42.40,-6.37,-10.04,-2.85,-4.53,15.21,8.76,12.21
42.97,-6.37,-10.04,-2.85,-4.53,15.21,8.76,12.22
43.55,-6.37,-10.04,-2.85,-4.53,15.22,8.76,12.22
44.14,-6.37,-10.04,-2.85,-4.53,15.22,8.76,12.23
44.74,-6.37,-10.04,-2.85,-4.53,15.23,8.76,12.23
45.34,-6.37,-10.04,-2.85,-4.53,15.24,8.76,12.24
45.95,-6.37,-10.04,-2.85,-4.53,15.24,8.76,12.25
46.57,-6.37,-10.04,-2.85,-4.53,15.25,8.76,12.25
47.20,-6.37,-10.04,-2.85,-4.53,15.26,8.76,12.26
47.84,-6.37,-10.04,-2.85,-4.53,15.26,8.76,12.27
48.49,-6.37,-10.04,-2.85,-4.53,15.27,8.76,12.27
49.14,-6.37,-10.04,-2.85,-4.53,15.28,8.76,12.28
49.81,-6.37,-10.04,-2.85,-4.53,15.28,8.76,12.29
50.48,-6.37,-10.04,-2.85,-4.53,15.29,8.76,12.29
51.16,-6.37,-10.04,-2.85,-4.53,15.30,8.76,12.30
51.85,-6.37,-10.04,-2.85,-4.53,15.31,8.76,12.31
52.55,-6.37,-10.04,-2.85,-4.53,15.32,8.76,12.32
53.26,-6.37,-10.04,-2.85,-4.53,15.32,8.76,12.33
53.98,-6.37,-10.04,-2.85,-4.53,15.33,8.76,12.33
54.71,-6.37,-10.04,-2.85,-4.53,15.34,8.76,12.34
55.45,-6.37,-10.04,-2.85,-4.53,15.35,8.76,12.35
56.20,-6.37,-10.04,-2.85,-4.53,15.36,8.76,12.36
56.96,-6.37,-10.04,-2.85,-4.53,15.37,8.76,12.37
57.73,-6.37,-10.04,-2.85,-4.53,15.38,8.76,12.38
58.51,-6.37,-10.04,-2.85,-4.53,15.39,8.76,12.39
59.30,-6.37,-10.04,-2.85,-4.53,15.40,8.76,12.40
60.10,-6.37,-10.04,-2.85,-4.53,15.41,8.76,12.41
60.91,-6.37,-10.04,-2.85,-4.53,15.42,8.76,12.42
61.73,-6.37,-10.04,-2.85,-4.53,15.43,8.76,12.44
62.57,-6.37,-10.04,-2.85,-4.53,15.45,8.76,12.45
63.41,-6.37,-10.04,-2.85,-4.53,15.46,8.76,12.46
64.27,-6.37,-10.04,-2.85,-4.53,15.47,8.76,12.47
65.14,-6.37,-10.04,-2.85,-4.53,15.48,8.76,12.48
66.02,-6.37,-10.04,-2.85,-4.53,15.50,8.76,12.50
66.91,-6.37,-10.04,-2.85,-4.53,15.51,8.76,12.51
67.81,-6.37,-10.04,-2.85,-4.53,15.52,8.76,12.52
68.73,-6.37,-10.04,-2.85,-4.53,15.54,8.76,12.54
69.66,-6.37,-10.04,-2.85,-4.53,15.55,8.76,12.55
70.60,-6.37,-10.04,-2.85,-4.53,15.57,8.76,12.57
71.55,-6.37,-10.04,-2.85,-4.53,15.58,8.76,12.58
72.52,-6.37,-10.04,-2.85,-4.53,15.60,8.76,12.60
73.50,-6.37,-10.04,-2.85,-4.53,15.61,8.76,12.62
74.49,-6.37,-10.05,-2.85,-4.53,15.63,8.76,12.63
75.50,-6.37,-10.05,-2.85,-4.53,15.65,8.76,12.65
76.52,-6.37,-10.05,-2.85,-4.53,15.67,8.76,12.67
77.55,-6.37,-10.05,-2.85,-4.53,15.69,8.76,12.69
78.60,-6.37,-10.05,-2.85,-4.53,15.70,8.76,12.70
79.66,-6.37,-10.05,-2.85,-4.53,15.72,8.76,12.72
80.74,-6.37,-10.05,-2.85,-4.53,15.74,8.76,12.74
81.83,-6.37,-10.05,-2.85,-4.53,15.76,8.76,12.76
82.93,-6.37,-10.05,-2.85,-4.53,15.79,8.76,12.79
84.05,-6.37,-10.05,-2.85,-4.53,15.81,8.76,12.81
85.19,-6.37,-10.05,-2.85,-4.53,15.83,8.76,12.83
86.34,-6.37,-10.05,-2.85,-4.53,15.85,8.76,12.85
87.50,-6.37,-10.05,-2.85,-4.53,15.88,8.76,12.88
88.69,-6.37,-10.05,-2.85,-4.53,15.90,8.76,12.90
89.88,-6.37,-10.05,-2.85,-4.53,15.93,8.76,12.93
91.10,-6.37,-10.05,-2.85,-4.53,15.95,8.76,12.95
92.33,-6.37,-10.05,-2.85,-4.53,15.98,8.76,12.98
93.58,-6.37,-10.05,-2.85,-4.53,16.01,8.76,13.01
94.84,-6.37,-10.05,-2.85,-4.53,16.04,8.76,13.03
96.12,-6.37,-10.05,-2.85,-4.53,16.06,8.76,13.06
97.42,-6.37,-10.05,-2.85,-4.53,16.10,8.76,13.09
98.74,-6.37,-10.05,-2.85,-4.53,16.13,8.76,13.12
100.07,-6.37,-10.05,-2.85,-4.53,16.16,8.76,13.15
101.42,-6.37,-10.05,-2.85,-4.53,16.19,8.76,13.19
102.79,-6.37,-10.05,-2.85,-4.53,16.22,8.76,13.22
104.18,-6.37,-10.05,-2.85,-4.53,16.26,8.76,13.26
105.59,-6.37,-10.05,-2.85,-4.53,16.30,8.76,13.29
107.01,-6.37,-10.05,-2.85,-4.53,16.33,8.76,13.33
108.46,-6.37,-10.05,-2.85,-4.53,16.37,8.76,13.37
109.92,-6.37,-10.05,-2.85,-4.53,16.41,8.76,13.40
111.41,-6.37,-10.05,-2.85,-4.53,16.45,8.76,13.45
112.91,-6.37,-10.05,-2.85,-4.53,16.49,8.76,13.49
114.44,-6.37,-10.05,-2.85,-4.53,16.53,8.76,13.53
115.98,-6.37,-10.05,-2.85,-4.53,16.58,8.76,13.57
117.55,-6.37,-10.05,-2.85,-4.53,16.62,8.76,13.62
119.14,-6.37,-10.05,-2.85,-4.53,16.67,8.76,13.66
120.75,-6.37,-10.06,-2.85,-4.53,16.72,8.76,13.71
122.38,-6.37,-10.06,-2.85,-4.53,16.77,8.76,13.76
124.03,-6.37,-10.06,-2.85,-4.53,16.82,8.76,13.81
125.71,-6.37,-10.06,-2.85,-4.53,16.87,8.76,13.87
127.41,-6.37,-10.06,-2.85,-4.53,16.93,8.76,13.92
129.13,-6.37,-10.06,-2.85,-4.53,16.98,8.76,13.98
130.87,-6.37,-10.06,-2.85,-4.53,17.04,8.76,14.03
132.64,-6.37,-10.06,-2.85,-4.53,17.10,8.76,14.09
134.43,-6.37,-10.06,-2.85,-4.53,17.16,8.76,14.15
136.25,-6.37,-10.06,-2.85,-4.53,17.23,8.76,14.22
138.09,-6.37,-10.06,-2.85,-4.53,17.29,8.76,14.28
139.95,-6.37,-10.06,-2.85,-4.53,17.36,8.76,14.35
141.84,-6.37,-10.06,-2.85,-4.53,17.43,8.76,14.42
143.76,-6.37,-10.06,-2.85,-4.53,17.50,8.76,14.49
145.70,-6.37,-10.06,-2.85,-4.53,17.57,8.76,14.56
147.67,-6.37,-10.06,-2.85,-4.53,17.65,8.76,14.64
149.66,-6.37,-10.06,-2.85,-4.53,17.73,8.76,14.72
151.69,-6.37,-10.06,-2.85,-4.53,17.81,8.76,14.80
153.73,-6.37,-10.07,-2.85,-4.53,17.89,8.76,14.88
155.81,-6.37,-10.07,-2.85,-4.53,17.98,8.76,14.96
157.92,-6.37,-10.07,-2.85,-4.53,18.06,8.76,15.05
160.05,-6.37,-10.07,-2.85,-4.53,18.15,8.76,15.14
162.21,-6.37,-10.07,-2.85,-4.53,18.25,8.76,15.23
164.40,-6.37,-10.07,-2.85,-4.53,18.34,8.76,15.33
166.62,-6.37,-10.07,-2.85,-4.53,18.44,8.76,15.42
168.87,-6.37,-10.07,-2.85,-4.53,18.54,8.76,15.52
171.16,-6.37,-10.07,-2.85,-4.53,18.64,8.76,15.63
173.47,-6.37,-10.07,-2.84,-4.53,18.75,8.76,15.73
175.81,-6.37,-10.07,-2.84,-4.53,18.86,8.76,15.84
178.19,-6.37,-10.07,-2.84,-4.53,18.97,8.76,15.95
180.59,-6.37,-10.08,-2.84,-4.53,19.08,8.76,16.06
183.03,-6.37,-10.08,-2.84,-4.53,19.19,8.76,16.17
185.50,-6.37,-10.08,-2.84,-4.53,19.31,8.76,16.29
188.01,-6.37,-10.08,-2.84,-4.53,19.43,8.76,16.41
190.55,-6.37,-10.08,-2.84,-4.53,19.55,8.76,16.52
193.12,-6.37,-10.08,-2.84,-4.53,19.67,8.76,16.64
195.73,-6.37,-10.08,-2.84,-4.53,19.79,8.76,16.76
198.38,-6.37,-10.08,-2.84,-4.53,19.91,8.76,16.88
201.06,-6.37,-10.08,-2.84,-4.53,20.03,8.76,17.00
203.77,-6.37,-10.09,-2.84,-4.53,20.15,8.76,17.12
206.52,-6.37,-10.09,-2.84,-4.53,20.26,8.76,17.23
209.31,-6.37,-10.09,-2.84,-4.53,20.37,8.76,17.34
212.14,-6.37,-10.09,-2.84,-4.53,20.48,8.76,17.45
215.01,-6.37,-10.09,-2.84,-4.53,20.58,8.76,17.55
217.91,-6.37,-10.09,-2.84,-4.53,20.68,8.76,17.64
220.86,-6.37,-10.09,-2.84,-4.52,20.76,8.76,17.73
223.84,-6.37,-10.10,-2.84,-4.52,20.83,8.76,17.80
226.86,-6.37,-10.10,-2.84,-4.52,20.89,8.76,17.86
229.93,-6.37,-10.10,-2.84,-4.52,20.94,8.76,17.90
233.03,-6.37,-10.10,-2.84,-4.52,20.97,8.76,17.93
236.18,-6.37,-10.10,-2.84,-4.52,20.97,8.76,17.94
239.37,-6.37,-10.10,-2.84,-4.52,20.96,8.76,17.92
242.60,-6.37,-10.11,-2.84,-4.52,20.92,8.76,17.88
245.88,-6.37,-10.11,-2.84,-4.52,20.86,8.76,17.82
249.20,-6.37,-10.11,-2.84,-4.52,20.78,8.76,17.73
252.57,-6.37,-10.11,-2.84,-4.52,20.66,8.76,17.62
255.98,-6.37,-10.11,-2.84,-4.52,20.52,8.76,17.47
259.44,-6.37,-10.11,-2.83,-4.52,20.35,8.76,17.30
262.94,-6.37,-10.12,-2.83,-4.52,20.16,8.76,17.11
266.49,-6.37,-10.12,-2.83,-4.52,19.93,8.76,16.88
270.09,-6.37,-10.12,-2.83,-4.52,19.69,8.76,16.64
273.74,-6.37,-10.12,-2.83,-4.52,19.42,8.76,16.37
277.44,-6.37,-10.13,-2.83,-4.52,19.13,8.76,16.08
281.19,-6.37,-10.13,-2.83,-4.52,18.82,8.76,15.77
284.99,-6.37,-10.13,-2.83,-4.52,18.50,8.76,15.44
288.84,-6.37,-10.13,-2.83,-4.52,18.16,8.76,15.10
292.74,-6.37,-10.14,-2.83,-4.52,17.81,8.76,14.75
296.69,-6.37,-10.14,-2.83,-4.52,17.45,8.76,14.38
300.70,-6.37,-10.14,-2.83,-4.52,17.08,8.76,14.01
304.76,-6.37,-10.14,-2.83,-4.52,16.70,8.76,13.63
308.88,-6.37,-10.15,-2.83,-4.52,16.31,8.76,13.24
313.05,-6.37,-10.15,-2.83,-4.52,15.92,8.76,12.85
317.28,-6.37,-10.15,-2.83,-4.52,15.53,8.76,12.45
321.57,-6.37,-10.16,-2.83,-4.52,15.13,8.76,12.05
325.91,-6.37,-10.16,-2.82,-4.52,14.73,8.76,11.65
330.31,-6.37,-10.16,-2.82,-4.52,14.34,8.76,11.25
334.77,-6.37,-10.17,-2.82,-4.52,13.94,8.76,10.85
339.30,-6.37,-10.17,-2.82,-4.52,13.54,8.76,10.45
343.88,-6.37,-10.17,-2.82,-4.52,13.14,8.76,10.05
348.52,-6.37,-10.18,-2.82,-4.52,12.74,8.76,9.65
353.23,-6.37,-10.18,-2.82,-4.52,12.34,8.76,9.24
358.00,-6.37,-10.19,-2.82,-4.52,11.94,8.76,8.84
362.84,-6.37,-10.19,-2.82,-4.52,11.55,8.76,8.45
367.74,-6.37,-10.19,-2.82,-4.52,11.15,8.76,8.05
372.71,-6.37,-10.20,-2.82,-4.52,10.76,8.76,7.65
377.74,-6.37,-10.20,-2.81,-4.52,10.37,8.76,7.26
382.85,-6.37,-10.21,-2.81,-4.52,9.98,8.76,6.86
388.02,-6.37,-10.21,-2.81,-4.52,9.59,8.76,6.47
393.26,-6.37,-10.22,-2.81,-4.52,9.20,8.76,6.08
398.57,-6.37,-10.22,-2.81,-4.52,8.81,8.76,5.69
403.96,-6.37,-10.23,-2.81,-4.52,8.43,8.76,5.30
409.41,-6.37,-10.23,-2.81,-4.52,8.04,8.76,4.91
414.94,-6.38,-10.24,-2.81,-4.52,7.66,8.76,4.52
420.55,-6.38,-10.24,-2.81,-4.52,7.28,8.76,4.14
426.23,-6.38,-10.25,-2.80,-4.52,6.89,8.76,3.75
431.99,-6.38,-10.26,-2.80,-4.52,6.51,8.76,3.36
437.82,-6.38,-10.26,-2.80,-4.52,6.13,8.76,2.98
443.74,-6.38,-10.27,-2.80,-4.52,5.75,8.76,2.59
449.73,-6.38,-10.28,-2.80,-4.52,5.37,8.76,2.21
455.80,-6.38,-10.28,-2.80,-4.51,4.99,8.76,1.82
461.96,-6.38,-10.29,-2.80,-4.51,4.61,8.76,1.44
468.20,-6.38,-10.30,-2.79,-4.51,4.23,8.76,1.05
474.53,-6.38,-10.30,-2.79,-4.51,3.85,8.76,0.67
480.94,-6.38,-10.31,-2.79,-4.51,3.47,8.76,0.28
487.43,-6.38,-10.32,-2.79,-4.51,3.09,8.76,-0.11
494.02,-6.38,-10.33,-2.79,-4.51,2.71,8.76,-0.50
500.69,-6.38,-10.34,-2.79,-4.51,2.32,8.76,-0.89
507.45,-6.38,-10.35,-2.78,-4.51,1.94,8.76,-1.28
514.31,-6.38,-10.35,-2.78,-4.51,1.55,8.76,-1.67
521.26,-6.38,-10.36,-2.78,-4.51,1.17,8.76,-2.06
528.30,-6.38,-10.37,-2.78,-4.51,0.78,8.76,-2.46
535.43,-6.38,-10.38,-2.78,-4.51,0.39,8.76,-2.85
542.67,-6.38,-10.39,-2.78,-4.51,0.00,8.76,-3.25
550.00,-6.38,-10.40,-2.77,-4.51,-0.39,8.76,-3.65
557.43,-6.38,-10.41,-2.77,-4.51,-0.79,8.76,-4.05
564.96,-6.38,-10.43,-2.77,-4.51,-1.18,8.76,-4.46
572.59,-6.38,-10.44,-2.77,-4.51,-1.58,8.76,-4.87
580.32,-6.38,-10.45,-2.76,-4.51,-1.98,8.76,-5.27
588.16,-6.38,-10.46,-2.76,-4.51,-2.38,8.76,-5.69
596.11,-6.38,-10.47,-2.76,-4.51,-2.79,8.76,-6.10
604.16,-6.38,-10.49,-2.76,-4.50,-3.20,8.76,-6.52
612.32,-6.38,-10.50,-2.75,-4.50,-3.61,8.76,-6.94
620.59,-6.38,-10.52,-2.75,-4.50,-4.02,8.76,-7.36
628.97,-6.38,-10.53,-2.75,-4.50,-4.43,8.76,-7.79
637.47,-6.38,-10.55,-2.75,-4.50,-4.85,8.76,-8.21
646.08,-6.38,-10.56,-2.74,-4.50,-5.26,8.76,-8.64
654.81,-6.38,-10.58,-2.74,-4.50,-5.68,8.76,-9.08
663.65,-6.38,-10.59,-2.74,-4.50,-6.10,8.76,-9.51
672.62,-6.38,-10.61,-2.74,-4.50,-6.53,8.76,-9.94
681.70,-6.38,-10.63,-2.73,-4.50,-6.95,8.76,-10.38
690.91,-6.38,-10.65,-2.73,-4.50,-7.37,8.76,-10.81
700.25,-6.38,-10.67,-2.73,-4.50,-7.79,8.76,-11.25
709.71,-6.38,-10.69,-2.72,-4.50,-8.20,8.76,-11.68
719.29,-6.38,-10.71,-2.72,-4.49,-8.62,8.76,-12.11
729.01,-6.38,-10.73,-2.72,-4.49,-9.02,8.76,-12.54
738.86,-6.38,-10.75,-2.71,-4.49,-9.43,8.77,-12.95
748.84,-6.38,-10.77,-2.71,-4.49,-9.82,8.77,-13.36
758.95,-6.38,-10.80,-2.71,-4.49,-10.20,8.77,-13.76
769.20,-6.38,-10.82,-2.70,-4.49,-10.56,8.77,-14.15
779.59,-6.38,-10.85,-2.70,-4.49,-10.91,8.77,-14.52
790.13,-6.38,-10.87,-2.70,-4.49,-11.24,8.77,-14.87
800.80,-6.38,-10.90,-2.69,-4.49,-11.55,8.77,-15.21
811.62,-6.38,-10.93,-2.69,-4.49,-11.84,8.77,-15.51
822.58,-6.38,-10.96,-2.68,-4.48,-12.09,8.77,-15.79
833.69,-6.38,-10.99,-2.68,-4.48,-12.32,8.77,-16.05
844.95,-6.38,-11.02,-2.68,-4.48,-12.52,8.77,-16.27
856.37,-6.38,-11.06,-2.67,-4.48,-12.68,8.77,-16.46
867.93,-6.38,-11.09,-2.67,-4.48,-12.81,8.77,-16.62
879.66,-6.38,-11.13,-2.66,-4.48,-12.91,8.77,-16.75
891.54,-6.38,-11.16,-2.66,-4.48,-12.97,8.77,-16.84
903.58,-6.38,-11.20,-2.66,-4.48,-13.00,8.77,-16.91
915.79,-6.38,-11.24,-2.65,-4.47,-13.01,8.77,-16.95
928.16,-6.38,-11.29,-2.65,-4.47,-12.99,8.77,-16.96
940.70,-6.38,-11.33,-2.64,-4.47,-12.94,8.77,-16.96
953.40,-6.38,-11.38,-2.64,-4.47,-12.87,8.77,-16.93
966.28,-6.38,-11.43,-2.63,-4.47,-12.79,8.77,-16.89
979.34,-6.38,-11.48,-2.63,-4.47,-12.69,8.77,-16.84
992.57,-6.38,-11.53,-2.63,-4.46,-12.58,8.77,-16.77
1005.97,-6.38,-11.59,-2.62,-4.46,-12.46,8.77,-16.70
1019.56,-6.38,-11.65,-2.62,-4.46,-12.33,8.77,-16.62
1033.33,-6.38,-11.71,-2.61,-4.46,-12.19,8.77,-16.54
1047.29,-6.38,-11.77,-2.61,-4.46,-12.05,8.77,-16.46
1061.44,-6.39,-11.84,-2.61,-4.45,-11.91,8.77,-16.38
1075.78,-6.39,-11.91,-2.60,-4.45,-11.76,8.77,-16.30
1090.31,-6.39,-11.98,-2.60,-4.45,-11.62,8.77,-16.22
1105.04,-6.39,-12.06,-2.60,-4.45,-11.47,8.77,-16.15
1119.96,-6.39,-12.15,-2.59,-4.44,-11.33,8.78,-16.08
1135.09,-6.39,-12.23,-2.59,-4.44,-11.18,8.78,-16.02
1150.43,-6.39,-12.32,-2.59,-4.44,-11.04,8.78,-15.97
1165.97,-6.39,-12.42,-2.59,-4.44,-10.91,8.78,-15.92
1181.72,-6.39,-12.52,-2.59,-4.43,-10.77,8.78,-15.88
1197.68,-6.39,-12.63,-2.59,-4.43,-10.64,8.78,-15.85
1213.86,-6.39,-12.74,-2.59,-4.43,-10.51,8.78,-15.83
1230.25,-6.39,-12.86,-2.59,-4.43,-10.38,8.78,-15.83
1246.87,-6.39,-12.99,-2.59,-4.42,-10.26,8.78,-15.83
1263.72,-6.39,-13.12,-2.59,-4.42,-10.14,8.78,-15.84
1280.79,-6.39,-13.26,-2.60,-4.42,-10.02,8.78,-15.87
1298.09,-6.39,-13.41,-2.60,-4.41,-9.91,8.78,-15.90
1315.62,-6.39,-13.57,-2.61,-4.41,-9.80,8.78,-15.95
1333.39,-6.39,-13.73,-2.62,-4.41,-9.69,8.78,-16.02
1351.41,-6.39,-13.90,-2.63,-4.40,-9.59,8.78,-16.09
1369.66,-6.39,-14.09,-2.64,-4.40,-9.49,8.78,-16.18
1388.16,-6.39,-14.27,-2.65,-4.40,-9.39,8.78,-16.28
1406.91,-6.39,-14.46,-2.67,-4.39,-9.30,8.78,-16.39
1425.92,-6.40,-14.66,-2.69,-4.39,-9.20,8.79,-16.51
1445.18,-6.40,-14.85,-2.72,-4.38,-9.12,8.79,-16.64
1464.70,-6.40,-15.04,-2.75,-4.38,-9.03,8.79,-16.77
1484.49,-6.40,-15.21,-2.78,-4.38,-8.95,8.79,-16.88
1504.54,-6.40,-15.36,-2.82,-4.37,-8.87,8.79,-16.98
1524.86,-6.40,-15.46,-2.86,-4.37,-8.79,8.79,-17.04
1545.46,-6.40,-15.50,-2.91,-4.36,-8.71,8.79,-17.05
1566.34,-6.40,-15.45,-2.97,-4.36,-8.64,8.79,-16.98
1587.50,-6.40,-15.28,-3.04,-4.35,-8.57,8.79,-16.81
1608.94,-6.40,-14.98,-3.11,-4.35,-8.50,8.79,-16.51
1630.67,-6.40,-14.52,-3.20,-4.34,-8.43,8.79,-16.07
1652.70,-6.40,-13.90,-3.30,-4.33,-8.37,8.79,-15.47
1675.03,-6.40,-13.12,-3.41,-4.33,-8.30,8.79,-14.73
1697.65,-6.41,-12.18,-3.54,-4.32,-8.24,8.79,-13.85
1720.59,-6.41,-11.11,-3.68,-4.32,-8.18,8.79,-12.87
1743.83,-6.41,-9.93,-3.85,-4.31,-8.13,8.80,-11.78
1767.38,-6.41,-8.64,-4.03,-4.30,-8.07,8.80,-10.62
1791.26,-6.41,-7.26,-4.24,-4.29,-8.02,8.80,-9.38
1815.45,-6.41,-5.78,-4.47,-4.29,-7.97,8.80,-8.08
1839.98,-6.41,-4.20,-4.73,-4.28,-7.92,8.80,-6.70
1864.83,-6.41,-2.49,-5.02,-4.27,-7.87,8.80,-5.22
1890.02,-6.41,-0.62,-5.35,-4.26,-7.82,8.80,-3.63
1915.55,-6.42,1.44,-5.71,-4.25,-7.77,8.80,-1.87
1941.43,-6.42,3.76,-6.11,-4.25,-7.73,8.80,0.10
1967.65,-6.42,6.41,-6.55,-4.24,-7.69,8.80,2.36
1994.23,-6.42,9.33,-7.04,-4.23,-7.64,8.80,4.84
2021.17,-6.42,11.88,-7.57,-4.22,-7.60,8.80,6.92
2048.47,-6.42,12.37,-8.14,-4.21,-7.56,8.81,6.88
2076.15,-6.42,10.73,-8.77,-4.20,-7.53,8.81,4.67
2104.19,-6.43,8.68,-9.44,-4.18,-7.49,8.81,1.99
2132.61,-6.43,6.89,-10.16,-4.17,-7.45,8.81,-0.47
2161.42,-6.43,5.43,-10.92,-4.16,-7.42,8.81,-2.65
2190.62,-6.43,4.23,-11.71,-4.15,-7.38,8.81,-4.59
2220.21,-6.43,3.24,-12.51,-4.13,-7.35,8.81,-6.34
2250.20,-6.44,2.41,-13.31,-4.12,-7.32,8.81,-7.92
2280.60,-6.44,1.69,-14.06,-4.11,-7.29,8.81,-9.35
2311.40,-6.44,1.08,-14.73,-4.09,-7.26,8.81,-10.59
2342.63,-6.44,0.54,-15.26,-4.08,-7.23,8.81,-11.61
2374.27,-6.44,0.07,-15.60,-4.06,-7.20,8.81,-12.39
2406.34,-6.45,-0.35,-15.74,-4.04,-7.17,8.81,-12.90
2438.85,-6.45,-0.73,-15.68,-4.02,-7.14,8.81,-13.17
2471.79,-6.45,-1.07,-15.44,-4.01,-7.12,8.81,-13.23
2505.18,-6.45,-1.37,-15.09,-3.99,-7.09,8.81,-13.14
2539.02,-6.46,-1.65,-14.66,-3.97,-7.07,8.81,-12.95
2573.32,-6.46,-1.90,-14.19,-3.94,-7.05,8.81,-12.69
2608.08,-6.46,-2.14,-13.72,-3.92,-7.02,8.81,-12.40
2643.31,-6.46,-2.35,-13.25,-3.90,-7.00,8.81,-12.10
2679.02,-6.47,-2.55,-12.80,-3.87,-6.98,8.81,-11.81
2715.21,-6.47,-2.73,-12.37,-3.85,-6.96,8.81,-11.52
2751.88,-6.48,-2.90,-11.97,-3.82,-6.94,8.81,-11.24
2789.06,-6.48,-3.05,-11.60,-3.79,-6.92,8.81,-10.98
2826.73,-6.48,-3.20,-11.25,-3.76,-6.90,8.81,-10.73
2864.91,-6.49,-3.34,-10.93,-3.73,-6.88,8.81,-10.50
2903.61,-6.49,-3.46,-10.63,-3.69,-6.86,8.81,-10.28
2942.84,-6.50,-3.58,-10.35,-3.66,-6.84,8.81,-10.07
2982.59,-6.50,-3.69,-10.09,-3.62,-6.82,8.81,-9.88
3022.88,-6.50,-3.80,-9.85,-3.58,-6.81,8.81,-9.69
3063.71,-6.51,-3.90,-9.63,-3.53,-6.79,8.81,-9.52
3105.10,-6.51,-3.99,-9.42,-3.49,-6.77,8.81,-9.35
3147.04,-6.52,-4.08,-9.23,-3.44,-6.76,8.80,-9.18
3189.55,-6.53,-4.17,-9.05,-3.38,-6.74,8.80,-9.03
3232.64,-6.53,-4.25,-8.88,-3.33,-6.73,8.80,-8.87
3276.30,-6.54,-4.32,-8.72,-3.26,-6.72,8.80,-8.73
3320.56,-6.55,-4.39,-8.58,-3.20,-6.70,8.79,-8.58
3365.42,-6.55,-4.46,-8.44,-3.13,-6.69,8.79,-8.43
3410.88,-6.56,-4.52,-8.31,-3.05,-6.68,8.79,-8.29
3456.95,-6.57,-4.58,-8.19,-2.97,-6.66,8.78,-8.15
3503.65,-6.58,-4.64,-8.07,-2.88,-6.65,8.78,-8.00
3550.98,-6.59,-4.70,-7.96,-2.78,-6.64,8.77,-7.85
3598.94,-6.60,-4.75,-7.86,-2.67,-6.63,8.77,-7.69
3647.56,-6.61,-4.80,-7.76,-2.55,-6.62,8.76,-7.53
3696.83,-6.62,-4.85,-7.67,-2.42,-6.60,8.75,-7.36
3746.77,-6.63,-4.90,-7.59,-2.27,-6.59,8.75,-7.19
3797.38,-6.64,-4.94,-7.50,-2.11,-6.58,8.74,-6.99
3848.67,-6.66,-4.98,-7.43,-1.92,-6.57,8.73,-6.79
3900.66,-6.67,-5.02,-7.35,-1.72,-6.56,8.72,-6.56
3953.35,-6.69,-5.06,-7.28,-1.48,-6.55,8.71,-6.31
4006.76,-6.70,-5.10,-7.22,-1.22,-6.54,8.70,-6.04
4060.88,-6.72,-5.14,-7.15,-0.91,-6.53,8.69,-5.72
4115.73,-6.74,-5.17,-7.09,-0.56,-6.53,8.68,-5.37
4171.33,-6.76,-5.20,-7.04,-0.14,-6.52,8.66,-4.96
4227.68,-6.79,-5.23,-6.98,0.33,-6.51,8.65,-4.49
4284.79,-6.81,-5.27,-6.93,0.89,-6.50,8.63,-3.94
4342.67,-6.84,-5.29,-6.88,1.51,-6.49,8.62,-3.34
4401.33,-6.87,-5.32,-6.83,2.14,-6.49,8.60,-2.73
4460.78,-6.91,-5.35,-6.79,2.60,-6.48,8.58,-2.30
4521.04,-6.95,-5.38,-6.74,2.47,-6.47,8.56,-2.47
4582.11,-6.99,-5.40,-6.70,1.20,-6.46,8.54,-3.78
4644.00,-7.04,-5.42,-6.66,-1.32,-6.46,8.51,-6.35
4706.74,-7.10,-5.45,-6.62,-4.70,-6.45,8.49,-9.79
4770.32,-7.17,-5.47,-6.59,-8.67,-6.44,8.46,-13.83
4834.75,-7.24,-5.49,-6.55,-13.23,-6.44,8.43,-18.48
4900.06,-7.34,-5.51,-6.52,-18.22,-6.43,8.40,-23.57
4966.25,-7.44,-5.53,-6.49,-20.65,-6.43,8.37,-26.13
5033.34,-7.58,-5.55,-6.46,-18.53,-6.42,8.33,-24.16
5101.33,-7.74,-5.57,-6.43,-16.09,-6.41,8.29,-21.91
5170.24,-7.96,-5.59,-6.40,-14.30,-6.41,8.25,-20.36
5240.08,-8.23,-5.61,-6.37,-13.00,-6.40,8.21,-19.37
5310.86,-8.61,-5.62,-6.34,-12.03,-6.40,8.16,-18.80
5382.60,-9.15,-5.64,-6.32,-11.28,-6.39,8.11,-18.62
5455.31,-9.93,-5.66,-6.29,-10.67,-6.39,8.06,-18.84
5529.00,-10.89,-5.67,-6.27,-10.18,-6.38,8.01,-19.35
5603.69,-9.63,-5.69,-6.25,-9.78,-6.38,7.95,-17.73
5679.38,-0.68,-5.70,-6.23,-9.43,-6.37,7.88,-8.48
5756.10,2.46,-5.71,-6.21,-9.14,-6.37,7.82,-5.10
5833.86,-0.66,-5.73,-6.19,-8.88,-6.36,7.75,-8.03
5912.66,-2.29,-5.74,-6.17,-8.66,-6.36,7.67,-9.50
5992.53,-3.20,-5.75,-6.15,-8.47,-6.36,7.59,-10.29
6073.48,-3.78,-5.76,-6.13,-8.29,-6.35,7.51,-10.76
6155.52,-4.17,-5.78,-6.11,-8.14,-6.35,7.42,-11.08
6238.67,-4.45,-5.79,-6.10,-8.00,-6.34,7.33,-11.30
6322.94,-4.66,-5.80,-6.08,-7.87,-6.34,7.23,-11.48
6408.35,-4.83,-5.81,-6.06,-7.76,-6.34,7.13,-11.63
6494.92,-4.97,-5.82,-6.05,-7.66,-6.33,7.02,-11.76
6582.65,-5.08,-5.83,-6.03,-7.56,-6.33,6.91,-11.88
6671.57,-5.17,-5.84,-6.02,-7.48,-6.33,6.79,-12.00
6761.69,-5.25,-5.85,-6.01,-7.40,-6.32,6.66,-12.12
6853.03,-5.31,-5.86,-5.99,-7.32,-6.32,6.53,-12.24
6945.60,-5.37,-5.87,-5.98,-7.25,-6.32,6.39,-12.36
7039.43,-5.42,-5.87,-5.97,-7.19,-6.32,6.25,-12.48
7134.52,-5.46,-5.88,-5.96,-7.13,-6.31,6.09,-12.61
7230.89,-5.50,-5.89,-5.94,-7.08,-6.31,5.94,-12.75
7328.57,-5.54,-5.90,-5.93,-7.03,-6.31,5.77,-12.89
7427.56,-5.57,-5.91,-5.92,-6.98,-6.30,5.60,-13.04
7527.89,-5.60,-5.91,-5.91,-6.94,-6.30,5.42,-13.20
7629.58,-5.63,-5.92,-5.90,-6.89,-6.30,5.23,-13.36
7732.64,-5.65,-5.93,-5.89,-6.85,-6.30,5.04,-13.54
7837.10,-5.67,-5.93,-5.88,-6.82,-6.29,4.84,-13.72
7942.96,-5.69,-5.94,-5.87,-6.78,-6.29,4.63,-13.90
8050.26,-5.71,-5.95,-5.86,-6.75,-6.29,4.42,-14.10
8159.00,-5.73,-5.95,-5.86,-6.72,-6.29,4.19,-14.30
8269.21,-5.74,-5.96,-5.85,-6.69,-6.29,3.96,-14.52
8380.92,-5.76,-5.96,-5.84,-6.66,-6.28,3.72,-14.74
8494.13,-5.77,-5.97,-5.83,-6.63,-6.28,3.48,-14.96
8608.87,-5.78,-5.97,-5.82,-6.61,-6.28,3.22,-15.20
8725.16,-5.79,-5.98,-5.82,-6.58,-6.28,2.96,-15.45
8843.02,-5.80,-5.98,-5.81,-6.56,-6.28,2.69,-15.70
8962.47,-5.81,-5.99,-5.80,-6.54,-6.27,2.42,-15.96
9083.54,-5.82,-5.99,-5.80,-6.52,-6.27,2.13,-16.23
9206.24,-5.83,-6.00,-5.79,-6.50,-6.27,1.84,-16.51
9330.60,-5.84,-6.00,-5.78,-6.48,-6.27,1.54,-16.80
9456.64,-5.85,-6.01,-5.78,-6.46,-6.27,1.23,-17.10
9584.38,-5.86,-6.01,-5.77,-6.45,-6.27,0.91,-17.40
9713.85,-5.86,-6.02,-5.77,-6.43,-6.26,0.58,-17.71
9845.06,-5.87,-6.02,-5.76,-6.41,-6.26,0.25,-18.04
9978.05,-5.88,-6.02,-5.76,-6.40,-6.26,-0.09,-18.37
10112.84,-5.88,-6.03,-5.75,-6.39,-6.26,-0.44,-18.71
10249.44,-5.89,-6.03,-5.75,-6.37,-6.26,-0.80,-19.06
10387.89,-5.89,-6.03,-5.74,-6.36,-6.26,-1.17,-19.42
10528.21,-5.90,-6.04,-5.74,-6.35,-6.26,-1.55,-19.78
10670.43,-5.90,-6.04,-5.73,-6.33,-6.26,-1.94,-20.16
10814.57,-5.91,-6.04,-5.73,-6.32,-6.25,-2.33,-20.55
10960.65,-5.91,-6.05,-5.72,-6.31,-6.25,-2.74,-20.95
11108.71,-5.92,-6.05,-5.72,-6.30,-6.25,-3.16,-21.35
11258.77,-5.92,-6.05,-5.71,-6.29,-6.25,-3.58,-21.77
11410.85,-5.93,-6.06,-5.71,-6.28,-6.25,-4.02,-22.20
11564.99,-5.93,-6.06,-5.71,-6.27,-6.25,-4.47,-22.65
11721.22,-5.93,-6.06,-5.70,-6.26,-6.25,-4.93,-23.10
11879.55,-5.94,-6.06,-5.70,-6.25,-6.25,-5.41,-23.57
12040.02,-5.94,-6.07,-5.70,-6.25,-6.25,-5.89,-24.05
12202.66,-5.94,-6.07,-5.69,-6.24,-6.24,-6.40,-24.54
12367.49,-5.95,-6.07,-5.69,-6.23,-6.24,-6.91,-25.05
12534.56,-5.95,-6.07,-5.69,-6.22,-6.24,-7.44,-25.58
12703.87,-5.95,-6.08,-5.68,-6.22,-6.24,-7.99,-26.12
12875.48,-5.95,-6.08,-5.68,-6.21,-6.24,-8.56,-26.68
13049.40,-5.96,-6.08,-5.68,-6.20,-6.24,-9.14,-27.26
13225.68,-5.96,-6.08,-5.68,-6.20,-6.24,-9.75,-27.86
13404.33,-5.96,-6.08,-5.67,-6.19,-6.24,-10.37,-28.48
13585.40,-5.96,-6.08,-5.67,-6.19,-6.24,-11.02,-29.13
13768.91,-5.96,-6.09,-5.67,-6.18,-6.24,-11.70,-29.80
13954.91,-5.97,-6.09,-5.67,-6.18,-6.24,-12.41,-30.50
14143.41,-5.97,-6.09,-5.66,-6.17,-6.24,-13.15,-31.23
14334.46,-5.97,-6.09,-5.66,-6.17,-6.24,-13.92,-32.00
14528.09,-5.97,-6.09,-5.66,-6.16,-6.24,-14.73,-32.81
14724.34,-5.97,-6.09,-5.66,-6.16,-6.24,-15.59,-33.66
14923.24,-5.97,-6.10,-5.66,-6.15,-6.23,-16.49,-34.56
15124.83,-5.98,-6.10,-5.65,-6.15,-6.23,-17.45,-35.52
15329.13,-5.98,-6.10,-5.65,-6.15,-6.23,-18.47,-36.54
15536.20,-5.98,-6.10,-5.65,-6.14,-6.23,-19.57,-37.64
15746.07,-5.98,-6.10,-5.65,-6.14,-6.23,-20.76,-38.82
15958.77,-5.98,-6.10,-5.65,-6.14,-6.23,-22.05,-40.11
16174.34,-5.98,-6.10,-5.65,-6.13,-6.23,-23.48,-41.53
16392.83,-5.98,-6.10,-5.65,-6.13,-6.23,-25.06,-43.12
16614.26,-5.98,-6.10,-5.64,-6.13,-6.23,-26.86,-44.91
16838.69,-5.98,-6.10,-5.64,-6.13,-6.23,-28.94,-46.99
17066.15,-5.99,-6.11,-5.64,-6.12,-6.23,-31.43,-49.48
17296.68,-5.99,-6.11,-5.64,-6.12,-6.23,-34.57,-52.62
17530.33,-5.99,-6.11,-5.64,-6.12,-6.23,-38.93,-56.97
17767.13,-5.99,-6.11,-5.64,-6.12,-6.23,-46.50,-64.54
18007.13,-5.99,-6.11,-5.64,-6.12,-6.23,-59.61,-77.65
18250.38,-5.99,-6.11,-5.64,-6.12,-6.23,-44.43,-62.47
18496.91,-5.99,-6.11,-5.64,-6.12,-6.23,-39.88,-57.92
18746.77,-5.99,-6.11,-5.64,-6.11,-6.23,-37.45,-55.49
19000.00,-5.99,-6.11,-5.64,-6.11,-6.23,-36.03,-54.07
