"# RAW ARMAdillo bytes, 4-byte stage blueprint. DECODE TO Hz/radius UNVERIFIED (golden test failed)."
cube,corner_id,routing0,routing1,stage,pole_k1,pole_k2,zero_k1,zero_k2
0,000,255,245,0,85,85,85,85
0,000,255,245,1,85,85,85,95
0,000,255,245,2,255,255,245,95
0,000,255,245,3,255,255,255,255
0,000,255,245,4,255,255,255,245
0,000,255,245,5,85,85,85,85
0,000,255,245,6,85,85,85,95
0,100,245,85,0,85,95,255,255
0,100,245,85,1,255,255,255,255
0,100,245,85,2,255,245,85,95
0,100,245,85,3,255,245,85,85
0,100,245,85,4,85,85,85,85
0,100,245,85,5,85,95,255,255
0,100,245,85,6,245,95,255,255
0,010,255,255,0,255,255,255,255
0,010,255,255,1,239,255,255,191
0,010,255,255,2,255,251,255,250
0,010,255,255,3,175,255,254,255
0,010,255,255,4,110,247,119,117
0,010,255,255,5,110,187,237,123
0,010,255,255,6,117,106,213,110
0,110,246,213,0,187,223,190,239
0,110,246,213,1,190,255,251,239
0,110,246,213,2,187,239,255,253
0,110,246,213,3,238,255,255,255
0,110,246,213,4,255,247,187,223
0,110,246,213,5,255,253,221,251
0,110,246,213,6,189,190,239,125
0,001,222,239,0,245,127,253,223
0,001,222,239,1,255,246,191,255
0,001,222,239,2,215,255,250,222
0,001,222,239,3,247,239,110,247
0,001,222,239,4,187,189,221,255
0,001,222,239,5,251,190,239,123
0,001,222,239,6,255,255,191,127
0,101,251,223,0,255,186,238,253
0,101,251,223,1,251,255,111,238
0,101,251,223,2,247,95,187,219
0,101,251,223,3,110,239,250,255
0,101,251,223,4,246,247,255,182
0,101,251,223,5,191,251,107,255
0,101,251,223,6,255,187,191,181
0,011,187,222,0,187,189,189,255
0,011,187,222,1,250,254,239,127
0,011,187,222,2,127,255,245,255
0,011,187,222,3,239,111,255,182
0,011,187,222,4,238,245,127,253
0,011,187,222,5,247,238,247,95
0,011,187,222,6,187,219,123,191
0,111,246,255,0,247,191,255,94
0,111,246,255,1,191,250,247,255
0,111,246,255,2,255,123,189,118
0,111,246,255,3,238,247,123,189
0,111,246,255,4,239,239,254,254
0,111,246,255,5,239,126,255,253
0,111,246,255,6,125,255,247,127
1,000,255,111,0,251,189,190,239
1,000,255,111,1,109,190,239,251
1,000,255,111,2,127,253,247,255
1,000,255,111,3,173,191,250,219
1,000,255,111,4,255,255,190,247
1,000,255,111,5,117,238,254,190
1,000,255,111,6,239,127,239,254
1,100,255,187,0,215,127,255,245
1,100,255,187,1,255,235,127,255
1,100,255,187,2,106,170,175,183
1,100,255,187,3,250,170,170,170
1,100,255,187,4,170,170,170,170
1,100,255,187,5,175,255,255,250
1,100,255,187,6,175,255,255,255
1,010,255,255,0,255,255,255,239
1,010,255,255,1,253,255,191,223
1,010,255,255,2,251,255,122,175
1,010,255,255,3,247,254,251,181
1,010,255,255,4,183,107,237,119
1,010,255,255,5,239,123,119,214
1,010,255,255,6,234,213,110,246
1,110,213,187,0,223,219,189,239
1,110,213,187,1,239,254,254,239
1,110,213,187,2,127,255,253,238
1,110,213,187,3,255,246,223,255
1,110,213,187,4,251,187,223,255
1,110,213,187,5,253,223,238,247
1,110,213,187,6,95,187,219,123
1,001,191,245,0,255,246,255,255
1,001,191,245,1,91,127,245,183
1,001,191,245,2,255,255,123,189
1,001,191,245,3,235,187,223,123
1,001,191,245,4,189,239,255,253
1,001,191,245,5,254,239,110,255
1,001,191,245,6,255,219,255,221
1,101,191,255,0,247,187,223,183
1,101,191,255,1,255,175,251,189
1,101,191,255,2,190,239,109,222
1,101,191,255,3,239,254,255,250
1,101,191,255,4,255,255,91,127
1,101,191,255,5,245,183,255,255
1,101,191,255,6,123,191,119,187
1,011,222,222,0,239,247,255,255
1,011,222,222,1,127,187,238,255
1,011,222,222,2,255,119,255,223
1,011,222,222,3,127,255,107,187
1,011,222,222,4,221,183,255,127
1,011,222,222,5,238,247,95,187
1,011,222,222,6,219,94,239,251
1,111,127,255,0,191,255,254,191
1,111,127,255,1,255,247,255,255
1,111,127,255,2,94,247,118,238
1,111,127,255,3,247,94,239,87
1,111,127,255,4,255,245,127,187
1,111,127,255,5,219,127,255,123
1,111,127,255,6,255,253,191,255
2,000,221,251,0,189,190,239,117
2,000,221,251,1,219,191,218,255
2,000,221,251,2,247,183,255,253
2,000,221,251,3,127,255,107,255
2,000,221,251,4,255,219,191,183
2,000,221,251,5,187,222,219,189
2,000,221,251,6,221,255,251,190
2,100,239,111,0,191,255,247,255
2,100,239,111,1,215,223,255,218
2,100,239,111,2,170,175,223,245
2,100,239,111,3,85,85,85,85
2,100,239,111,4,85,85,85,95
2,100,239,111,5,255,255,245,95
2,100,239,111,6,255,255,255,255
2,010,255,255,0,255,251,255,127
2,010,255,255,1,239,255,239,251
2,010,255,255,2,255,122,175,255
2,010,255,255,3,191,247,106,238
2,010,255,255,4,183,119,239,118
2,010,255,255,5,189,239,107,213
2,010,255,255,6,106,219,190,251
2,110,238,251,0,251,189,239,239
2,110,238,251,1,254,254,239,123
2,110,238,251,2,255,255,255,255
2,110,238,251,3,254,255,255,251
2,110,238,251,4,187,223,255,253
2,110,238,251,5,247,251,191,95
2,110,238,251,6,187,237,251,191
2,001,183,127,0,255,191,255,186
2,001,183,127,1,255,245,191,255
2,001,183,127,2,237,219,191,91
2,001,183,127,3,187,219,126,239
2,001,183,127,4,127,239,255,191
2,001,183,127,5,187,247,255,253
2,001,183,127,6,254,255,254,191
2,101,255,222,0,238,245,191,255
2,101,255,222,1,223,238,247,95
2,101,255,222,2,187,219,123,191
2,101,255,222,3,183,127,255,191
2,101,255,222,4,255,234,255,245
2,101,255,222,5,191,255,253,174
2,101,255,222,6,247,183,187,219
2,011,123,189,0,247,255,253,254
2,011,123,189,1,239,127,127,255
2,011,123,189,2,251,255,247,127
2,011,123,189,3,255,86,238,245
2,011,123,189,4,191,255,87,251
2,011,123,189,5,189,190,239,109
2,011,123,189,6,222,239,219,127
2,111,255,191,0,255,127,191,251
2,111,255,191,1,127,255,251,126
2,111,255,191,2,246,219,187,221
2,111,255,191,3,222,239,95,239
2,111,255,191,4,255,191,187,219
2,111,255,191,5,255,254,187,255
2,111,255,191,6,221,191,255,221
3,000,251,189,0,190,239,117,187
3,000,251,189,1,191,182,255,253
3,000,251,189,2,247,255,183,191
3,000,251,189,3,251,127,255,251
3,000,251,189,4,94,247,239,110
3,000,251,189,5,251,110,239,93
3,000,251,189,6,255,253,254,239
3,100,123,127,0,255,255,127,237
3,100,123,127,1,223,255,170,170
3,100,123,127,2,171,127,245,85
3,100,123,127,3,85,85,85,85
3,100,123,127,4,85,85,95,255
3,100,123,127,5,255,245,95,255
3,100,123,127,6,255,255,255,255
3,010,255,255,0,251,255,127,239
3,010,255,255,1,247,254,255,215
3,010,255,255,2,122,175,255,191
3,010,255,255,3,247,107,237,119
3,010,255,255,4,239,123,118,239
3,010,255,255,5,107,213,106,213
3,010,255,255,6,109,253,183,118
3,110,223,191,0,127,111,239,187
3,110,223,191,1,239,223,237,234
3,110,223,191,2,223,215,127,254
3,110,223,191,3,255,255,87,181
3,110,223,191,4,191,255,95,255
3,110,223,191,5,253,254,223,223
3,110,223,191,6,250,251,191,183
3,001,122,190,0,255,245,187,183
3,001,122,190,1,117,246,190,254
3,001,122,190,2,254,254,173,218
3,001,122,190,3,245,191,255,247
3,001,122,190,4,253,125,255,191
3,001,122,190,5,246,246,221,213
3,001,122,190,6,253,246,254,223
3,101,181,245,0,123,111,111,255
3,101,181,245,1,253,255,175,255
3,101,181,245,2,221,221,239,183
3,101,181,245,3,125,190,250,219
3,101,181,245,4,95,107,235,187
3,101,181,245,5,119,125,251,253
3,101,181,245,6,85,213,122,253
3,011,239,247,0,253,223,127,239
3,011,239,247,1,235,123,111,110
3,011,239,247,2,237,219,187,183
3,011,239,247,3,222,245,221,183
3,011,239,247,4,191,239,255,255
3,011,239,247,5,95,223,237,187
3,011,239,247,6,215,235,123,190
3,111,255,181,0,187,183,117,246
3,111,255,181,1,190,251,222,255
3,111,255,181,2,87,234,245,187
3,111,255,181,3,223,223,246,189
3,111,255,181,4,255,191,235,123
3,111,255,181,5,110,182,253,239
3,111,255,181,6,239,215,219,234
4,000,253,95,0,223,253,218,175
4,000,253,95,1,182,246,222,255
4,000,253,95,2,174,187,183,117
4,000,253,95,3,246,190,251,187
4,000,253,95,4,253,255,95,250
4,000,253,95,5,239,253,247,253
4,000,253,95,6,239,127,239,235
4,100,123,111,0,239,125,213,221
4,100,123,111,1,175,181,85,91
4,100,123,111,2,111,106,170,170
4,100,123,111,3,170,170,170,170
4,100,123,111,4,170,175,255,255
4,100,123,111,5,250,175,255,255
4,100,123,111,6,255,255,255,255
4,010,255,255,0,239,253,255,191
4,010,255,255,1,223,251,255,122
4,010,255,255,2,175,247,254,254
4,010,255,255,3,187,237,123,119
4,010,255,255,4,107,237,119,239
4,010,255,255,5,123,118,245,110
4,010,255,255,6,247,238,238,246
4,110,238,239,0,190,255,251,239
4,110,238,239,1,187,239,255,253
4,110,238,239,2,215,255,219,127
4,110,238,239,3,255,255,110,255
4,110,238,239,4,191,255,123,238
4,110,238,239,5,247,190,239,122
4,110,238,239,6,187,191,234,255
4,001,247,183,0,255,253,127,255
4,001,247,183,1,107,255,254,187
4,001,247,183,2,189,111,110,247
4,001,247,183,3,238,239,187,239
4,001,247,183,4,253,223,187,235
4,001,247,183,5,255,255,183,255
4,001,247,183,6,214,191,255,117
4,101,187,219,0,191,253,189,251
4,101,187,219,1,191,190,239,125
4,101,187,219,2,238,239,250,255
4,101,187,219,3,246,247,255,182
4,101,187,219,4,191,251,107,255
4,101,187,219,5,255,238,246,245
4,101,187,219,6,187,219,123,189
4,011,189,255,0,246,254,239,111
4,011,189,255,1,255,253,90,255
4,011,189,255,2,255,127,255,109
4,011,189,255,3,187,219,247,255
4,011,189,255,4,123,251,190,222
4,011,189,255,5,239,118,187,191
4,011,189,255,6,237,127,255,119
4,111,255,175,0,127,245,235,255
4,111,255,175,1,255,94,247,86
4,111,255,175,2,238,255,238,239
4,111,255,175,3,219,255,253,191
4,111,255,175,4,187,247,127,254
4,111,255,175,5,237,255,219,95
4,111,255,175,6,255,189,187,219
5,000,239,187,0,235,123,191,183
5,000,239,187,1,127,253,247,255
5,000,239,187,2,173,191,250,219
5,000,239,187,3,255,253,190,247
5,000,239,187,4,174,238,246,190
5,000,239,187,5,239,127,239,253
5,000,239,187,6,255,187,238,255
5,100,253,238,0,255,254,191,255
5,100,253,238,1,181,85,86,239
5,100,253,238,2,245,85,85,85
5,100,253,238,3,85,85,85,85
5,100,253,238,4,95,255,255,245
5,100,253,238,5,95,255,255,255
5,100,253,238,6,255,255,255,255
5,010,251,255,0,93,255,186,254
5,010,251,255,1,255,219,245,93
5,010,251,255,2,191,191,247,107
5,010,251,255,3,237,119,239,123
5,010,251,255,4,125,215,214,234
5,010,251,255,5,213,106,219,189
5,010,251,255,6,183,110,251,251
5,110,189,239,0,239,254,254,239
5,110,189,239,1,125,255,255,215
5,110,189,239,2,127,255,255,255
5,110,189,239,3,173,238,255,191
5,110,189,239,4,255,107,123,189
5,110,189,239,5,175,187,221,190
5,110,189,239,6,239,234,255,255
5,001,247,255,0,186,255,245,247
5,001,247,255,1,255,254,254,246
5,001,247,255,2,173,238,245,190
5,001,247,255,3,239,107,127,253
5,001,247,255,4,254,239,125,127
5,001,247,255,5,253,181,255,253
5,001,247,255,6,223,255,245,238
5,101,251,111,0,253,234,238,246
5,101,251,111,1,222,239,122,251
5,101,251,111,2,189,107,255,254
5,101,251,111,3,255,255,237,127
5,101,251,111,4,245,247,255,251
5,101,251,111,5,190,247,171,187
5,101,251,111,6,221,222,239,106
5,011,239,255,0,127,187,218,191
5,011,239,255,1,255,235,127,246
5,011,239,255,2,223,255,247,187
5,011,239,255,3,221,183,255,213
5,011,239,255,4,238,247,175,187
5,011,239,255,5,214,222,239,235
5,011,239,255,6,127,255,247,255
5,111,250,191,0,251,187,255,253
5,111,250,191,1,251,189,174,238
5,111,250,191,2,245,187,189,235
5,111,250,191,3,191,253,254,239
5,111,250,191,4,122,223,254,182
5,111,250,191,5,255,254,255,255
5,111,250,191,6,237,187,221,183
6,000,187,250,0,238,239,245,127
6,000,187,250,1,255,247,255,251
6,000,187,250,2,191,245,247,255
6,000,187,250,3,251,187,190,215
6,000,187,250,4,110,250,238,239
6,000,187,250,5,109,223,253,254
6,000,187,250,6,239,109,95,255
6,100,239,127,0,235,175,255,250
6,100,239,127,1,170,173,183,250
6,100,239,127,2,170,170,170,170
6,100,239,127,3,170,170,170,175
6,100,239,127,4,255,255,250,175
6,100,239,127,5,255,255,255,255
6,100,239,127,6,255,255,255,255
6,010,239,253,0,255,191,223,251
6,010,239,253,1,255,122,175,247
6,010,239,253,2,254,254,183,122
6,010,239,253,3,239,126,238,235
6,010,239,253,4,215,214,234,213
6,010,239,253,5,106,219,126,255
6,010,239,253,6,181,127,127,127
6,110,247,237,0,255,95,125,254
6,110,247,237,1,245,191,91,175
6,110,247,237,2,245,127,255,237
6,110,247,237,3,223,119,191,247
6,110,247,237,4,189,247,223,247
6,110,247,237,5,223,221,253,254
6,110,247,237,6,189,183,117,255
6,001,223,254,0,234,219,119,255
6,001,223,254,1,213,190,223,245
6,001,223,254,2,239,123,125,247
6,001,223,254,3,190,247,123,215
6,001,223,254,4,223,221,181,111
6,001,223,254,5,213,247,234,223
6,001,223,254,6,255,190,255,223
6,101,215,255,0,125,237,95,251
6,101,215,255,1,223,218,191,127
6,101,215,255,2,255,117,125,255
6,101,215,255,3,255,221,238,174
6,101,215,255,4,175,247,238,191
6,101,215,255,5,175,254,215,223
6,101,215,255,6,189,247,245,238
6,011,245,127,0,125,253,189,191
6,011,245,127,1,183,239,221,191
6,011,245,127,2,255,94,238,253
6,011,245,127,3,223,247,247,125
6,011,245,127,4,247,123,223,246
6,011,245,127,5,253,247,239,123
6,011,245,127,6,221,223,255,253
6,111,239,253,0,223,247,253,251
6,111,239,253,1,119,183,182,246
6,111,239,253,2,239,127,190,246
6,111,239,253,3,219,187,223,255
6,111,239,253,4,187,239,237,215
6,111,239,253,5,247,223,255,119
6,111,239,253,6,234,250,219,255
7,000,218,221,0,251,235,90,219
7,000,218,221,1,95,223,250,255
7,000,218,221,2,187,91,255,255
7,000,218,221,3,127,111,186,253
7,000,218,221,4,187,175,127,187
7,000,218,221,5,189,126,235,223
7,000,218,221,6,247,238,174,235
7,100,183,238,0,191,223,181,85
7,100,183,238,1,87,87,250,170
7,100,183,238,2,170,170,170,170
7,100,183,238,3,170,170,175,255
7,100,183,238,4,255,250,175,255
7,100,183,238,5,255,255,255,255
7,100,183,238,6,255,255,255,221
7,010,251,191,0,127,187,247,246
7,010,251,191,1,234,171,247,126
7,010,251,191,2,238,183,122,239
7,010,251,191,3,126,238,238,234
7,010,251,191,4,213,106,213,106
7,010,251,191,5,219,190,251,238
7,010,251,191,6,245,126,239,247
7,110,255,246,0,239,187,214,255
7,110,255,246,1,255,255,255,213
7,110,255,246,2,255,255,87,187
7,110,255,246,3,223,183,255,109
7,110,255,246,4,187,189,183,187
7,110,255,246,5,219,91,191,218
7,110,255,246,6,255,251,239,255
7,001,253,191,0,255,93,255,255
7,001,253,191,1,174,247,239,110
7,001,253,191,2,251,91,189,187
7,001,253,191,3,111,254,238,239
7,001,253,191,4,127,127,255,191
7,001,253,191,5,127,255,95,255
7,001,253,191,6,90,238,246,183
7,101,255,122,0,238,247,215,187
7,101,255,122,1,222,187,191,250
7,101,255,122,2,255,254,255,255
7,101,255,122,3,171,191,254,247
7,101,255,122,4,255,245,123,189
7,101,255,122,5,181,187,219,110
7,101,255,122,6,239,109,191,255
7,011,94,239,0,123,255,255,189
7,011,94,239,1,255,251,247,255
7,011,94,239,2,253,187,221,239
7,011,94,239,3,253,255,187,189
7,011,94,239,4,247,187,219,123
7,011,94,239,5,191,214,255,246
7,011,94,239,6,223,255,245,127
7,111,255,221,0,255,255,238,247
7,111,255,221,1,189,187,222,238
7,111,255,221,2,239,183,239,253
7,111,255,221,3,222,239,122,255
7,111,255,221,4,253,107,255,247
7,111,255,221,5,127,255,215,187
7,111,255,221,6,223,119,255,247
8,000,86,239,0,255,255,245,95
8,000,86,239,1,255,117,255,255
8,000,86,239,2,111,255,253,251
8,000,86,239,3,190,247,187,221
8,000,86,239,4,187,189,190,255
8,000,86,239,5,247,190,239,117
8,000,86,239,6,255,253,191,255
8,100,221,191,0,255,245,85,87
8,100,221,191,1,223,245,85,85
8,100,221,191,2,85,85,85,85
8,100,221,191,3,85,95,255,255
8,100,221,191,4,245,95,255,255
8,100,221,191,5,255,255,255,255
8,100,221,191,6,255,251,255,111
8,010,239,246,0,254,255,215,122
8,010,239,246,1,175,127,191,247
8,010,239,246,2,107,237,119,239
8,010,239,246,3,123,119,215,214
8,010,239,246,4,234,213,106,219
8,010,239,246,5,190,251,238,245
8,010,239,246,6,126,239,247,255
8,110,246,239,0,187,214,255,255
8,110,246,239,1,255,255,213,255
8,110,246,239,2,255,87,187,223
8,110,246,239,3,183,255,109,187
8,110,246,239,4,189,183,187,219
8,110,246,239,5,91,191,218,255
8,110,246,239,6,251,239,255,253
8,001,191,255,0,93,255,255,174
8,001,191,255,1,247,239,110,251
8,001,191,255,2,91,189,187,111
8,001,191,255,3,254,238,239,127
8,001,191,255,4,127,255,191,127
8,001,191,255,5,255,95,255,90
8,001,191,255,6,238,246,183,255
8,101,122,238,0,247,215,187,222
8,101,122,238,1,187,191,250,255
8,101,122,238,2,254,255,255,171
8,101,122,238,3,191,254,247,255
8,101,122,238,4,245,123,189,181
8,101,122,238,5,187,219,110,239
8,101,122,238,6,109,191,255,94
8,011,239,123,0,255,255,189,255
8,011,239,123,1,251,247,255,253
8,011,239,123,2,187,221,239,253
8,011,239,123,3,255,187,189,247
8,011,239,123,4,187,219,123,191
8,011,239,123,5,214,255,246,223
8,011,239,123,6,255,245,127,255
8,111,221,255,0,255,238,247,189
8,111,221,255,1,187,222,238,239
8,111,221,255,2,183,239,253,222
8,111,221,255,3,239,122,255,253
8,111,221,255,4,107,255,247,127
8,111,221,255,5,255,215,187,223
8,111,221,255,6,119,255,247,123
9,000,239,255,0,255,245,95,255
9,000,239,255,1,117,255,255,111
9,000,239,255,2,255,253,251,190
9,000,239,255,3,247,187,221,187
9,000,239,255,4,189,190,255,247
9,000,239,255,5,190,239,117,255
9,000,239,255,6,253,191,255,221
9,100,191,255,0,245,85,87,223
9,100,191,255,1,245,85,85,85
9,100,191,255,2,85,85,85,85
9,100,191,255,3,95,255,255,245
9,100,191,255,4,95,255,255,255
9,100,191,255,5,255,255,255,255
9,100,191,255,6,251,255,127,239
9,010,247,254,0,255,223,245,93
9,010,247,254,1,255,191,247,107
9,010,247,254,2,237,119,239,123
9,010,247,254,3,119,214,239,107
9,010,247,254,4,213,106,219,190
9,010,247,254,5,215,187,223,190
9,010,247,254,6,239,190,255,251
9,110,239,187,0,239,255,255,223
9,110,239,187,1,255,254,255,255
9,110,239,187,2,251,187,223,255
9,110,239,187,3,253,247,251,190
9,110,239,187,4,222,239,118,187
9,110,239,187,5,191,235,127,255
9,110,239,187,6,127,255,245,127
9,001,255,87,0,255,251,94,247
9,001,255,87,1,86,238,255,238
9,001,255,87,2,239,127,239,255
9,001,255,87,3,127,187,245,127
9,001,255,87,4,253,118,255,238
9,001,255,87,5,191,255,247,187
9,001,255,87,6,223,171,255,127
9,101,238,247,0,111,187,221,123
9,101,238,247,1,191,238,255,247
9,101,238,247,2,247,255,250,191
9,101,238,247,3,255,171,255,255
9,101,238,247,4,123,191,251,187
9,101,238,247,5,218,222,239,127
9,101,238,247,6,239,255,127,187
9,011,218,191,0,255,119,255,235
9,011,218,191,1,127,255,254,238
9,011,218,191,2,255,87,253,247
9,011,218,191,3,251,191,222,239
9,011,218,191,4,125,222,239,254
9,011,218,191,5,255,247,247,255
9,011,218,191,6,250,191,255,171
9,111,255,255,0,222,247,247,187
9,111,255,255,1,218,251,189,247
9,111,255,255,2,255,247,254,239
9,111,255,255,3,106,191,255,190
9,111,255,255,4,255,251,223,255
9,111,255,255,5,251,187,223,171
9,111,255,255,6,255,127,238,247
10,000,251,127,0,255,127,255,245
10,000,251,127,1,127,255,87,255
10,000,251,127,2,253,251,189,109
10,000,251,127,3,238,246,251,189
10,000,251,127,4,247,255,247,254
10,000,251,127,5,239,122,191,255
10,000,251,127,6,251,127,255,191
10,100,255,245,0,85,95,87,245
10,100,255,245,1,85,85,85,85
10,100,255,245,2,85,85,85,95
10,100,255,245,3,255,255,245,95
10,100,255,245,4,255,255,255,255
10,100,255,245,5,255,255,255,251
10,100,255,245,6,255,127,239,247
10,010,254,255,0,223,245,93,255
10,010,254,255,1,191,247,107,237
10,010,254,255,2,119,239,123,126
10,010,254,255,3,239,107,213,106
10,010,254,255,4,213,110,247,91
10,010,254,255,5,187,222,254,239
10,010,254,255,6,223,239,254,254
10,110,239,123,0,255,255,219,127
10,110,239,123,1,237,255,255,239
10,110,239,123,2,187,223,255,253
10,110,239,123,3,255,238,247,222
10,110,239,123,4,239,122,187,191
10,110,239,123,5,189,255,254,255
10,110,239,123,6,255,95,127,245
10,001,247,255,0,251,123,190,175
10,001,247,255,1,187,221,94,239
10,001,247,255,2,223,239,255,127
10,001,247,255,3,187,214,255,254
10,001,247,255,4,215,255,239,111
10,001,247,255,5,255,238,238,247
10,001,247,255,6,111,253,255,238
10,101,247,222,0,239,122,238,239
10,101,247,222,1,221,255,254,255
10,101,247,222,2,255,95,127,245
10,101,247,222,3,247,255,251,94
10,101,247,222,4,247,251,187,218
10,101,247,222,5,238,239,223,239
10,101,247,222,6,255,127,187,246
10,011,255,253,0,107,255,215,223
10,011,255,253,1,255,125,187,222
10,011,255,253,2,215,255,239,251
10,011,255,253,3,191,175,187,245
10,011,255,253,4,110,239,223,127
10,011,255,253,5,255,247,255,187
10,011,255,253,6,191,251,187,255
10,111,254,238,0,247,174,238,245
10,111,254,238,1,110,239,223,239
10,111,254,238,2,255,127,187,246
10,111,254,238,3,255,253,109,255
10,111,254,238,4,251,175,255,237
10,111,254,238,5,187,222,215,255
10,111,254,238,6,239,251,191,175
11,000,255,255,0,127,255,187,191
11,000,255,255,1,255,171,255,254
11,000,255,255,2,174,247,223,238
11,000,255,255,3,253,254,239,239
11,000,255,255,4,255,247,254,239
11,000,255,255,5,123,191,255,234
11,000,255,255,6,255,254,175,255
11,100,181,85,0,95,87,245,85
11,100,181,85,1,85,85,85,85
11,100,181,85,2,85,85,95,255
11,100,181,85,3,255,245,95,255
11,100,181,85,4,255,255,255,255
11,100,181,85,5,255,255,251,255
11,100,181,85,6,127,239,247,254
11,010,255,223,0,245,93,255,191
11,010,255,223,1,246,182,251,118
11,010,255,223,2,251,119,107,239
11,010,255,223,3,126,239,107,213
11,010,255,223,4,111,253,251,191
11,010,255,223,5,117,255,239,171
11,010,255,223,6,255,111,191,247
11,110,238,238,0,247,251,245,238
11,110,238,238,1,251,189,182,238
11,110,238,238,2,223,247,223,221
11,110,238,238,3,251,191,127,183
11,110,238,238,4,247,126,239,239
11,110,238,238,5,127,189,190,247
11,110,238,238,6,90,239,125,251
11,001,253,222,0,237,191,91,182
11,001,253,222,1,221,254,191,109
11,001,253,222,2,253,187,254,255
11,001,253,222,3,213,235,95,219
11,001,253,222,4,251,109,238,251
11,001,253,222,5,171,221,123,127
11,001,253,222,6,127,187,239,126
11,101,239,187,0,251,127,111,189
11,101,239,187,1,247,186,253,237
11,101,239,187,2,187,117,183,187
11,101,239,187,3,189,239,107,126
11,101,239,187,4,214,237,118,250
11,101,239,187,5,223,181,246,182
11,101,239,187,6,223,219,246,234
11,011,239,183,0,123,119,109,93
11,011,239,183,1,222,223,186,187
11,011,239,183,2,111,126,247,222
11,011,239,183,3,254,247,215,250
11,011,239,183,4,255,183,125,183
11,011,239,183,5,186,237,183,107
11,011,239,183,6,187,219,189,215
11,111,111,127,0,125,189,222,251
11,111,111,127,1,223,187,234,187
11,111,111,127,2,95,107,253,182
11,111,111,127,3,183,215,126,235
11,111,111,127,4,186,237,214,254
11,111,111,127,5,221,219,87,190
11,111,111,127,6,247,223,254,191
12,000,235,90,0,219,91,107,107
12,000,235,90,1,118,187,109,171
12,000,235,90,2,221,239,183,238
12,000,235,90,3,222,247,123,127
12,000,235,90,4,123,190,247,219
12,000,235,90,5,182,183,215,126
12,000,235,90,6,234,238,175,170
12,100,170,174,0,174,181,85,85
12,100,170,174,1,85,85,85,85
12,100,170,174,2,85,95,255,255
12,100,170,174,3,245,95,255,255
12,100,170,174,4,255,255,255,255
12,100,170,174,5,255,254,223,187
12,100,170,174,6,251,123,191,189
12,010,251,186,0,175,175,239,126
12,010,251,186,1,183,119,239,119
12,010,251,186,2,238,183,119,239
12,010,251,186,3,122,234,213,109
12,010,251,186,4,254,174,215,127
12,010,251,186,5,237,253,223,253
12,010,251,186,6,255,191,247,253
12,110,255,253,0,183,254,215,111
12,110,255,253,1,222,214,247,223
12,110,255,253,2,247,189,253,253
12,110,255,253,3,254,191,183,255
12,110,255,253,4,239,239,110,253
12,110,255,253,5,125,191,187,219
12,110,255,253,6,255,127,119,238
12,001,235,215,0,223,182,238,187
12,001,235,215,1,123,111,87,250
12,001,235,215,2,245,127,251,251
12,001,235,215,3,255,127,251,247
12,001,235,215,4,107,175,187,246
12,001,235,215,5,254,219,119,95
12,001,235,215,6,123,247,223,111
12,101,95,238,0,239,111,123,255
12,101,95,238,1,186,255,110,221
12,101,95,238,2,255,246,238,221
12,101,95,238,3,251,173,253,214
12,101,95,238,4,245,122,239,93
12,101,95,238,5,235,251,251,126
12,101,95,238,6,219,251,255,127
12,011,110,238,0,251,95,91,93
12,011,110,238,1,171,117,110,183
12,011,110,238,2,247,247,223,191
12,011,110,238,3,219,239,187,127
12,011,110,238,4,123,221,251,191
12,011,110,238,5,246,245,255,255
12,011,110,238,6,111,237,251,85
12,111,223,238,0,239,182,239,119
12,111,223,238,1,187,235,187,95
12,111,223,238,2,107,255,255,127
12,111,223,238,3,118,235,127,255
12,111,223,238,4,118,246,235,123
12,111,223,238,5,215,119,126,245
12,111,223,238,6,223,255,223,223
13,000,87,189,0,87,255,125,123
13,000,87,189,1,175,126,245,127
13,000,87,189,2,127,125,245,95
13,000,87,189,3,254,222,235,93
13,000,87,189,4,247,247,219,118
13,000,87,189,5,255,181,255,189
13,000,87,189,6,223,87,218,170
13,100,173,95,0,234,170,170,170
13,100,173,95,1,170,170,170,170
13,100,173,95,2,175,255,255,250
13,100,173,95,3,175,255,255,255
13,100,173,95,4,255,255,255,255
13,100,173,95,5,251,223,251,187
13,100,173,95,6,189,191,221,251
13,010,181,94,0,191,223,123,181
13,010,181,94,1,183,238,183,119
13,010,181,94,2,239,118,234,213
13,010,181,94,3,106,213,109,255
13,010,181,94,4,222,247,221,239
13,010,181,94,5,189,239,255,189
13,010,181,94,6,255,191,247,190
13,110,247,239,0,127,126,247,222
13,110,247,239,1,247,246,250,251
13,110,247,239,2,189,223,238,255
13,110,247,239,3,191,119,255,123
13,110,247,239,4,247,253,251,183
13,110,247,239,5,119,187,85,181
13,110,247,239,6,93,247,111,125
13,001,222,255,0,222,253,219,238
13,001,222,255,1,239,223,253,191
13,001,222,255,2,223,255,234,235
13,001,222,255,3,95,221,247,127
13,001,222,255,4,119,238,183,250
13,001,222,255,5,245,187,95,119
13,001,222,255,6,251,254,254,223
13,101,219,123,0,111,237,246,237
13,101,219,123,1,223,110,170,234
13,101,219,123,2,181,187,110,251
13,101,219,123,3,123,255,215,170
13,101,219,123,4,251,125,221,247
13,101,219,123,5,250,237,126,219
13,101,219,123,6,245,182,183,237
13,011,251,126,0,223,110,183,187
13,011,251,126,1,218,246,189,223
13,011,251,126,2,238,254,175,219
13,011,251,126,3,246,238,215,215
13,011,251,126,4,127,110,223,174
13,011,251,126,5,170,245,245,219
13,011,251,126,6,118,253,123,127
13,111,187,237,0,223,187,125,215
13,111,187,237,1,253,181,190,183
13,111,187,237,2,213,186,247,251
13,111,187,237,3,123,127,223,246
13,111,187,237,4,174,238,219,182
13,111,187,237,5,189,247,245,255
13,111,187,237,6,111,223,247,190
14,000,222,182,0,191,95,87,234
14,000,222,182,1,254,246,239,109
14,000,222,182,2,182,181,219,109
14,000,222,182,3,245,237,189,247
14,000,222,182,4,247,221,125,251
14,000,222,182,5,219,127,253,223
14,000,222,182,6,187,234,170,175
14,100,253,245,0,85,85,85,85
14,100,253,245,1,85,85,85,95
14,100,253,245,2,255,255,245,95
14,100,253,245,3,255,255,255,255
14,100,253,245,4,255,255,255,251
14,100,253,245,5,189,190,238,247
14,100,253,245,6,123,125,221,234
14,010,173,222,0,223,119,107,239
14,010,173,222,1,126,239,215,107
14,010,173,222,2,239,126,238,234
14,010,173,222,3,213,109,253,251
14,010,173,222,4,237,254,189,119
14,010,173,222,5,253,251,223,175
14,010,173,222,6,223,239,127,127
14,110,219,111,0,251,119,215,171
14,110,219,111,1,254,255,255,247
14,110,219,111,2,175,247,223,127
14,110,219,111,3,125,255,238,191
14,110,219,111,4,245,175,187,238
14,110,219,111,5,239,95,127,127
14,110,219,111,6,255,247,255,247
14,001,223,91,0,183,247,238,187
14,001,223,91,1,109,251,181,127
14,001,223,91,2,125,255,127,127
14,001,223,91,3,219,87,255,219
14,001,223,91,4,175,86,246,255
14,001,223,91,5,255,251,187,247
14,001,223,91,6,223,183,223,235
14,101,238,191,0,181,175,190,235
14,101,238,191,1,175,93,191,255
14,101,238,191,2,191,255,251,221
14,101,238,191,3,254,214,246,254
14,101,238,191,4,239,87,91,251
14,101,238,191,5,189,255,125,251
14,101,238,191,6,127,127,235,87
14,011,254,219,0,191,94,250,251
14,011,254,219,1,91,253,239,247
14,011,254,219,2,222,255,125,247
14,011,254,219,3,239,95,254,173
14,011,254,219,4,189,246,251,255
14,011,254,219,5,127,125,247,247
14,011,254,219,6,255,218,253,238
14,111,247,255,0,110,251,123,237
14,111,247,255,1,191,223,93,254
14,111,247,255,2,191,255,239,87
14,111,247,255,3,253,182,187,173
14,111,247,255,4,189,245,187,253
14,111,247,255,5,190,245,223,254
14,111,247,255,6,175,245,110,255
15,000,237,255,0,127,125,255,251
15,000,237,255,1,106,239,239,182
15,000,237,255,2,251,247,171,123
15,000,237,255,3,119,235,238,174
15,000,237,255,4,254,235,127,247
15,000,237,255,5,127,254,235,189
15,000,237,255,6,250,170,175,238
15,100,181,85,0,85,85,85,85
15,100,181,85,1,85,85,95,255
15,100,181,85,2,255,245,95,255
15,100,181,85,3,255,255,255,255
15,100,181,85,4,255,255,247,183
15,100,181,85,5,187,222,223,111
15,100,181,85,6,119,189,186,174
15,010,239,123,0,119,107,239,126
15,010,239,123,1,239,215,107,239
15,010,239,123,2,126,235,213,106
15,010,239,123,3,215,223,118,247
15,010,239,123,4,254,189,247,213
15,010,239,123,5,191,251,223,223
15,010,239,123,6,247,127,253,187
15,110,251,127,0,191,255,123,223
15,110,251,127,1,122,223,189,239
15,110,251,127,2,255,126,191,111
15,110,251,127,3,251,126,239,239
15,110,251,127,4,253,253,125,215
15,110,251,127,5,251,255,219,94
15,110,251,127,6,234,251,187,119
15,001,93,223,0,125,251,111,190
15,001,93,223,1,255,247,254,175
15,001,93,223,2,239,254,253,215
15,001,93,223,3,245,213,191,183
15,001,93,223,4,246,247,255,251
15,001,93,223,5,125,239,245,191
15,001,93,223,6,127,187,251,127
15,101,111,255,0,253,250,255,117
15,101,111,255,1,255,245,221,183
15,101,111,255,2,223,127,93,247
15,101,111,255,3,171,223,125,126
15,101,111,255,4,221,239,253,254
15,101,111,255,5,223,219,239,238
15,101,111,255,6,223,125,251,126
15,011,191,110,0,251,223,125,183
15,011,191,110,1,109,174,251,118
15,011,191,110,2,190,247,239,189
15,011,191,110,3,254,239,253,254
15,011,191,110,4,223,213,255,255
15,011,191,110,5,191,111,187,219
15,011,191,110,6,90,189,246,247
15,111,247,191,0,221,174,253,251
15,111,247,191,1,95,107,251,247
15,111,247,191,2,190,175,254,245
15,111,247,191,3,95,174,251,171
15,111,247,191,4,247,87,173,174
15,111,247,191,5,250,247,95,223
15,111,247,191,6,247,191,238,221
16,000,253,175,0,183,175,118,239
16,000,253,175,1,215,191,191,190
16,000,253,175,2,223,245,171,234
16,000,253,175,3,255,126,247,219
16,000,253,175,4,251,110,235,235
16,000,253,175,5,239,94,221,181
16,000,253,175,6,85,85,191,170
16,100,170,170,0,170,170,170,170
16,100,170,170,1,170,175,255,255
16,100,170,170,2,250,175,255,255
16,100,170,170,3,255,255,255,255
16,100,170,170,4,255,253,127,235
16,100,170,170,5,247,191,95,251
16,100,170,170,6,245,122,175,251
16,010,239,247,0,107,239,126,239
16,010,239,247,1,215,107,239,126
16,010,239,247,2,238,234,213,111
16,010,239,247,3,255,174,235,223
16,010,239,247,4,127,255,125,254
16,010,239,247,5,255,126,191,223
16,010,239,247,6,255,239,245,247
16,110,235,255,0,251,251,215,126
16,110,235,255,1,255,191,111,237
16,110,235,255,2,254,191,239,235
16,110,235,255,3,251,119,219,125
16,110,235,255,4,189,189,93,171
16,110,235,255,5,181,122,247,94
16,110,235,255,6,215,214,253,182
16,001,235,117,0,251,111,215,237
16,001,235,117,1,191,223,251,254
16,001,235,117,2,254,239,234,221
16,001,235,117,3,213,253,247,235
16,001,235,117,4,221,127,247,223
16,001,235,117,5,237,253,191,190
16,001,235,117,6,223,238,253,215
16,101,219,126,0,182,250,237,183
16,101,219,126,1,107,181,118,174
16,101,219,126,2,215,107,126,214
16,101,219,126,3,237,122,255,95
16,101,219,126,4,235,237,93,126
16,101,219,126,5,219,254,251,111
16,101,219,126,6,234,254,245,223
16,011,235,222,0,223,181,127,119
16,011,235,222,1,239,239,222,255
16,011,235,222,2,119,223,191,127
16,011,235,222,3,171,125,110,221
16,011,235,222,4,173,181,182,181
16,011,235,222,5,219,110,255,175
16,011,235,222,6,125,238,239,183
16,111,190,247,0,251,239,239,95
16,111,190,247,1,235,238,255,175
16,111,190,247,2,213,250,246,223
16,111,190,247,3,87,182,254,221
16,111,190,247,4,119,247,190,247
16,111,190,247,5,223,254,253,239
16,111,190,247,6,189,247,239,127
17,000,254,215,0,218,251,123,221
17,000,254,215,1,191,215,247,189
17,000,254,215,2,219,190,250,219
17,000,254,215,3,247,190,250,255
17,000,254,215,4,111,110,214,253
17,000,254,215,5,223,219,245,85
17,000,254,215,6,87,111,245,85
17,100,85,85,0,85,85,85,85
17,100,85,85,1,95,255,255,245
17,100,85,85,2,95,255,255,255
17,100,85,85,3,255,255,255,255
17,100,85,85,4,253,119,253,255
17,100,85,85,5,191,111,183,246
17,100,85,85,6,245,94,239,255
17,010,126,183,0,119,239,119,238
17,010,126,183,1,183,119,239,119
17,010,126,183,2,213,106,213,127
17,010,126,183,3,246,251,123,239
17,010,126,183,4,239,171,247,239
17,010,126,183,5,191,247,238,235
17,010,126,183,6,95,239,254,251
17,110,91,119,0,107,215,127,239
17,110,91,119,1,95,221,245,253
17,110,91,119,2,126,239,222,237
17,110,91,119,3,125,93,253,253
17,110,91,119,4,190,219,189,187
17,110,91,119,5,106,247,125,214
17,110,91,119,6,218,253,182,235
17,001,127,109,0,191,183,251,181
17,001,127,109,1,127,251,246,246
17,001,127,109,2,247,239,247,127
17,001,127,109,3,246,221,171,221
17,001,127,109,4,118,238,191,187
17,001,127,109,5,247,126,239,95
17,001,127,109,6,235,189,223,181
17,101,247,237,0,223,183,93,191
17,101,247,237,1,171,219,182,255
17,101,247,237,2,91,126,214,237
17,101,247,237,3,117,189,175,181
17,101,247,237,4,246,238,223,175
17,101,247,237,5,221,117,119,223
17,101,247,237,6,126,253,246,237
17,011,253,183,0,218,183,95,126
17,011,253,183,1,253,253,191,219
17,011,253,183,2,251,111,127,255
17,011,253,183,3,125,238,219,107
17,011,253,183,4,255,109,171,183
17,011,253,183,5,237,251,95,125
17,011,253,183,6,238,253,221,109
17,111,223,187,0,234,235,95,107
17,111,223,187,1,245,119,111,175
17,111,223,187,2,123,125,245,173
17,111,223,187,3,237,191,187,215
17,111,223,187,4,119,190,255,189
17,111,223,187,5,255,223,222,239
17,111,223,187,6,239,175,127,119
18,000,86,219,0,253,123,221,239
18,000,86,219,1,189,247,174,247
18,000,86,219,2,123,117,123,190
18,000,86,219,3,190,245,245,119
18,000,86,219,4,215,123,127,189
18,000,86,219,5,93,213,85,93
18,000,86,219,6,87,106,170,170
18,100,170,170,0,170,170,170,175
18,100,170,170,1,255,255,250,175
18,100,170,170,2,255,255,255,255
18,100,170,170,3,255,255,255,250
18,100,170,170,4,175,235,247,254
18,100,170,170,5,187,247,213,181
18,100,170,170,6,93,91,127,222
18,010,183,119,0,239,119,238,183
18,010,183,119,1,119,239,118,234
18,010,183,119,2,213,107,255,111
18,010,183,119,3,223,126,174,219
18,010,183,119,4,190,253,254,254
18,010,183,119,5,251,123,255,191
18,010,183,119,6,111,254,251,93
18,110,175,246,0,238,255,255,87
18,110,175,246,1,175,245,254,191
18,110,175,246,2,189,125,189,239
18,110,175,246,3,187,94,223,119
18,110,175,246,4,246,189,183,181
18,110,175,246,5,187,253,190,221
18,110,175,246,6,191,91,182,255
18,001,187,109,0,237,245,117,126
18,001,187,109,1,218,219,123,119
18,001,187,109,2,239,237,191,247
18,001,187,109,3,190,171,221,246
18,001,187,109,4,239,237,237,253
18,001,187,109,5,191,191,223,183
18,001,187,109,6,111,111,181,174
18,101,221,223,0,107,93,183,107
18,101,221,223,1,219,254,191,91
18,101,221,223,2,126,214,218,251
18,101,221,223,3,110,215,91,253
18,101,221,223,4,123,126,191,186
18,101,221,223,5,246,223,183,222
18,101,221,223,6,253,247,190,253
18,011,183,218,0,183,93,239,239
18,011,183,218,1,222,254,219,251
18,011,183,218,2,109,247,255,127
18,011,183,218,3,238,223,253,254
18,011,183,218,4,191,235,182,187
18,011,183,218,5,126,183,125,238
18,011,183,218,6,239,182,187,251
18,111,187,234,0,245,190,247,234
18,111,187,234,1,235,95,175,125
18,111,187,234,2,251,123,183,214
18,111,187,234,3,254,223,175,119
18,111,187,234,4,190,247,223,255
18,111,187,234,5,215,219,237,247
18,111,187,234,6,222,245,238,245
19,000,218,253,0,123,94,255,122
19,000,218,253,1,182,221,219,171
19,000,218,253,2,251,221,247,107
19,000,218,253,3,219,246,253,238
19,000,218,253,4,222,239,237,173
19,000,218,253,5,181,85,90,187
19,000,218,253,6,106,170,170,170
19,100,170,170,0,170,170,175,255
19,100,170,170,1,255,250,175,255
19,100,170,170,2,255,255,255,255
19,100,170,170,3,255,255,255,111
19,100,170,170,4,247,251,190,223
19,100,170,170,5,239,221,245,95
19,100,170,170,6,119,251,247,107
19,010,239,126,0,239,215,107,239
19,010,239,126,1,126,238,181,106
19,010,239,126,2,214,255,85,235
19,010,239,126,3,247,190,255,125
19,010,239,126,4,125,253,175,111
19,010,239,126,5,253,251,95,87
19,010,239,126,6,183,247,186,223
19,110,251,183,0,117,191,223,221
19,110,251,183,1,255,191,126,239
19,110,251,183,2,247,189,239,215
19,110,251,183,3,127,125,187,111
19,110,251,183,4,253,237,95,239
19,110,251,183,5,125,253,250,253
19,110,251,183,6,182,235,127,111
19,001,111,237,0,250,234,191,87
19,001,111,237,1,246,235,95,223
19,001,111,237,2,123,127,245,173
19,001,111,237,3,171,221,118,238
19,001,111,237,4,191,237,253,191
19,001,111,237,5,190,187,247,111
19,001,111,237,6,111,235,126,250
19,101,247,235,0,222,254,215,187
19,101,247,235,1,182,255,91,126
19,101,247,235,2,214,237,117,186
19,101,247,235,3,223,91,239,110
19,101,247,235,4,223,219,250,235
19,101,247,235,5,183,223,123,126
19,101,247,235,6,253,123,190,223
19,011,181,110,0,183,190,253,253
19,011,181,110,1,191,219,251,111
19,011,181,110,2,127,255,125,238
19,011,181,110,3,219,107,186,237
19,011,181,110,4,173,239,237,251
19,011,181,110,5,95,125,238,239
19,011,181,110,6,182,191,119,222
19,111,247,107,0,95,107,245,117
19,111,247,107,1,239,175,127,125
19,111,247,107,2,245,123,214,254
19,111,247,107,3,223,175,87,190
19,111,247,107,4,255,189,255,223
19,111,247,107,5,219,239,239,175
19,111,247,107,6,127,117,247,125
20,000,126,235,0,222,191,119,238
20,000,126,235,1,221,219,251,126
20,000,126,235,2,221,247,126,247
20,000,126,235,3,118,239,183,219
20,000,126,235,4,127,122,215,186
20,000,126,235,5,170,173,183,90
20,000,126,235,6,170,170,170,170
20,100,170,170,0,170,175,255,255
20,100,170,170,1,250,175,255,255
20,100,170,170,2,255,255,255,255
20,100,170,170,3,255,255,246,253
20,100,170,170,4,253,127,191,183
20,100,170,170,5,235,245,94,191
20,100,170,170,6,251,221,111,183
20,010,238,183,0,119,239,118,234
20,010,238,183,1,213,106,213,110
20,010,238,183,2,255,238,238,189
20,010,238,183,3,187,183,117,123
20,010,238,183,4,247,127,109,215
20,010,238,183,5,189,190,182,253
20,010,238,183,6,221,237,123,119
20,110,219,190,0,222,239,183,125
20,110,219,190,1,175,94,173,213
20,110,219,190,2,187,109,93,219
20,110,219,190,3,222,223,191,183
20,110,219,190,4,191,191,222,174
20,110,219,190,5,213,218,221,183
20,110,219,190,6,182,245,187,111
20,001,109,246,0,189,110,219,122
20,001,109,246,1,181,239,186,255
20,001,109,246,2,191,191,110,247
20,001,109,246,3,214,250,247,223
20,001,109,246,4,173,251,126,239
20,001,109,246,5,235,250,223,175
20,001,109,246,6,255,187,251,95
20,101,255,119,0,238,222,223,125
20,101,255,119,1,239,187,126,183
20,101,255,119,2,214,253,125,111
20,101,255,119,3,173,253,253,191
20,101,255,119,4,182,251,251,246
20,101,255,119,5,189,183,106,237
20,101,255,119,6,123,119,190,255
20,011,222,175,0,87,239,191,255
20,011,222,175,1,219,251,127,189
20,011,222,175,2,109,239,127,122
20,011,222,175,3,219,254,253,183
20,011,222,175,4,111,110,237,222
20,011,222,175,5,253,189,247,247
20,011,222,175,6,123,123,239,237
20,111,221,223,0,187,221,251,246
20,111,221,223,1,237,183,106,237
20,111,221,223,2,219,111,255,253
20,111,221,223,3,251,91,255,255
20,111,221,223,4,255,126,191,215
20,111,221,223,5,253,190,183,238
20,111,221,223,6,255,253,111,253
21,000,94,255,0,223,213,93,255
21,000,94,255,1,191,237,182,247
21,000,94,255,2,254,255,219,191
21,000,94,255,3,87,234,234,253
21,000,94,255,4,95,171,90,170
21,000,94,255,5,175,171,245,85
21,000,94,255,6,85,85,85,85
21,100,85,85,0,95,255,255,245
21,100,85,85,1,95,255,255,255
21,100,85,85,2,255,255,255,255
21,100,85,85,3,251,255,127,239
21,100,85,85,4,247,254,255,223
21,100,85,85,5,245,93,255,191
21,100,85,85,6,250,187,106,237
21,010,118,247,0,106,238,239,239
21,010,118,247,1,234,213,109,254
21,010,118,247,2,170,253,223,221
21,010,118,247,3,247,219,189,125
21,010,118,247,4,187,223,247,255
21,010,118,247,5,127,235,183,246
21,010,118,247,6,223,255,247,214
21,110,255,127,0,247,183,125,189
21,110,255,127,1,183,90,245,191
21,110,255,127,2,222,190,251,246
21,110,255,127,3,221,125,247,247
21,110,255,127,4,125,238,255,107
21,110,255,127,5,214,239,94,235
21,110,255,127,6,219,110,183,183
21,001,127,238,0,215,218,255,117
21,001,127,238,1,247,255,126,251
21,001,127,238,2,247,247,175,221
21,001,127,238,3,245,235,91,247
21,001,127,238,4,251,125,254,251
21,001,127,238,5,219,95,239,118
21,001,127,238,6,246,187,109,215
21,101,118,247,0,91,119,107,247
21,101,118,247,1,183,239,223,223
21,101,118,247,2,219,95,107,247
21,101,118,247,3,251,94,222,237
21,101,118,247,4,253,187,183,245
21,101,118,247,5,253,215,173,123
21,101,118,247,6,183,189,190,251
21,011,223,173,0,251,127,222,235
21,011,223,173,1,246,222,221,238
21,011,223,173,2,237,189,187,107
21,011,223,173,3,219,123,223,183
21,011,223,173,4,107,219,117,191
21,011,223,173,5,109,237,189,126
21,011,223,173,6,219,219,253,183
21,111,95,183,0,251,187,221,122
21,111,95,183,1,215,110,218,237
21,111,95,183,2,221,254,246,222
21,111,95,183,3,223,189,245,127
21,111,95,183,4,191,239,251,122
21,111,95,183,5,239,110,218,247
21,111,95,183,6,123,171,181,253
22,000,189,222,0,238,247,123,189
22,000,189,222,1,221,239,253,222
22,000,189,222,2,239,127,255,255
22,000,189,222,3,255,255,255,255
22,000,189,222,4,255,245,85,95
22,000,189,222,5,255,245,85,85
22,000,189,222,6,85,85,85,85
22,100,85,95,0,255,255,245,95
22,100,85,95,1,255,255,255,255
22,100,85,95,2,255,255,255,255
22,100,85,95,3,223,251,255,127
22,100,85,95,4,191,247,254,245
22,100,85,95,5,95,239,253,250
22,100,85,95,6,187,106,237,118
22,010,250,238,0,239,239,238,235
22,010,250,238,1,234,222,255,126
22,010,250,238,2,251,253,189,247
22,010,250,238,3,219,190,221,187
22,010,250,238,4,223,251,235,238
22,010,250,238,5,183,175,221,127
22,010,250,238,6,223,238,238,251
22,110,191,253,0,221,238,247,123
22,110,191,253,1,187,221,238,239
22,110,191,253,2,255,255,253,223
22,110,191,253,3,255,255,255,255
22,110,191,253,4,255,255,255,254
22,110,191,253,5,247,119,187,221
22,110,191,253,6,238,239,119,191
22,001,247,123,0,187,223,255,255
22,001,247,123,1,255,255,255,255
22,001,247,123,2,255,255,251,255
22,001,247,123,3,255,255,127,239
22,001,247,123,4,253,247,254,239
22,001,247,123,5,254,255,213,250
22,001,247,123,6,183,251,239,245
22,101,126,175,0,215,238,255,95
22,101,126,175,1,253,255,191,255
22,101,126,175,2,223,251,247,250
22,101,126,175,3,187,255,127,234
22,101,126,175,4,191,87,234,253
22,101,126,175,5,239,110,247,253
22,101,126,175,6,239,189,239,123
22,011,223,246,0,253,247,251,219
22,011,223,246,1,223,239,245,214
22,011,223,246,2,246,250,183,117
22,011,223,246,3,117,183,123,86
22,011,223,246,4,238,247,254,255
22,011,223,246,5,223,251,221,239
22,011,223,246,6,191,254,219,222
22,111,222,238,0,247,183,123,215
22,111,222,238,1,107,218,221,221
22,111,222,238,2,254,245,187,95
22,111,222,238,3,189,254,239,119
22,111,222,238,4,182,251,125,111
22,111,222,238,5,190,218,253,189
22,111,222,238,6,235,222,235,109
23,000,94,235,0,223,110,247,109
23,000,94,235,1,237,125,239,189
23,000,94,235,2,221,125,175,183
23,000,94,235,3,123,125,127,94
23,000,94,235,4,245,85,85,182
23,000,94,235,5,181,85,85,85
23,000,94,235,6,85,85,85,85
23,100,95,255,0,255,245,95,255
23,100,95,255,1,255,255,255,255
23,100,95,255,2,255,255,251,255
23,100,95,255,3,119,239,247,126
23,100,95,255,4,255,254,245,95
23,100,95,255,5,239,191,250,191
23,100,95,255,6,107,181,234,237
23,010,118,250,0,238,239,239,234
23,010,118,250,1,215,223,109,251
23,010,118,250,2,117,221,247,219
23,010,118,250,3,189,127,95,125
23,010,118,250,4,238,255,253,187
23,010,118,250,5,183,254,191,223
23,010,118,250,6,254,235,219,247
23,110,253,237,0,237,189,183,93
23,110,253,237,1,223,109,239,94
23,110,253,237,2,218,219,221,183
23,110,253,237,3,174,250,175,222
23,110,253,237,4,237,215,173,189
23,110,253,237,5,183,182,247,187
23,110,253,237,6,237,183,125,239
23,001,215,250,0,247,106,239,239
23,001,215,250,1,123,125,127,94
23,001,215,250,2,175,183,219,91
23,001,215,250,3,111,223,125,238
23,001,215,250,4,222,251,219,123
23,001,215,250,5,239,222,247,222
23,001,215,250,6,222,221,237,122
23,101,238,215,0,107,235,238,254
23,101,238,215,1,254,251,245,238
23,101,238,215,2,189,247,251,94
23,101,238,215,3,223,110,246,246
23,101,238,215,4,223,218,255,127
23,101,238,215,5,247,254,221,250
23,101,238,215,6,250,251,187,173
23,011,251,127,0,222,219,251,123
23,011,251,127,1,221,222,221,118
23,011,251,127,2,222,219,251,118
23,011,251,127,3,183,238,221,245
23,011,251,127,4,235,126,183,214
23,011,251,127,5,246,222,219,219
23,011,251,127,6,247,182,223,183
23,111,239,189,0,246,189,175,109
23,111,239,189,1,218,237,237,238
23,111,239,189,2,246,222,219,239
23,111,239,189,3,247,127,191,251
23,111,239,189,4,247,127,191,254
23,111,239,189,5,253,187,223,123
23,111,239,189,6,223,119,125,222
24,000,187,221,0,238,239,119,191
24,000,187,221,1,247,123,187,223
24,000,187,221,2,255,255,255,255
24,000,187,221,3,255,255,255,250
24,000,187,221,4,170,175,255,250
24,000,187,221,5,170,170,170,170
24,000,187,221,6,170,170,170,175
24,100,255,255,0,250,175,255,255
24,100,255,255,1,255,255,255,255
24,100,255,255,2,255,255,223,189
24,100,255,255,3,255,127,191,247
24,100,255,255,4,239,122,175,247
24,100,255,255,5,254,253,111,181
24,100,255,255,6,186,237,237,119
24,010,191,126,0,251,119,117,109
24,010,191,126,1,255,219,223,127
24,010,191,126,2,191,221,239,253
24,010,191,126,3,254,255,125,251
24,010,191,126,4,255,253,215,247
24,010,191,126,5,255,251,175,247
24,010,191,126,6,235,191,255,253
24,110,237,251,0,253,187,85,213
24,110,237,251,1,110,189,107,186
24,110,237,251,2,191,250,215,117
24,110,237,251,3,125,93,87,107
24,110,237,251,4,109,110,175,94
24,110,237,251,5,219,189,110,189
24,110,237,251,6,183,125,95,87
24,001,213,221,0,125,87,235,245
24,001,213,221,1,250,191,110,254
24,001,213,221,2,247,191,87,221
24,001,213,221,3,239,123,111,183
24,001,213,221,4,183,118,239,125
24,001,213,221,5,219,221,125,187
24,001,213,221,6,183,186,246,181
24,101,183,183,0,118,235,111,223
24,101,183,183,1,223,190,239,191
24,101,183,183,2,191,126,221,183
24,101,183,183,3,247,125,181,183
24,101,183,183,4,245,215,190,247
24,101,183,183,5,235,183,214,250
24,101,183,183,6,219,251,219,245
24,011,125,222,0,171,213,123,174
24,011,125,222,1,221,221,250,187
24,011,125,222,2,119,118,251,237
24,011,125,222,3,247,223,223,237
24,011,125,222,4,126,183,214,250
24,011,125,222,5,222,219,219,247
24,011,125,222,6,222,191,86,254
24,111,234,182,0,189,239,255,245
24,111,234,182,1,123,215,223,245
24,111,234,182,2,91,255,191,235
24,111,234,182,3,255,223,222,251
24,111,234,182,4,223,239,109,255
24,111,234,182,5,123,222,219,254
24,111,234,182,6,255,95,175,245
25,000,221,238,0,239,119,191,247
25,000,221,238,1,123,187,223,255
25,000,221,238,2,255,255,255,255
25,000,221,238,3,255,255,250,170
25,000,221,238,4,175,255,250,170
25,000,221,238,5,170,170,170,170
25,000,221,238,6,170,170,175,255
25,100,255,250,0,175,255,255,255
25,100,255,250,1,255,255,255,255
25,100,255,250,2,254,239,253,255
25,100,255,250,3,189,223,251,255
25,100,255,250,4,122,175,119,238
25,100,255,250,5,253,110,234,237
25,100,255,250,6,118,250,238,239
25,010,239,239,0,107,213,109,255
25,010,239,239,1,219,223,127,191
25,010,239,239,2,221,239,253,254
25,010,239,239,3,255,125,251,255
25,010,239,239,4,253,215,247,255
25,010,239,239,5,251,175,246,245
25,010,239,239,6,127,191,253,234
25,110,239,175,0,175,187,125,190
25,110,239,175,1,174,174,254,247
25,110,239,175,2,218,187,223,187
25,110,239,175,3,109,183,183,118
25,110,239,175,4,239,175,171,245
25,110,239,175,5,119,187,173,245
25,110,239,175,6,125,189,238,251
25,001,118,182,0,183,219,171,250
25,001,118,182,1,247,183,94,237
25,001,118,182,2,187,91,239,173
25,001,118,182,3,253,191,215,219
25,001,118,182,4,222,239,223,183
25,001,118,182,5,126,190,223,183
25,001,118,182,6,250,190,239,119
25,101,247,239,0,237,191,215,173
25,101,247,239,1,187,127,175,91
25,101,247,239,2,123,187,119,175
25,101,247,239,3,119,107,95,183
25,101,247,239,4,122,253,95,110
25,101,247,239,5,247,181,245,175
25,101,247,239,6,239,107,237,190
25,011,175,182,0,246,221,95,187
25,011,175,182,1,187,123,191,119
25,011,175,182,2,118,255,255,247
25,011,175,182,3,213,245,93,191
25,011,175,182,4,87,234,251,125
25,011,175,182,5,91,235,254,253
25,011,175,182,6,191,91,239,187
25,111,182,174,0,250,253,173,93
25,111,182,174,1,247,213,253,219
25,111,182,174,2,251,215,247,255
25,111,182,174,3,223,251,253,223
25,111,182,174,4,239,189,235,251
25,111,182,174,5,251,247,174,247
25,111,182,174,6,119,111,110,237
26,000,238,239,0,119,191,247,123
26,000,238,239,1,187,223,255,255
26,000,238,239,2,255,255,255,255
26,000,238,239,3,255,250,170,175
26,000,238,239,4,255,250,170,170
26,000,238,239,5,170,170,170,170
26,000,238,239,6,170,175,255,255
26,100,250,175,0,255,255,255,255
26,100,250,175,1,255,255,255,254
26,100,250,175,2,191,173,250,250
26,100,250,175,3,223,175,235,122
26,100,250,175,4,175,95,214,254
26,100,250,175,5,239,181,186,237
26,100,250,175,6,237,119,191,126
26,010,247,214,0,234,215,223,238
26,010,247,214,1,247,251,239,221
26,010,247,214,2,239,253,254,254
26,010,247,214,3,239,223,255,127
26,010,247,214,4,107,255,255,190
26,010,247,214,5,215,251,253,127
26,010,247,214,6,191,253,253,117
26,110,222,247,0,237,239,111,221
26,110,222,247,1,107,234,186,237
26,110,222,247,2,173,234,254,223
26,110,222,247,3,111,123,119,189
26,110,222,247,4,221,182,246,191
26,110,222,247,5,110,183,214,253
26,110,222,247,6,223,215,189,223
26,001,119,239,0,239,175,251,255
26,001,119,239,1,223,91,182,251
26,001,119,239,2,247,219,214,247
26,001,119,239,3,111,183,247,126
26,001,119,239,4,239,110,239,213
26,001,119,239,5,245,221,223,171
26,001,119,239,6,245,122,191,119
26,101,238,253,0,191,91,219,123
26,101,238,253,1,126,183,182,245
26,101,238,253,2,247,119,175,119
26,101,238,253,3,187,221,110,221
26,101,238,253,4,110,218,221,183
26,101,238,253,5,186,253,238,191
26,101,238,253,6,117,255,125,223
26,011,107,237,0,123,174,222,222
26,011,107,237,1,254,221,189,189
26,011,107,237,2,235,117,191,187
26,011,107,237,3,247,123,127,109
26,011,107,237,4,221,246,223,175
26,011,107,237,5,117,247,221,190
26,011,107,237,6,219,223,191,174
26,111,238,247,0,117,186,251,183
26,111,238,247,1,238,255,215,175
26,111,238,247,2,221,255,254,223
26,111,238,247,3,110,237,221,189
26,111,238,247,4,181,218,255,251
26,111,238,247,5,107,181,238,247
26,111,238,247,6,127,87,234,247
27,000,189,221,0,239,253,222,239
27,000,189,221,1,127,255,255,255
27,000,189,221,2,255,255,255,255
27,000,189,221,3,245,85,95,255
27,000,189,221,4,245,85,85,85
27,000,189,221,5,85,85,85,85
27,000,189,221,6,95,255,255,245
27,100,95,255,0,255,255,255,255
27,100,95,255,1,255,255,251,191
27,100,95,255,2,215,250,247,127
27,100,95,255,3,175,245,245,93
27,100,95,255,4,223,187,253,183
27,100,95,255,5,118,251,111,183
27,100,95,255,6,191,126,247,119
27,010,214,234,0,219,255,186,246
27,010,214,234,1,191,91,107,251
27,010,214,234,2,237,191,175,125
27,010,214,234,3,234,255,222,235
27,010,214,234,4,175,239,111,215
27,010,214,234,5,187,214,221,123
27,010,214,234,6,253,215,186,247
27,110,94,219,0,119,189,237,122
27,110,94,219,1,215,182,218,245
27,110,94,219,2,173,181,181,182
27,110,94,219,3,182,215,173,189
27,110,94,219,4,182,235,119,187
27,110,94,219,5,237,215,191,118
27,110,94,219,6,219,173,223,222
27,001,255,251,0,247,191,247,254
27,001,255,251,1,245,219,127,189
27,001,255,251,2,255,127,190,253
27,001,255,251,3,94,218,245,238
27,001,255,251,4,183,239,182,253
27,001,255,251,5,110,237,171,181
27,001,255,251,6,117,219,173,213
27,101,110,255,0,91,235,117,238
27,101,110,255,1,189,247,247,189
27,101,110,255,2,111,173,221,125
27,101,110,255,3,173,118,221,126
27,101,110,255,4,175,213,247,218
27,101,110,255,5,255,235,255,91
27,101,110,255,6,117,189,215,118
27,011,246,223,0,174,254,238,247
27,011,246,223,1,93,91,221,239
27,011,246,223,2,122,239,93,221
27,011,246,223,3,91,111,215,237
27,011,246,223,4,187,123,111,173
27,011,246,223,5,247,223,95,182
27,011,246,223,6,255,119,238,190
27,111,235,110,0,186,237,221,251
27,111,235,110,1,186,219,95,125
27,111,235,110,2,239,190,223,187
27,111,235,110,3,219,223,239,219
27,111,235,110,4,191,125,223,187
27,111,235,110,5,254,246,189,111
27,111,235,110,6,87,123,93,238
28,000,127,237,0,95,127,239,245
28,000,127,237,1,126,175,247,245
28,000,127,237,2,126,175,213,250
28,000,127,237,3,170,175,171,245
28,000,127,237,4,85,85,85,85
28,000,127,237,5,85,85,85,95
28,000,127,237,6,255,255,245,95
28,100,255,255,0,255,255,255,255
28,100,255,255,1,255,255,223,127
28,100,255,255,2,239,247,254,255
28,100,255,255,3,254,245,95,239
28,100,255,255,4,253,253,191,119
28,100,255,255,5,118,251,111,186
28,100,255,255,6,187,106,213,106
28,010,213,109,0,254,255,95,187
28,010,213,109,1,253,247,239,251
28,010,213,109,2,123,239,223,239
28,010,213,109,3,255,127,123,215
28,010,213,109,4,255,255,223,254
28,010,213,109,5,238,255,191,255
28,010,213,109,6,119,187,189,222
28,110,239,119,0,123,191,255,255
28,110,239,119,1,247,127,255,255
28,110,239,119,2,255,255,255,255
28,110,239,119,3,255,251,189,222
28,110,239,119,4,238,247,123,189
28,110,239,119,5,221,239,253,222
28,110,239,119,6,239,127,255,255
28,001,255,255,0,255,255,255,253
28,001,255,255,1,255,191,255,255
28,001,255,255,2,239,253,255,191
28,001,255,255,3,85,234,189,94
28,001,255,255,4,175,213,245,93
28,001,255,255,5,191,171,245,123
28,001,255,255,6,127,111,237,247
28,101,253,253,0,223,255,221,255
28,101,253,253,1,127,123,119,247
28,101,253,253,2,127,214,246,222
28,101,253,253,3,219,219,119,110
28,101,253,253,4,237,221,254,251
28,101,253,253,5,111,111,247,127
28,101,253,253,6,191,223,123,235
28,011,221,94,0,215,214,250,254
28,011,221,94,1,239,91,127,173
28,011,221,94,2,123,189,219,119
28,011,221,94,3,189,189,254,251
28,011,221,94,4,223,239,111,127
28,011,221,94,5,182,247,123,223
28,011,221,94,6,107,183,125,214
28,111,235,238,0,253,219,183,189
28,111,235,238,1,246,187,173,238
28,111,235,238,2,189,191,235,215
28,111,235,238,3,221,253,91,171
28,111,235,238,4,122,222,189,239
28,111,235,238,5,182,234,175,87
28,111,235,238,6,117,235,111,189
29,000,239,119,0,219,175,123,223
29,000,239,119,1,95,219,245,253
29,000,239,119,2,191,238,245,85
29,000,239,119,3,94,239,234,170
29,000,239,119,4,170,170,170,170
29,000,239,119,5,170,170,175,255
29,000,239,119,6,255,250,175,255
29,100,255,255,0,255,255,255,255
29,100,255,255,1,255,239,253,255
29,100,255,255,2,191,223,251,255
29,100,255,255,3,122,175,247,254
29,100,255,255,4,254,239,238,237
29,100,255,255,5,119,117,110,187
29,100,255,255,6,237,123,117,106
29,010,219,190,0,187,187,223,187
29,010,219,190,1,189,239,239,255
29,010,219,190,2,223,187,223,255
29,010,219,190,3,255,119,255,253
29,010,219,190,4,255,255,246,238
29,010,219,190,5,251,191,253,215
29,010,219,190,6,238,247,95,187
29,110,219,110,0,239,253,255,246
29,110,219,110,1,223,255,119,191
29,110,219,110,2,253,239,255,253
29,110,219,110,3,251,189,182,238
29,110,219,110,4,245,187,189,215
29,110,219,110,5,239,253,126,239
29,110,219,110,6,125,191,255,247
29,001,127,255,0,119,255,219,187
29,001,127,255,1,221,239,253,235
29,001,127,255,2,238,247,175,187
29,001,127,255,3,221,110,239,221
29,001,127,255,4,255,247,95,255
29,001,127,255,5,171,191,253,111
29,001,127,255,6,255,251,251,189
29,101,214,238,0,250,187,189,235
29,101,214,238,1,239,254,190,239
29,101,214,238,2,122,255,255,183
29,101,214,238,3,127,254,223,255
29,101,214,238,4,94,238,245,219
29,101,214,238,5,255,94,251,191
29,101,214,238,6,190,239,126,238
29,011,239,247,0,127,251,183,255
29,011,239,247,1,186,255,245,219
29,011,239,247,2,255,253,222,247
29,011,239,247,3,238,238,251,219
29,011,239,247,4,189,187,239,251
29,011,239,247,5,190,239,127,191
29,011,239,247,6,255,251,127,255
29,111,183,255,0,221,187,221,251
29,111,183,255,1,255,109,238,247
29,111,183,255,2,95,187,219,110
29,111,183,255,3,239,245,255,246
29,111,183,255,4,215,255,189,191
29,111,183,255,5,250,219,255,254
29,111,183,255,6,222,246,214,238
30,000,245,238,0,239,127,255,255
30,000,245,238,1,190,255,251,239
30,000,245,238,2,255,234,170,175
30,000,245,238,3,253,250,170,170
30,000,245,238,4,170,170,170,170
30,000,245,238,5,170,175,255,255
30,000,245,238,6,250,175,255,255
30,100,255,255,0,255,255,255,255
30,100,255,255,1,238,253,255,191
30,100,255,255,2,223,251,253,122
30,100,255,255,3,171,239,191,221
30,100,255,255,4,109,219,215,213
30,100,255,255,5,186,237,239,125
30,100,255,255,6,239,107,213,109
30,010,254,183,0,117,187,253,110
30,010,254,183,1,235,119,238,255
30,010,254,183,2,125,253,255,127
30,010,254,183,3,251,127,254,255
30,010,254,183,4,246,247,117,191
30,010,254,183,5,191,254,235,107
30,010,254,183,6,125,215,187,247
30,110,125,215,0,255,85,218,255
30,110,125,215,1,247,87,117,186
30,110,125,215,2,219,223,123,237
30,110,125,215,3,253,187,219,187
30,110,125,215,4,251,119,183,122
30,110,125,215,5,251,239,223,235
30,110,125,215,6,223,255,183,127
30,001,254,255,0,187,251,187,191
30,001,254,255,1,191,254,238,189
30,001,254,255,2,223,191,191,247
30,001,254,255,3,251,191,255,107
30,001,254,255,4,222,239,255,175
30,001,254,255,5,118,189,187,218
30,001,254,255,6,251,93,253,213
30,101,182,223,0,191,85,187,119
30,101,182,223,1,238,255,125,253
30,101,182,223,2,255,127,219,247
30,101,182,223,3,255,255,110,245
30,101,182,223,4,182,223,255,245
30,101,182,223,5,219,125,255,175
30,101,182,223,6,223,239,191,173
30,011,118,235,0,126,250,237,214
30,011,118,235,1,251,253,251,255
30,011,118,235,2,254,253,255,86
30,011,118,235,3,247,187,254,173
30,011,118,235,4,239,117,94,255
30,011,118,235,5,125,245,127,127
30,011,118,235,6,223,127,254,255
30,111,190,246,0,221,223,255,251
30,111,190,246,1,95,111,126,175
30,111,190,246,2,223,239,190,174
30,111,190,246,3,219,218,247,189
30,111,190,246,4,183,181,238,247
30,111,190,246,5,123,255,254,253
30,111,190,246,6,255,86,222,223
31,000,255,125,0,251,191,253,110
31,000,255,125,1,215,255,250,221
31,000,255,125,2,181,85,95,191
31,000,255,125,3,250,170,170,170
31,000,255,125,4,170,170,170,170
31,000,255,125,5,175,255,255,250
31,000,255,125,6,175,255,255,255
31,100,255,255,0,255,255,250,222
31,100,255,255,1,237,238,245,189
31,100,255,255,2,219,221,245,90
31,100,255,255,3,215,173,238,239
31,100,255,255,4,238,238,239,107
31,100,255,255,5,213,106,213,106
31,100,255,255,6,213,106,219,189
31,010,87,187,0,219,190,239,87
31,010,87,187,1,239,254,254,239
31,010,87,187,2,111,255,255,191
31,010,87,187,3,255,254,255,255
31,010,87,187,4,255,187,223,255
31,010,87,187,5,253,223,238,247
31,010,87,187,6,251,187,221,91
31,110,191,250,0,255,251,175,255
31,110,191,250,1,85,191,255,173
31,110,191,250,2,255,254,187,190
31,110,191,250,3,235,238,245,219
31,110,191,250,4,189,183,239,255
31,110,191,250,5,187,187,223,255
31,110,191,250,6,253,215,255,245
31,001,191,255,0,247,187,223,175
31,001,191,255,1,253,245,251,189
31,001,191,255,2,219,187,251,110
31,001,191,255,3,239,239,127,255
31,001,191,255,4,119,255,173,191
31,001,191,255,5,255,221,255,255
31,001,191,255,6,123,189,190,238
31,101,247,110,0,239,126,239,253
31,101,247,110,1,174,239,123,255
31,101,247,110,2,255,111,255,219
31,101,247,110,3,191,255,182,238
31,101,247,110,4,255,223,253,245
31,101,247,110,5,123,189,215,187
31,101,247,110,6,221,123,191,213
31,011,255,247,0,95,255,245,223
31,011,255,247,1,255,189,255,254
31,011,255,247,2,222,247,110,238
31,011,255,247,3,253,251,189,183
31,011,255,247,4,191,247,126,239
31,011,255,247,5,118,255,254,219
31,011,255,247,6,255,255,191,255
31,111,118,238,0,253,191,253,187
31,111,118,238,1,187,189,222,239
31,111,118,238,2,107,187,191,215
31,111,118,238,3,127,251,239,255
31,111,118,238,4,245,223,251,119
31,111,118,238,5,255,251,190,246
31,111,118,238,6,250,238,246,251
32,000,239,123,0,255,255,255,255
32,000,239,123,1,254,255,255,250
32,000,239,123,2,170,175,255,245
32,000,239,123,3,85,85,85,85
32,000,239,123,4,85,85,85,95
32,000,239,123,5,255,255,245,95
32,000,239,123,6,255,255,255,255
32,100,255,255,0,255,251,253,247
32,100,255,255,1,239,247,190,255
32,100,255,255,2,125,245,87,215
32,100,255,255,3,254,253,107,127
32,100,255,255,4,118,250,235,238
32,100,255,255,5,191,123,237,119
32,100,255,255,6,214,237,255,219
32,010,223,127,0,191,221,239,253
32,010,223,127,1,254,255,125,251
32,010,223,127,2,255,253,215,247
32,010,223,127,3,255,251,175,246
32,010,223,127,4,237,127,191,253
32,010,223,127,5,218,235,126,219
32,010,223,127,6,110,214,238,214
32,110,182,221,0,117,189,109,186
32,110,182,221,1,251,191,123,94
32,110,182,221,2,215,111,127,214
32,110,182,221,3,253,125,223,173
32,110,182,221,4,250,246,239,191
32,110,182,221,5,238,246,254,223
32,110,182,221,6,181,250,253,183
32,001,182,251,0,183,191,221,247
32,001,182,251,1,111,117,223,127
32,001,182,251,2,122,253,189,126
32,001,182,251,3,235,182,186,237
32,001,182,251,4,215,109,123,237
32,001,182,251,5,247,255,255,235
32,001,182,251,6,189,251,223,123
32,101,187,247,0,190,250,186,239
32,101,187,247,1,221,218,187,239
32,101,187,247,2,215,127,253,255
32,101,187,247,3,174,253,255,125
32,101,187,247,4,247,235,254,246
32,101,187,247,5,191,127,238,255
32,101,187,247,6,187,127,239,237
32,011,246,189,0,253,247,127,191
32,011,246,189,1,223,238,253,222
32,011,246,189,2,191,189,223,125
32,011,246,189,3,123,247,95,238
32,011,246,189,4,222,190,214,238
32,011,246,189,5,245,119,245,214
32,011,246,189,6,213,175,235,173
32,111,246,253,0,110,175,187,239
32,111,246,253,1,126,239,246,254
32,111,246,253,2,223,111,110,213
32,111,246,253,3,187,222,221,171
32,111,246,253,4,123,109,183,189
32,111,246,253,5,222,239,127,183
32,111,246,253,6,182,255,127,111
33,000,223,255,0,255,255,255,255
33,000,223,255,1,255,255,250,170
33,000,223,255,2,175,255,250,170
33,000,223,255,3,170,170,170,170
33,000,223,255,4,170,170,175,255
33,000,223,255,5,255,250,175,255
33,000,223,255,6,255,255,255,255
33,100,255,255,0,255,175,235,190
33,100,255,255,1,191,95,215,125
33,100,255,255,2,117,87,215,245
33,100,255,255,3,221,109,125,238
33,100,255,255,4,251,235,239,237
33,100,255,255,5,239,107,213,106
33,100,255,255,6,219,190,253,187
33,010,219,110,0,239,239,191,246
33,010,219,110,1,219,187,221,255
33,010,219,110,2,254,219,255,255
33,010,219,110,3,191,255,106,187
33,010,219,110,4,223,255,253,170
33,010,219,110,5,174,246,170,239
33,010,219,110,6,106,171,191,255
33,110,255,245,0,95,255,255,255
33,110,255,245,1,255,255,255,255
33,110,255,245,2,251,190,251,187
33,110,255,245,3,218,251,189,191
33,110,255,245,4,191,251,110,239
33,110,255,245,5,123,191,254,214
33,110,255,245,6,255,238,223,255
33,001,170,187,0,219,175,253,170
33,001,170,187,1,174,246,170,239
33,001,170,187,2,106,171,191,255
33,001,170,187,3,255,245,95,255
33,001,170,187,4,255,255,255,255
33,001,170,187,5,255,255,251,189
33,001,170,187,6,254,238,251,251
33,101,189,254,0,239,255,238,239
33,101,189,254,1,118,255,253,93
33,101,189,254,2,255,215,111,255
33,101,189,254,3,213,110,245,219
33,101,189,254,4,255,85,91,189
33,101,189,254,5,85,187,213,86
33,101,189,254,6,239,255,255,250
33,011,175,255,0,255,255,255,255
33,011,175,255,1,255,255,254,247
33,011,175,255,2,251,238,245,187
33,011,175,255,3,189,255,239,254
33,011,175,255,4,222,239,126,255
33,011,175,255,5,254,239,255,213
33,011,175,255,6,223,255,106,187
33,111,219,175,0,253,170,174,246
33,111,219,175,1,170,239,106,171
33,111,219,175,2,191,255,255,245
33,111,219,175,3,95,255,255,255
33,111,219,175,4,255,255,255,255
33,111,219,175,5,251,190,187,187
33,111,219,175,6,223,94,239,91
34,000,255,255,0,239,255,247,191
34,000,255,255,1,255,245,85,91
34,000,255,255,2,191,245,85,85
34,000,255,255,3,85,85,85,85
34,000,255,255,4,85,95,255,255
34,000,255,255,5,245,95,255,255
34,000,255,255,6,255,255,255,255
34,100,255,251,0,255,239,239,247
34,100,255,251,1,254,255,223,125
34,100,255,251,2,93,255,191,246
34,100,255,251,3,187,123,219,187
34,100,255,251,4,119,214,234,213
34,100,255,251,5,106,213,106,219
34,100,255,251,6,190,246,238,251
34,010,123,189,0,253,127,251,119
34,010,123,189,1,187,246,255,255
34,010,123,189,2,234,255,254,255
34,010,123,189,3,255,170,187,223
34,010,123,189,4,119,255,85,91
34,010,123,189,5,189,85,187,213
34,010,123,189,6,86,239,255,255
34,110,250,175,0,255,255,255,255
34,110,250,175,1,255,255,255,254
34,110,250,175,2,246,251,187,223
34,110,250,175,3,238,239,125,239
34,110,250,175,4,250,254,239,117
34,110,250,175,5,127,254,182,255
34,110,250,175,6,246,239,255,186
34,001,187,219,0,95,253,170,174
34,001,187,219,1,246,170,239,106
34,001,187,219,2,171,191,255,255
34,001,187,219,3,245,95,255,255
34,001,187,219,4,255,255,255,255
34,001,187,219,5,255,251,189,215
34,001,187,219,6,187,222,222,239
34,101,117,255,0,255,95,187,246
34,101,117,255,1,255,254,219,255
34,101,117,255,2,247,239,255,234
34,101,117,255,3,187,223,119,255
34,101,117,255,4,85,91,189,85
34,101,117,255,5,187,213,86,239
34,101,117,255,6,255,255,250,175
34,011,255,255,0,255,255,255,255
34,011,255,255,1,255,254,247,119
34,011,255,255,2,187,223,123,189
34,011,255,255,3,189,255,253,223
34,011,255,255,4,187,237,127,255
34,011,255,255,5,91,255,222,239
34,011,255,255,6,255,245,110,246
34,111,239,253,0,170,174,246,170
34,111,239,253,1,239,106,171,191
34,111,239,253,2,255,255,245,95
34,111,239,253,3,255,255,255,255
34,111,239,253,4,255,255,255,251
34,111,239,253,5,191,119,187,223
34,111,239,253,6,251,189,221,255
35,000,255,239,0,255,255,255,255
35,000,255,239,1,245,85,95,191
35,000,255,239,2,250,170,170,170
35,000,255,239,3,170,170,170,170
35,000,255,239,4,175,255,255,250
35,000,255,239,5,175,255,255,255
35,000,255,239,6,255,255,255,255
35,100,255,239,0,183,239,251,126
35,100,255,239,1,255,215,125,94
35,100,255,239,2,223,191,251,110
35,100,255,239,3,239,109,237,239
35,100,255,239,4,107,213,106,213
35,100,255,239,5,106,213,110,247
35,100,255,239,6,222,238,251,187
35,010,189,237,0,239,255,215,187
35,010,189,237,1,235,255,254,254
35,010,189,237,2,255,255,95,255
35,010,189,237,3,218,187,221,111
35,010,189,237,4,253,170,174,246
35,010,189,237,5,170,239,106,171
35,010,189,237,6,191,255,255,245
35,110,95,255,0,255,255,255,255
35,110,95,255,1,255,255,251,190
35,110,95,255,2,254,238,255,94
35,110,95,255,3,239,95,127,247
35,110,95,255,4,222,239,107,127
35,110,95,255,5,255,110,255,235
35,110,95,255,6,111,255,181,110
35,001,247,87,0,255,85,91,189
35,001,247,87,1,85,187,213,86
35,001,247,87,2,239,255,255,250
35,001,247,87,3,175,255,255,255
35,001,247,87,4,255,255,255,255
35,001,247,87,5,254,247,237,238
35,001,247,87,6,253,123,189,251
35,101,239,251,0,190,239,110,255
35,101,239,251,1,255,126,255,247
35,101,239,251,2,111,255,245,110
35,101,239,251,3,247,111,253,170
35,101,239,251,4,174,246,170,239
35,101,239,251,5,106,171,191,255
35,101,239,251,6,255,245,95,255
35,011,255,255,0,255,255,255,255
35,011,255,255,1,251,190,247,187
35,011,255,255,2,222,222,239,221
35,011,255,255,3,255,247,190,239
35,011,255,255,4,123,127,255,123
35,011,255,255,5,255,235,111,255
35,011,255,255,6,213,110,251,215
35,111,255,85,0,91,189,85,187
35,111,255,85,1,213,86,239,255
35,111,255,85,2,255,250,175,255
35,111,255,85,3,255,255,255,255
35,111,255,85,4,255,255,254,247
35,111,255,85,5,253,238,247,123
35,111,255,85,6,189,255,239,253
36,000,255,255,0,254,255,255,250
36,000,255,255,1,170,175,255,245
36,000,255,255,2,85,85,85,85
36,000,255,255,3,85,85,85,95
36,000,255,255,4,255,255,245,95
36,000,255,255,5,255,255,255,255
36,000,255,255,6,255,255,255,251
36,100,255,127,0,239,247,254,255
36,100,255,127,1,223,250,175,247
36,100,255,127,2,254,253,187,123
36,100,255,127,3,219,187,119,214
36,100,255,127,4,234,213,106,213
36,100,255,127,5,106,219,190,250
36,100,255,127,6,238,254,187,189
36,010,247,239,0,251,223,187,222
36,010,247,239,1,191,255,223,127
36,010,247,239,2,238,223,255,85
36,010,247,239,3,110,251,215,255
36,010,247,239,4,85,91,189,85
36,010,247,239,5,187,213,86,239
36,010,247,239,6,255,255,250,175
36,110,255,255,0,255,255,255,255
36,110,255,255,1,255,254,247,191
36,110,255,255,2,187,221,222,239
36,110,255,255,3,126,255,254,254
36,110,255,255,4,239,107,255,253
36,110,255,255,5,238,255,234,239
36,110,255,255,6,255,213,110,250
36,001,223,253,0,170,174,246,170
36,001,223,253,1,239,106,171,191
36,001,223,253,2,255,255,245,95
36,001,223,253,3,255,255,255,255
36,001,223,253,4,255,255,255,251
36,001,223,253,5,189,125,238,245
36,001,223,253,6,222,239,119,255
36,101,251,239,0,187,238,255,255
36,101,251,239,1,253,255,247,191
36,101,251,239,2,255,245,110,255
36,101,251,239,3,191,255,85,91
36,101,251,239,4,189,85,187,213
36,101,251,239,5,86,239,255,255
36,101,251,239,6,250,175,255,255
36,011,255,255,0,255,255,255,254
36,011,255,255,1,247,191,187,223
36,011,255,255,2,190,239,190,255
36,011,255,255,3,251,239,187,239
36,011,255,255,4,255,255,239,255
36,011,255,255,5,255,255,255,245
36,011,255,255,6,110,255,191,255
36,111,85,91,0,189,85,187,213
36,111,85,91,1,86,239,255,255
36,111,85,91,2,250,175,255,255
36,111,85,91,3,255,255,255,255
36,111,85,91,4,255,254,247,191
36,111,85,91,5,187,223,190,239
36,111,85,91,6,190,255,251,239
37,000,255,255,0,255,255,245,85
37,000,255,255,1,95,191,250,170
37,000,255,255,2,170,170,170,170
37,000,255,255,3,170,170,175,255
37,000,255,255,4,255,250,175,255
37,000,255,255,5,255,255,255,255
37,000,255,255,6,255,255,255,238
37,100,253,255,0,191,223,251,191
37,100,253,255,1,125,87,239,191
37,100,253,255,2,219,181,237,237
37,100,253,255,3,237,237,117,239
37,100,253,255,4,107,213,106,213
37,100,253,255,5,110,247,182,238
37,100,253,255,6,245,238,239,190
37,010,255,253,0,254,239,123,255
37,010,255,253,1,255,253,255,255
37,010,255,253,2,175,255,250,187
37,010,255,253,3,223,95,255,85
37,010,255,253,4,91,189,85,187
37,010,255,253,5,213,86,239,255
37,010,255,253,6,255,250,175,255
37,110,255,255,0,255,255,255,255
37,110,255,255,1,254,247,117,238
37,110,255,255,2,254,187,189,254
37,110,255,255,3,239,255,175,187
37,110,255,255,4,221,191,254,171
37,110,255,255,5,255,213,223,255
37,110,255,255,6,90,187,222,175
37,001,253,170,0,174,246,170,239
37,001,253,170,1,106,171,191,255
37,001,253,170,2,255,245,95,255
37,001,253,170,3,255,255,255,255
37,001,253,170,4,255,255,251,191
37,001,253,170,5,189,238,246,222
37,001,253,170,6,239,237,239,253
37,101,190,239,0,118,191,254,235
37,101,190,239,1,255,214,191,255
37,101,190,239,2,245,110,245,183
37,101,190,239,3,255,85,91,189
37,101,190,239,4,85,187,213,86
37,101,190,239,5,239,255,255,250
37,101,190,239,6,175,255,255,255
37,011,255,255,0,255,255,254,247
37,011,255,255,1,109,238,251,222
37,011,255,255,2,239,109,255,246
37,011,255,255,3,254,239,118,255
37,011,255,255,4,253,107,255,237
37,011,255,255,5,191,255,245,110
37,011,255,255,6,247,223,253,170
37,111,174,246,0,170,239,106,171
37,111,174,246,1,191,255,255,245
37,111,174,246,2,95,255,255,255
37,111,174,246,3,255,255,255,255
37,111,174,246,4,251,189,93,238
37,111,174,246,5,255,222,239,173
37,111,174,246,6,255,253,254,239
38,000,254,255,0,255,250,170,175
38,000,254,255,1,255,245,85,85
38,000,254,255,2,85,85,85,85
38,000,254,255,3,85,95,255,255
38,000,254,255,4,245,95,255,255
38,000,254,255,5,255,255,255,255
38,000,254,255,6,255,251,253,251
38,100,239,255,0,190,255,126,250
38,100,239,255,1,171,247,254,237
38,100,239,255,2,238,237,117,237
38,100,239,255,3,238,237,117,239
38,100,239,255,4,107,213,106,215
38,100,239,255,5,223,213,223,126
38,100,239,255,6,175,127,118,191
38,010,253,235,0,223,239,191,253
38,010,253,235,1,222,255,221,239
38,010,253,235,2,255,125,246,255
38,010,253,235,3,111,251,221,253
38,010,253,235,4,190,247,251,223
38,010,253,235,5,127,221,254,251
38,010,253,235,6,191,189,223,182
38,110,237,111,0,175,119,237,187
38,110,237,111,1,190,221,238,254
38,110,237,111,2,223,239,183,117
38,110,237,111,3,181,119,251,246
38,110,237,111,4,183,214,173,173
38,110,237,111,5,127,95,181,173
38,110,237,111,6,219,189,247,235
38,001,247,118,0,239,222,182,255
38,001,247,118,1,187,247,218,213
38,001,247,118,2,125,95,235,246
38,001,247,118,3,235,123,238,173
38,001,247,118,4,109,221,223,187
38,001,247,118,5,247,127,187,247
38,001,247,118,6,238,245,181,183
38,101,235,213,0,222,215,215,123
38,101,235,213,1,190,223,174,245
38,101,235,213,2,85,85,187,247
38,101,235,213,3,221,123,174,175
38,101,235,213,4,187,213,87,182
38,101,235,213,5,237,239,191,111
38,101,235,213,6,251,187,246,223
38,011,247,117,0,246,219,175,213
38,011,247,117,1,245,117,239,95
38,011,247,117,2,189,123,125,123
38,011,247,117,3,215,246,253,253
38,011,247,117,4,118,250,250,175
38,011,247,117,5,171,245,190,254
38,011,247,117,6,171,235,219,125
38,111,190,183,0,91,235,91,111
38,111,190,183,1,239,87,182,247
38,111,190,183,2,183,187,238,170
38,111,190,183,3,183,250,254,246
38,111,190,183,4,239,90,235,91
38,111,190,183,5,91,107,109,239
38,111,190,183,6,215,239,110,254
39,000,183,182,0,170,170,170,219
39,000,183,182,1,85,85,85,85
39,000,183,182,2,85,85,85,85
39,000,183,182,3,95,255,255,245
39,000,183,182,4,95,255,255,255
39,000,183,182,5,255,255,255,255
39,000,183,182,6,255,95,254,253
39,100,191,255,0,91,255,245,94
39,100,191,255,1,223,214,254,239
39,100,191,255,2,239,239,215,191
39,100,191,255,3,126,250,234,213
39,100,191,255,4,106,213,111,110
39,100,191,255,5,247,189,191,123
39,100,191,255,6,219,189,239,219
39,010,222,246,0,239,191,191,126
39,010,222,246,1,251,247,239,239
39,010,222,246,2,218,170,175,223
39,010,222,246,3,186,170,181,110
39,010,222,246,4,170,170,170,170
39,010,222,246,5,175,239,215,186
39,010,222,246,6,175,247,190,246
39,110,189,247,0,255,247,219,111
39,110,189,247,1,223,247,125,187
39,110,189,247,2,239,191,126,223
39,110,189,247,3,111,181,251,251
39,110,189,247,4,247,190,239,239
39,110,189,247,5,109,187,181,254
39,110,189,247,6,189,238,253,253
39,001,127,175,0,247,250,255,94
39,001,127,175,1,239,170,250,189
39,001,127,175,2,239,190,245,125
39,001,127,175,3,94,171,234,250
39,001,127,175,4,175,175,245,254
39,001,127,175,5,191,94,239,222
39,001,127,175,6,245,95,215,250
39,101,255,107,0,237,125,247,110
39,101,255,107,1,239,190,181,85
39,101,255,107,2,85,246,186,170
39,101,255,107,3,170,170,170,170
39,101,255,107,4,170,170,175,183
39,101,255,107,5,219,186,173,183
39,101,255,107,6,186,253,187,119
39,011,183,237,0,222,239,187,173
39,011,183,237,1,118,189,119,119
39,011,183,237,2,123,218,215,90
39,011,183,237,3,239,189,247,190
39,011,183,237,4,239,117,237,123
39,011,183,237,5,214,235,182,238
39,011,183,237,6,219,182,253,189
39,111,191,109,0,245,219,111,187
39,111,191,109,1,247,123,111,119
39,111,191,109,2,221,251,190,251
39,111,191,109,3,223,127,122,223
39,111,191,109,4,93,182,219,110
39,111,191,109,5,187,214,255,238
39,111,191,109,6,223,173,255,191
40,000,247,122,0,170,175,126,245
40,000,247,122,1,85,85,85,85
40,000,247,122,2,85,85,85,95
40,000,247,122,3,255,255,245,95
40,000,247,122,4,255,255,255,255
40,000,247,122,5,255,255,255,250
40,000,247,122,6,189,247,190,254
40,100,223,219,0,239,181,90,223
40,100,223,219,1,183,119,191,126
40,100,223,219,2,247,238,239,239
40,100,223,219,3,237,213,106,213
40,100,223,219,4,106,219,189,219
40,100,223,219,5,187,223,187,189
40,100,223,219,6,182,239,251,238
40,010,239,126,0,255,255,250,255
40,010,239,126,1,255,223,255,218
40,010,239,126,2,187,223,239,253
40,010,239,126,3,170,174,246,170
40,010,239,126,4,239,106,171,191
40,010,239,126,5,255,255,245,95
40,010,239,126,6,255,255,255,255
40,110,255,255,0,255,251,190,219
40,110,255,255,1,187,222,251,189
40,110,255,255,2,237,239,255,190
40,110,255,255,3,239,111,255,253
40,110,255,255,4,86,255,234,239
40,110,255,255,5,255,250,187,223
40,110,255,255,6,223,253,170,174
40,001,246,170,0,239,106,171,191
40,001,246,170,1,255,255,245,95
40,001,246,170,2,255,255,255,255
40,001,246,170,3,255,255,255,251
40,001,246,170,4,191,189,238,247
40,001,246,170,5,187,189,239,239
40,001,246,170,6,253,239,187,218
40,101,255,253,0,118,255,234,191
40,101,255,253,1,255,106,187,223
40,101,255,253,2,255,253,170,174
40,101,255,253,3,246,170,239,106
40,101,255,253,4,171,191,255,255
40,101,255,253,5,245,95,255,255
40,101,255,253,6,255,255,255,255
40,011,255,251,0,190,183,187,223
40,011,255,251,1,222,239,91,239
40,011,255,251,2,255,254,239,117
40,011,255,251,3,127,254,182,255
40,011,255,251,4,234,191,255,117
40,011,255,251,5,110,255,251,255
40,011,255,251,6,85,91,189,85
40,111,187,213,0,86,239,255,255
40,111,187,213,1,250,175,255,255
40,111,187,213,2,255,255,255,255
40,111,187,213,3,255,254,246,183
40,111,187,213,4,187,222,222,239
40,111,187,213,5,251,239,255,95
40,111,187,213,6,187,221,127,255
41,000,250,170,0,175,255,245,85
41,000,250,170,1,85,85,85,85
41,000,250,170,2,85,85,95,255
41,000,250,170,3,255,245,95,255
41,000,250,170,4,255,255,255,255
41,000,250,170,5,255,255,251,253
41,000,250,170,6,247,239,254,223
41,100,251,251,0,125,93,223,191
41,100,251,251,1,221,237,117,237
41,100,251,251,2,237,117,238,247
41,100,251,251,3,214,234,213,106
41,100,251,251,4,219,189,182,238
41,100,251,251,5,247,110,239,90
41,100,251,251,6,239,254,238,239
41,010,110,255,0,255,218,255,237
41,010,110,255,1,111,255,213,110
41,010,110,255,2,251,95,253,170
41,010,110,255,3,174,246,170,239
41,010,110,255,4,106,171,191,255
41,010,110,255,5,255,245,95,255
41,010,110,255,6,255,255,255,255
41,110,255,255,0,251,190,245,238
41,110,255,255,1,251,123,189,246
41,110,255,255,2,255,247,119,187
41,110,255,255,3,253,255,253,125
41,110,255,255,4,255,255,175,255
41,110,255,255,5,234,187,221,95
41,110,255,255,6,253,170,174,246
41,001,170,239,0,106,171,191,255
41,001,170,239,1,255,245,95,255
41,001,170,239,2,255,255,255,255
41,001,170,239,3,255,255,251,191
41,001,170,239,4,189,238,253,123
41,001,170,239,5,189,223,239,251
41,001,170,239,6,190,239,111,255
41,101,253,86,0,255,247,111,255
41,101,253,86,1,234,187,222,215
41,101,253,86,2,255,85,91,189
41,101,253,86,3,85,187,213,86
41,101,253,86,4,239,255,255,250
41,101,253,86,5,175,255,255,255
41,101,253,86,6,255,255,255,255
41,011,254,247,0,247,187,222,222
41,011,254,247,1,239,87,239,251
41,011,254,247,2,223,187,221,127
41,011,254,247,3,254,235,255,235
41,011,254,247,4,111,255,181,110
41,011,254,247,5,251,215,255,85
41,011,254,247,6,91,189,85,187
41,111,213,86,0,239,255,255,250
41,111,213,86,1,175,255,255,255
41,111,213,86,2,255,255,255,255
41,111,213,86,3,254,246,255,187
41,111,213,86,4,221,222,239,175
41,111,213,86,5,255,251,126,239
41,111,213,86,6,125,127,254,235
42,000,85,85,0,111,250,170,170
42,000,85,85,1,170,170,170,170
42,000,85,85,2,170,175,255,255
42,000,85,85,3,250,175,255,255
42,000,85,85,4,255,255,255,255
42,000,85,85,5,255,255,239,237
42,000,85,85,6,255,187,223,251
42,100,251,125,0,90,247,254,251
42,100,251,125,1,191,123,191,119
42,100,251,125,2,214,234,213,106
42,100,251,125,3,213,106,213,109
42,100,251,125,4,111,251,219,191
42,100,251,125,5,222,219,254,238
42,100,251,125,6,223,238,214,246
42,010,235,238,0,219,215,118,238
42,010,235,238,1,251,187,170,173
42,010,235,238,2,187,117,107,181
42,010,235,238,3,85,174,170,173
42,010,235,238,4,186,175,123,253
42,010,235,238,5,219,109,239,189
42,010,235,238,6,190,237,238,253
42,110,239,109,0,191,219,251,189
42,110,239,109,1,189,251,246,237
42,110,239,109,2,127,110,219,251
42,110,239,109,3,223,175,183,250
42,110,239,109,4,251,127,94,245
42,110,239,109,5,246,223,189,247
42,110,239,109,6,218,246,255,111
42,001,86,251,0,95,222,235,219
42,001,86,251,1,125,175,187,186
42,001,86,251,2,250,171,175,189
42,001,86,251,3,219,93,255,117
42,001,86,251,4,222,222,189,187
42,001,86,251,5,250,254,253,215
42,001,86,251,6,237,247,107,109
42,101,118,255,0,109,218,173,183
42,101,118,255,1,251,187,119,111
42,101,118,255,2,247,127,191,223
42,101,118,255,3,238,255,127,190
42,101,118,255,4,219,219,127,123
42,101,118,255,5,247,182,239,219
42,101,118,255,6,110,253,237,183
42,011,189,189,0,222,251,221,239
42,011,189,189,1,111,117,118,247
42,011,189,189,2,123,213,181,93
42,011,189,189,3,86,213,213,109
42,011,189,189,4,87,93,247,186
42,011,189,189,5,174,175,119,250
42,011,189,189,6,253,223,175,221
42,111,254,191,0,253,255,190,254
42,111,254,191,1,239,254,251,191
42,111,254,191,2,239,187,255,182
42,111,254,191,3,254,223,219,247
42,111,254,191,4,222,251,223,126
42,111,254,191,5,221,247,190,246
42,111,254,191,6,246,222,219,219
43,000,93,223,0,181,85,85,85
43,000,93,223,1,85,85,85,85
43,000,93,223,2,95,255,255,245
43,000,93,223,3,95,255,255,255
43,000,93,223,4,255,255,255,255
43,000,93,223,5,255,111,237,253
43,000,93,223,6,191,123,239,125
43,100,234,175,0,183,246,247,191
43,100,234,175,1,126,251,119,125
43,100,234,175,2,181,237,125,123
43,100,234,175,3,117,106,219,189
43,100,234,175,4,218,238,251,187
43,100,234,175,5,189,251,127,251
43,100,234,175,6,239,187,237,255
43,010,253,183,0,255,214,255,255
43,010,253,183,1,181,110,255,191
43,010,253,183,2,255,85,91,189
43,010,253,183,3,85,187,213,86
43,010,253,183,4,239,255,255,250
43,010,253,183,5,175,255,255,255
43,010,253,183,6,255,255,255,255
43,110,254,247,0,173,187,223,222
43,110,254,247,1,239,237,239,254
43,110,254,247,2,254,239,125,255
43,110,254,247,3,253,238,255,251
43,110,254,247,4,127,255,234,187
43,110,254,247,5,223,255,253,170
43,110,254,247,6,174,246,170,239
43,001,106,171,0,191,255,255,245
43,001,106,171,1,95,255,255,255
43,001,106,171,2,255,255,255,255
43,001,106,171,3,251,189,218,238
43,001,106,171,4,245,123,189,251
43,001,106,171,5,127,251,239,187
43,001,106,171,6,246,255,254,222
43,101,255,247,0,127,255,234,187
43,101,255,247,1,223,255,253,170
43,101,255,247,2,174,246,170,239
43,101,255,247,3,106,171,191,255
43,101,255,247,4,255,245,95,255
43,101,255,247,5,255,255,255,255
43,101,255,247,6,255,255,251,189
43,011,117,187,0,218,222,239,123
43,011,117,187,1,127,251,239,187
43,011,117,187,2,253,255,255,126
43,011,117,187,3,255,247,127,255
43,011,117,187,4,218,187,223,255
43,011,117,187,5,253,170,174,246
43,011,117,187,6,170,239,106,171
43,111,191,255,0,255,245,95,255
43,111,191,255,1,255,255,255,255
43,111,191,255,2,255,255,251,191
43,111,191,255,3,90,238,251,123
43,111,191,255,4,189,251,127,251
43,111,191,255,5,239,187,218,255
43,111,191,255,6,255,119,255,221
44,000,191,250,0,170,170,170,170
44,000,191,250,1,170,170,170,175
44,000,191,250,2,255,255,250,175
44,000,191,250,3,255,255,255,255
44,000,191,250,4,255,255,255,255
44,000,191,250,5,239,183,239,250
44,000,191,250,6,223,251,254,250
44,100,175,191,0,191,246,182,251
44,100,175,191,1,125,125,239,186
44,100,175,191,2,235,181,183,214
44,100,175,191,3,234,215,223,223
44,100,175,191,4,125,187,246,239
44,100,175,191,5,126,247,247,183
44,100,175,191,6,253,253,255,254
44,010,246,237,0,255,117,175,181
44,010,246,237,1,85,91,215,250
44,010,246,237,2,170,170,170,170
44,010,246,237,3,170,170,170,175
44,010,246,237,4,255,255,250,175
44,010,246,237,5,255,255,255,255
44,010,246,237,6,255,255,255,253
44,110,254,247,0,190,253,246,239
44,110,254,247,1,171,125,251,183
44,110,254,247,2,255,251,255,127
44,110,254,247,3,118,239,251,126
44,110,254,247,4,239,85,85,86
44,110,254,247,5,239,85,85,85
44,110,254,247,6,85,85,85,85
44,001,85,95,0,255,255,245,95
44,001,85,95,1,255,255,255,255
44,001,85,95,2,255,255,255,247
44,001,85,95,3,223,247,190,251
44,001,85,95,4,123,219,246,247
44,001,85,95,5,245,238,171,247
44,001,85,95,6,255,127,123,183
44,101,253,250,0,251,181,85,93
44,101,253,250,1,239,170,170,170
44,101,253,250,2,170,170,170,170
44,101,253,250,3,170,175,255,255
44,101,253,250,4,250,175,255,255
44,101,253,250,5,255,255,255,255
44,101,253,250,6,255,253,253,127
44,011,125,189,0,247,219,190,247
44,011,125,189,1,251,183,191,251
44,011,125,189,2,255,127,110,235
44,011,125,189,3,255,94,223,245
44,011,125,189,4,85,86,183,186
44,011,125,189,5,170,170,170,170
44,011,125,189,6,170,170,170,175
44,111,255,255,0,250,175,255,255
44,111,255,255,1,255,255,255,255
44,111,255,255,2,255,253,254,247
44,111,255,255,3,237,247,123,219
44,111,255,255,4,214,247,247,183
44,111,255,255,5,255,237,255,254
44,111,255,255,6,187,187,235,173
45,000,250,170,0,170,170,170,170
45,000,250,170,1,170,170,175,255
45,000,250,170,2,255,250,175,255
45,000,250,170,3,255,255,255,255
45,000,250,170,4,255,255,255,191
45,000,250,170,5,127,251,189,191
45,000,250,170,6,219,255,125,94
45,100,183,219,0,246,182,251,125
45,100,183,219,1,125,239,186,235
45,100,183,219,2,181,182,234,213
45,100,183,219,3,106,255,239,187
45,100,183,219,4,238,223,183,190
45,100,183,219,5,247,187,239,223
45,100,183,219,6,239,247,95,218
45,010,255,247,0,123,119,245,85
45,010,255,247,1,95,191,250,170
45,010,255,247,2,170,170,170,170
45,010,255,247,3,170,170,175,255
45,010,255,247,4,255,250,175,255
45,010,255,247,5,255,255,255,255
45,010,255,247,6,255,255,253,254
45,110,251,247,0,251,253,247,239
45,110,251,247,1,253,254,255,125
45,110,251,247,2,251,255,255,239
45,110,251,247,3,255,254,255,255
45,110,251,247,4,245,85,95,191
45,110,251,247,5,250,170,170,170
45,110,251,247,6,170,170,170,170
45,001,175,255,0,255,250,175,255
45,001,175,255,1,255,255,255,255
45,001,175,255,2,255,255,253,254
45,001,175,255,3,251,247,251,253
45,001,175,255,4,247,239,253,254
45,001,175,255,5,255,125,251,255
45,001,175,255,6,255,239,255,254
45,101,255,255,0,245,85,95,191
45,101,255,255,1,250,170,170,170
45,101,255,255,2,170,170,170,170
45,101,255,255,3,175,255,255,250
45,101,255,255,4,175,255,255,255
45,101,255,255,5,255,255,255,255
45,101,255,255,6,253,254,251,247
45,011,251,253,0,247,239,253,254
45,011,251,253,1,255,125,251,255
45,011,251,253,2,255,239,255,254
45,011,251,253,3,255,255,245,85
45,011,251,253,4,95,191,250,170
45,011,251,253,5,170,170,170,170
45,011,251,253,6,170,170,175,255
45,111,255,250,0,175,255,255,255
45,111,255,250,1,255,255,255,255
45,111,255,250,2,253,254,251,247
45,111,255,250,3,251,253,247,239
45,111,255,250,4,253,254,255,125
45,111,255,250,5,251,255,255,239
45,111,255,250,6,255,254,255,255
46,000,170,170,0,170,170,170,170
46,000,170,170,1,170,175,255,255
46,000,170,170,2,250,175,255,255
46,000,170,170,3,255,255,255,255
46,000,170,170,4,255,255,191,127
46,000,170,170,5,253,191,223,239
46,000,170,170,6,223,250,175,247
46,100,254,255,0,107,122,234,214
46,100,254,255,1,234,239,235,238
46,100,254,255,2,235,181,181,107
46,100,254,255,3,255,127,123,238
46,100,254,255,4,223,183,190,253
46,100,254,255,5,110,254,175,251
46,100,254,255,6,246,239,218,254
46,010,254,221,0,123,245,85,95
46,010,254,221,1,191,234,170,170
46,010,254,221,2,170,170,170,170
46,010,254,221,3,170,175,255,255
46,010,254,221,4,250,175,255,255
46,010,254,221,5,255,255,255,255
46,010,254,221,6,255,253,254,251
46,110,247,251,0,253,247,239,253
46,110,247,251,1,254,255,125,251
46,110,247,251,2,255,255,239,255
46,110,247,251,3,254,255,255,245
46,110,247,251,4,85,95,191,250
46,110,247,251,5,170,170,170,170
46,110,247,251,6,170,170,170,175
46,001,255,255,0,250,175,255,255
46,001,255,255,1,255,255,255,255
46,001,255,255,2,255,253,254,251
46,001,255,255,3,247,251,253,247
46,001,255,255,4,239,253,254,255
46,001,255,255,5,125,251,255,255
46,001,255,255,6,239,255,254,255
46,101,255,245,0,85,95,191,250
46,101,255,245,1,170,170,170,170
46,101,255,245,2,170,170,170,175
46,101,255,245,3,255,255,250,175
46,101,255,245,4,255,255,255,255
46,101,255,245,5,255,255,255,253
46,101,255,245,6,254,251,247,251
46,011,253,247,0,239,253,254,255
46,011,253,247,1,125,251,255,255
46,011,253,247,2,239,255,254,255
46,011,253,247,3,255,245,85,95
46,011,253,247,4,191,250,170,170
46,011,253,247,5,170,170,170,170
46,011,253,247,6,170,175,255,255
46,111,250,175,0,255,255,255,255
46,111,250,175,1,255,255,255,253
46,111,250,175,2,254,251,247,251
46,111,250,175,3,253,247,239,253
46,111,250,175,4,254,255,125,251
46,111,250,175,5,255,255,239,255
46,111,250,175,6,254,255,255,245
47,000,170,170,0,170,170,170,170
47,000,170,170,1,175,255,255,250
47,000,170,170,2,175,255,255,255
47,000,170,170,3,255,255,255,255
47,000,170,170,4,255,191,127,253
47,000,170,170,5,191,223,239,223
47,000,170,170,6,250,175,247,251
47,100,245,187,0,122,234,214,234
47,100,245,187,1,239,235,238,235
47,100,245,187,2,181,181,111,127
47,100,245,187,3,239,235,238,221
47,100,245,187,4,219,239,255,123
47,100,245,187,5,239,247,251,255
47,100,245,187,6,223,218,255,247
47,010,122,183,0,245,85,95,191
47,010,122,183,1,106,170,170,170
47,010,122,183,2,170,170,170,170
47,010,122,183,3,175,255,255,250
47,010,122,183,4,175,255,255,255
47,010,122,183,5,255,255,255,255
47,010,122,183,6,255,127,239,235
47,110,238,221,0,219,239,255,123
47,110,238,221,1,239,255,239,254
47,110,238,221,2,255,181,247,247
47,110,238,221,3,122,183,245,85
47,110,238,221,4,95,191,218,170
47,110,238,221,5,170,170,170,170
47,110,238,221,6,170,170,175,255
47,001,255,250,0,175,255,255,255
47,001,255,250,1,255,255,255,255
47,001,255,250,2,253,254,251,247
47,001,255,250,3,251,253,247,239
47,001,255,250,4,253,254,255,125
47,001,255,250,5,251,255,255,239
47,001,255,250,6,255,254,255,255
47,101,245,85,0,95,191,250,170
47,101,245,85,1,170,170,170,170
47,101,245,85,2,170,170,175,255
47,101,245,85,3,255,250,175,255
47,101,245,85,4,255,255,255,255
47,101,245,85,5,255,255,253,254
47,101,245,85,6,251,247,251,253
47,011,247,239,0,253,254,255,125
47,011,247,239,1,251,255,255,239
47,011,247,239,2,255,254,255,255
47,011,247,239,3,245,85,95,191
47,011,247,239,4,250,170,170,170
47,011,247,239,5,170,170,170,170
47,011,247,239,6,175,255,255,250
47,111,175,255,0,255,255,255,255
47,111,175,255,1,255,255,253,254
47,111,175,255,2,251,247,251,253
47,111,175,255,3,247,239,253,254
47,111,175,255,4,255,125,251,255
47,111,175,255,5,255,239,255,254
47,111,175,255,6,255,255,245,85
48,000,170,170,0,170,170,170,175
48,000,170,170,1,255,255,250,175
48,000,170,170,2,255,255,255,255
48,000,170,170,3,255,255,255,255
48,000,170,170,4,191,127,253,191
48,000,170,170,5,223,239,223,250
48,000,170,170,6,175,247,254,255
48,100,107,122,0,234,214,234,239
48,100,107,122,1,235,238,235,181
48,100,107,122,2,181,107,255,127
48,100,107,122,3,117,247,189,219
48,100,107,122,4,239,237,187,239
48,100,107,122,5,111,251,246,239
48,100,107,122,6,218,254,254,221
48,010,109,250,0,170,175,254,213
48,010,109,250,1,85,85,85,85
48,010,109,250,2,85,85,85,95
48,010,109,250,3,255,255,245,95
48,010,109,250,4,255,255,255,255
48,010,109,250,5,255,255,255,247
48,010,109,250,6,223,239,219,238
48,110,223,183,0,190,254,238,255
48,110,223,183,1,125,251,255,255
48,110,223,183,2,181,247,254,222
48,110,223,183,3,221,250,170,175
48,110,223,183,4,255,245,85,85
48,110,223,183,5,85,85,85,85
48,110,223,183,6,85,95,255,255
48,001,245,95,0,255,255,255,255
48,001,245,95,1,255,255,255,247
48,001,245,95,2,223,191,223,127
48,001,245,95,3,191,127,190,255
48,001,245,95,4,251,239,223,239
48,001,245,95,5,255,127,255,247
48,001,245,95,6,255,255,223,250
48,101,170,175,0,255,245,85,85
48,101,170,175,1,85,85,85,85
48,101,170,175,2,85,95,255,255
48,101,170,175,3,245,95,255,255
48,101,170,175,4,255,255,255,255
48,101,170,175,5,255,247,223,191
48,101,170,175,6,223,127,191,127
48,011,190,255,0,251,239,223,239
48,011,190,255,1,255,127,255,247
48,011,190,255,2,255,255,223,250
48,011,190,255,3,170,175,255,245
48,011,190,255,4,85,85,85,85
48,011,190,255,5,85,85,85,95
48,011,190,255,6,255,255,245,95
48,111,255,255,0,255,255,255,255
48,111,255,255,1,255,247,223,191
48,111,255,255,2,223,127,191,127
48,111,255,255,3,190,255,251,239
48,111,255,255,4,223,239,255,127
48,111,255,255,5,255,247,255,255
48,111,255,255,6,223,250,170,175
49,000,85,85,0,85,85,95,255
49,000,85,85,1,255,245,95,255
49,000,85,85,2,255,255,255,255
49,000,85,85,3,255,255,255,111
49,000,85,85,4,253,254,247,255
49,000,85,85,5,219,255,125,93
49,000,85,85,6,255,246,251,109
49,100,237,181,0,107,213,191,119
49,100,237,181,1,123,119,106,234
49,100,237,181,2,219,189,95,110
49,100,237,181,3,250,251,189,251
49,100,237,181,4,255,247,127,187
49,100,237,181,5,219,255,255,234
49,100,237,181,6,255,255,119,255
49,010,181,110,0,253,191,253,170
49,010,181,110,1,174,246,170,239
49,010,181,110,2,106,171,191,255
49,010,181,110,3,255,245,95,255
49,010,181,110,4,255,255,255,255
49,010,181,110,5,255,255,251,190
49,010,181,110,6,251,238,251,251
49,110,189,239,0,239,254,254,239
49,110,189,239,1,123,255,255,255
49,110,189,239,2,255,254,255,255
49,110,189,239,3,250,187,223,255
49,110,189,239,4,253,170,174,246
49,110,189,239,5,170,239,106,171
49,110,189,239,6,191,255,255,245
49,001,95,255,0,255,255,255,255
49,001,95,255,1,255,255,251,190
49,001,95,255,2,251,238,251,251
49,001,95,255,3,189,239,239,254
49,001,95,255,4,254,239,123,255
49,001,95,255,5,255,255,255,254
49,001,95,255,6,255,255,250,187
49,101,223,255,0,253,170,174,246
49,101,223,255,1,170,239,106,171
49,101,223,255,2,191,255,255,245
49,101,223,255,3,95,255,255,255
49,101,223,255,4,255,255,255,255
49,101,223,255,5,251,190,251,238
49,101,223,255,6,251,251,189,239
49,011,239,254,0,254,239,123,255
49,011,239,254,1,255,255,255,254
49,011,239,254,2,255,255,250,187
49,011,239,254,3,223,255,253,170
49,011,239,254,4,174,246,170,239
49,011,239,254,5,106,171,191,255
49,011,239,254,6,255,245,95,255
49,111,255,255,0,255,255,255,255
49,111,255,255,1,251,190,251,238
49,111,255,255,2,251,251,189,239
49,111,255,255,3,239,254,254,239
49,111,255,255,4,123,255,255,255
49,111,255,255,5,255,254,255,255
49,111,255,255,6,250,187,223,255
50,000,85,85,0,85,95,255,255
50,000,85,85,1,245,95,255,255
50,000,85,85,2,255,255,255,255
50,000,85,85,3,255,251,255,127
50,000,85,85,4,239,246,254,255
50,000,85,85,5,223,250,175,119
50,000,85,85,6,254,253,213,106
50,100,239,235,0,238,235,191,122
50,100,239,235,1,239,107,213,110
50,100,239,235,2,246,175,187,221
50,100,239,235,3,246,239,123,255
50,100,239,235,4,246,254,239,125
50,100,239,235,5,255,255,234,255
50,100,239,235,6,255,119,255,250
50,010,187,223,0,239,255,85,91
50,010,187,223,1,189,85,187,213
50,010,187,223,2,86,239,255,255
50,010,187,223,3,250,175,255,255
50,010,187,223,4,255,255,255,255
50,010,187,223,5,255,254,246,175
50,010,187,223,6,187,221,246,239
50,110,123,255,0,247,191,187,239
50,110,123,255,1,255,255,181,255
50,110,123,255,2,251,191,255,245
50,110,123,255,3,110,255,223,255
50,110,123,255,4,85,91,189,85
50,110,123,255,5,187,213,86,239
50,110,123,255,6,255,255,250,175
50,001,255,255,0,255,255,255,255
50,001,255,255,1,255,254,247,191
50,001,255,255,2,187,223,190,239
50,001,255,255,3,190,255,251,239
50,001,255,255,4,187,239,255,255
50,001,255,255,5,239,255,255,255
50,001,255,255,6,255,245,110,255
50,101,191,255,0,85,91,189,85
50,101,191,255,1,187,213,86,239
50,101,191,255,2,255,255,250,175
50,101,191,255,3,255,255,255,255
50,101,191,255,4,255,255,255,254
50,101,191,255,5,247,191,187,223
50,101,191,255,6,190,239,190,255
50,011,251,239,0,187,239,255,255
50,011,251,239,1,239,255,255,255
50,011,251,239,2,255,245,110,255
50,011,251,239,3,191,255,85,91
50,011,251,239,4,189,85,187,213
50,011,251,239,5,86,239,255,255
50,011,251,239,6,250,175,255,255
50,111,255,255,0,255,255,255,254
50,111,255,255,1,247,191,187,223
50,111,255,255,2,190,239,190,255
50,111,255,255,3,251,239,187,239
50,111,255,255,4,255,255,239,255
50,111,255,255,5,255,255,255,245
50,111,255,255,6,110,255,191,255
51,000,170,170,0,175,255,255,250
51,000,170,170,1,175,255,255,255
51,000,170,170,2,255,255,255,255
51,000,170,170,3,255,239,253,255
51,000,170,170,4,191,223,251,255
51,000,170,170,5,125,93,127,191
51,000,170,170,6,246,234,213,191
51,100,119,123,0,119,111,237,183
51,100,119,123,1,214,234,219,189
51,100,119,123,2,95,110,250,251
51,100,119,123,3,189,239,239,254
51,100,119,123,4,254,239,125,255
51,100,119,123,5,255,234,255,253
51,100,119,123,6,223,255,245,110
51,010,251,191,0,253,170,174,246
51,010,251,191,1,170,239,106,171
51,010,251,191,2,191,255,255,245
51,010,251,191,3,95,255,255,255
51,010,251,191,4,255,255,255,255
51,010,251,191,5,251,189,95,110
51,010,251,191,6,253,246,239,123
51,110,255,247,0,191,187,221,255
51,110,255,247,1,255,234,255,254
51,110,255,247,2,255,255,245,110
51,110,255,247,3,255,223,255,85
51,110,255,247,4,91,189,85,187
51,110,255,247,5,213,86,239,255
51,110,255,247,6,255,250,175,255
51,001,255,255,0,255,255,255,255
51,001,255,255,1,254,247,191,187
51,001,255,255,2,223,190,239,190
51,001,255,255,3,255,251,239,187
51,001,255,255,4,239,255,255,239
51,001,255,255,5,255,255,255,255
51,001,255,255,6,245,110,255,191
51,101,255,85,0,91,189,85,187
51,101,255,85,1,213,86,239,255
51,101,255,85,2,255,250,175,255
51,101,255,85,3,255,255,255,255
51,101,255,85,4,255,255,254,247
51,101,255,85,5,191,187,223,190
51,101,255,85,6,239,190,255,251
51,011,239,187,0,239,255,255,239
51,011,239,187,1,255,255,255,255
51,011,239,187,2,245,110,255,191
51,011,239,187,3,255,85,91,189
51,011,239,187,4,85,187,213,86
51,011,239,187,5,239,255,255,250
51,011,239,187,6,175,255,255,255
51,111,255,255,0,255,255,254,247
51,111,255,255,1,191,187,223,190
51,111,255,255,2,239,190,255,251
51,111,255,255,3,239,187,239,255
51,111,255,255,4,255,239,255,255
51,111,255,255,5,255,255,245,110
51,111,255,255,6,255,191,255,85
52,000,170,175,0,255,255,250,175
52,000,170,175,1,255,255,255,255
52,000,170,175,2,255,255,255,255
52,000,170,175,3,239,253,255,191
52,000,170,175,4,223,251,255,125
52,000,170,175,5,94,223,191,246
52,000,170,175,6,234,213,191,119
52,100,123,123,0,187,118,237,183
52,100,123,123,1,214,237,255,127
52,100,123,123,2,125,247,245,191
52,100,123,123,3,190,251,94,223
52,100,123,123,4,223,219,255,255
52,100,123,123,5,181,247,255,247
52,100,123,123,6,254,250,170,171
52,010,127,245,0,85,85,85,85
52,010,127,245,1,85,85,85,95
52,010,127,245,2,255,255,245,95
52,010,127,245,3,255,255,255,255
52,010,127,245,4,255,255,255,247
52,010,127,245,5,223,191,239,239
52,010,127,245,6,189,191,190,251
52,110,94,255,0,125,251,255,255
52,110,94,255,1,239,255,254,255
52,110,94,255,2,254,250,170,175
52,110,94,255,3,255,245,85,85
52,110,94,255,4,85,85,85,85
52,110,94,255,5,85,95,255,255
52,110,94,255,6,245,95,255,255
52,001,255,255,0,255,255,255,247
52,001,255,255,1,223,191,223,127
52,001,255,255,2,191,127,190,255
52,001,255,255,3,251,239,223,239
52,001,255,255,4,255,127,255,247
52,001,255,255,5,255,255,223,250
52,001,255,255,6,170,175,255,245
52,101,85,85,0,85,85,85,85
52,101,85,85,1,85,95,255,255
52,101,85,85,2,245,95,255,255
52,101,85,85,3,255,255,255,255
52,101,85,85,4,255,247,223,191
52,101,85,85,5,223,127,191,127
52,101,85,85,6,190,255,251,239
52,011,223,239,0,255,127,255,247
52,011,223,239,1,255,255,223,250
52,011,223,239,2,170,175,255,245
52,011,223,239,3,85,85,85,85
52,011,223,239,4,85,85,85,95
52,011,223,239,5,255,255,245,95
52,011,223,239,6,255,255,255,255
52,111,255,255,0,255,247,223,191
52,111,255,255,1,223,127,191,127
52,111,255,255,2,190,255,251,239
52,111,255,255,3,223,239,255,127
52,111,255,255,4,255,247,255,255
52,111,255,255,5,223,250,170,175
52,111,255,255,6,255,245,85,85
53,000,95,255,0,255,245,95,255
53,000,95,255,1,255,255,255,255
53,000,95,255,2,255,255,251,255
53,000,95,255,3,127,239,247,254
53,000,95,255,4,255,223,250,175
53,000,95,255,5,247,254,253,213
53,000,95,255,6,239,235,238,239
53,100,214,234,0,255,119,123,117
53,100,214,234,1,111,191,126,222
53,100,214,234,2,223,221,251,213
53,100,214,234,3,235,189,94,223
53,100,214,234,4,251,254,239,109
53,100,214,234,5,219,246,222,183
53,100,214,234,6,246,222,223,255
53,010,219,125,0,254,239,191,109
53,010,219,125,1,247,175,127,247
53,010,219,125,2,250,181,215,222
53,010,219,125,3,221,239,213,219
53,010,219,125,4,91,127,221,239
53,010,219,125,5,189,222,223,173
53,010,219,125,6,245,189,237,235
53,110,110,186,0,235,182,239,221
53,110,110,186,1,246,250,223,91
53,110,110,186,2,91,222,218,182
53,110,110,186,3,173,189,251,190
53,110,110,186,4,247,222,247,221
53,110,110,186,5,191,253,246,186
53,110,110,186,6,253,173,251,123
53,001,181,110,0,175,214,215,190
53,001,181,110,1,246,247,123,237
53,001,181,110,2,251,110,245,239
53,001,181,110,3,247,254,235,238
53,001,181,110,4,247,239,247,125
53,001,181,110,5,127,94,190,247
53,001,181,110,6,221,187,181,219
53,101,245,85,0,223,85,109,239
53,101,245,85,1,191,94,255,191
53,101,245,85,2,127,183,91,255
53,101,245,85,3,251,111,247,245
53,101,245,85,4,235,253,247,190
53,101,245,85,5,251,237,247,189
53,101,245,85,6,255,189,239,223
53,011,215,126,0,238,238,214,235
53,011,215,126,1,109,109,245,238
53,011,215,126,2,187,94,181,255
53,011,215,126,3,255,254,245,85
53,011,215,126,4,118,237,93,213
53,011,215,126,5,237,186,175,111
53,011,215,126,6,187,237,255,254
53,111,247,235,0,127,253,187,183
53,111,247,235,1,125,251,191,255
53,111,247,235,2,247,223,255,255
53,111,247,235,3,239,255,223,190
53,111,247,235,4,253,247,123,221
53,111,247,235,5,253,255,223,255
53,111,247,235,6,245,85,85,86
54,000,255,255,0,250,175,255,255
54,000,255,255,1,255,255,255,255
54,000,255,255,2,255,253,239,221
54,000,255,255,3,255,189,223,251
54,000,255,255,4,253,122,175,215
54,000,255,255,5,254,251,191,126
54,000,255,255,6,245,186,238,253
54,100,234,235,0,238,253,234,219
54,100,234,235,1,191,93,187,219
54,100,234,235,2,110,239,182,239
54,100,234,235,3,250,222,239,126
54,100,234,235,4,255,253,86,255
54,100,234,235,5,245,239,255,245
54,100,234,235,6,110,246,239,253
54,010,170,174,0,246,170,239,106
54,010,170,174,1,171,191,255,255
54,010,170,174,2,245,95,255,255
54,010,170,174,3,255,255,255,255
54,010,170,174,4,255,251,189,182
54,010,170,174,5,238,247,238,239
54,010,170,174,6,214,239,254,254
54,110,239,117,0,191,255,255,255
54,110,239,117,1,213,223,255,85
54,110,239,117,2,110,250,187,255
54,110,239,117,3,85,91,189,85
54,110,239,117,4,187,213,86,239
54,110,239,117,5,255,255,250,175
54,110,239,117,6,255,255,255,255
54,001,255,255,0,255,254,246,181
54,001,255,255,1,238,251,251,189
54,001,255,255,2,239,127,247,238
54,001,255,255,3,239,107,127,255
54,001,255,255,4,223,255,251,127
54,001,255,255,5,255,90,187,223
54,001,255,255,6,107,255,85,91
54,101,189,85,0,187,213,86,239
54,101,189,85,1,255,255,250,175
54,101,189,85,2,255,255,255,255
54,101,189,85,3,255,255,255,254
54,101,189,85,4,247,247,187,223
54,101,189,85,5,187,189,189,239
54,101,189,85,6,251,247,187,223
54,011,127,253,0,122,255,237,111
54,011,127,253,1,255,250,187,219
54,011,127,253,2,91,255,85,91
54,011,127,253,3,189,85,187,213
54,011,127,253,4,86,239,255,255
54,011,127,253,5,250,175,255,255
54,011,127,253,6,255,255,255,255
54,111,255,254,0,247,183,187,223
54,111,255,254,1,222,239,246,255
54,111,255,254,2,247,239,187,213
54,111,255,254,3,255,253,173,255
54,111,255,254,4,237,111,255,181
54,111,255,254,5,110,250,191,253
54,111,255,254,6,170,174,246,170
55,000,255,250,0,175,255,255,255
55,000,255,250,1,255,255,255,255
55,000,255,250,2,255,239,239,239
55,000,255,250,3,247,254,255,239
55,000,255,250,4,125,93,255,191
55,000,255,250,5,247,111,239,234
55,000,255,250,6,213,186,238,246
55,100,247,214,0,234,213,110,247
55,100,247,214,1,253,187,223,190
55,100,247,214,2,239,87,239,254
55,100,247,214,3,254,239,123,255
55,100,247,214,4,255,109,255,255
55,100,247,214,5,255,255,247,187
55,100,247,214,6,223,255,253,221
55,010,238,247,0,123,187,221,238
55,010,238,247,1,239,255,255,253
55,010,238,247,2,223,255,255,255
55,010,238,247,3,255,255,255,255
55,010,238,247,4,254,247,119,187
55,010,238,247,5,221,238,239,119
55,010,238,247,6,191,247,123,187
55,110,223,255,0,255,255,255,255
55,110,223,255,1,255,255,254,238
55,110,223,255,2,255,255,253,221
55,110,223,255,3,238,247,123,187
55,110,223,255,4,221,238,239,255
55,110,223,255,5,255,253,223,255
55,110,223,255,6,255,255,255,255
55,001,255,255,0,254,247,119,187
55,001,255,255,1,221,238,239,119
55,001,255,255,2,191,247,123,187
55,001,255,255,3,223,255,255,255
55,001,255,255,4,255,255,255,255
55,001,255,255,5,254,238,255,255
55,001,255,255,6,253,221,238,247
55,101,123,187,0,221,238,239,255
55,101,123,187,1,255,253,223,255
55,101,123,187,2,255,255,255,255
55,101,123,187,3,255,255,254,247
55,101,123,187,4,119,187,221,238
55,101,123,187,5,239,119,191,247
55,101,123,187,6,123,187,223,255
55,011,255,255,0,255,255,255,255
55,011,255,255,1,254,238,255,255
55,011,255,255,2,253,221,238,247
55,011,255,255,3,123,187,221,238
55,011,255,255,4,239,255,255,253
55,011,255,255,5,223,255,255,255
55,011,255,255,6,255,255,255,255
55,111,254,247,0,119,187,221,238
55,111,254,247,1,239,119,191,247
55,111,254,247,2,123,187,223,255
55,111,254,247,3,255,255,255,255
55,111,254,247,4,255,255,254,238
55,111,254,247,5,255,255,253,221
55,111,254,247,6,238,247,123,187
56,000,250,175,0,255,255,255,255
56,000,250,175,1,255,255,255,255
56,000,250,175,2,239,253,255,191
56,000,250,175,3,254,255,223,245
56,000,250,175,4,95,251,254,253
56,000,250,175,5,106,237,125,238
56,000,250,175,6,247,214,234,213
56,100,106,213,0,106,219,189,215
56,100,106,213,1,187,223,123,189
56,100,106,213,2,253,239,253,190
56,100,106,213,3,239,117,255,254
56,100,106,213,4,219,255,254,255
56,100,106,213,5,255,223,187,223
56,100,106,213,6,239,255,119,110
56,010,247,171,0,187,213,251,191
56,010,247,171,1,215,127,253,191
56,010,247,171,2,255,91,127,254
56,010,247,171,3,215,255,254,254
56,010,247,171,4,247,125,238,246
56,010,247,171,5,251,189,250,255
56,010,247,171,6,251,222,239,119
56,110,127,255,0,245,255,255,255
56,110,127,255,1,255,110,238,246
56,110,127,255,2,223,253,253,238
56,110,127,255,3,247,126,239,117
56,110,127,255,4,187,190,190,255
56,110,127,255,5,250,255,255,174
56,110,127,255,6,255,251,111,255
56,001,214,251,0,190,239,187,218
56,001,214,251,1,251,189,251,239
56,001,214,251,2,255,190,239,127
56,001,214,251,3,127,254,239,255
56,001,214,251,4,238,191,255,254
56,001,214,251,5,238,255,247,255
56,001,214,251,6,182,238,247,183
56,101,187,223,0,238,239,110,255
56,101,187,223,1,254,191,255,221
56,101,187,223,2,255,253,223,255
56,101,187,223,3,221,190,247,191
56,101,187,223,4,187,219,238,239
56,101,187,223,5,190,255,251,239
56,101,187,223,6,187,251,255,255
56,011,255,255,0,238,255,255,251
56,011,255,255,1,238,255,191,255
56,011,255,255,2,190,251,190,254
56,011,255,255,3,239,123,238,239
56,011,255,255,4,255,255,251,239
56,011,255,255,5,255,255,255,255
56,011,255,255,6,191,255,255,222
56,111,247,191,0,187,223,190,239
56,111,247,191,1,190,255,251,239
56,111,247,191,2,187,239,255,255
56,111,247,191,3,239,255,255,255
56,111,247,191,4,255,251,238,255
56,111,247,191,5,191,255,190,251
56,111,247,191,6,190,254,239,123
57,000,175,255,0,255,255,255,255
57,000,175,255,1,255,255,255,239
57,000,175,255,2,239,239,247,254
57,000,175,255,3,255,239,122,175
57,000,175,255,4,247,254,251,106
57,000,175,255,5,238,239,238,238
57,000,175,255,6,234,247,214,234
57,100,213,106,0,219,254,239,123
57,100,213,106,1,251,221,222,247
57,100,213,106,2,246,253,255,119
57,100,213,106,3,183,126,191,245
57,100,213,106,4,181,127,95,213
57,100,213,106,5,183,85,127,95
57,100,213,106,6,254,170,245,95
57,010,239,245,0,239,119,215,255
57,010,239,245,1,119,218,175,251
57,010,239,245,2,183,246,254,251
57,010,239,245,3,255,191,255,239
57,010,239,245,4,235,191,254,189
57,010,239,245,5,238,255,122,247
57,010,239,245,6,255,123,181,246
57,110,191,189,0,222,251,223,123
57,110,191,189,1,187,182,251,95
57,110,191,189,2,215,109,237,189
57,110,191,189,3,190,221,219,187
57,110,191,189,4,127,183,85,189
57,110,191,189,5,111,110,171,117
57,110,191,189,6,106,183,246,251
57,001,122,222,0,223,118,251,187
57,001,122,222,1,119,214,255,222
57,001,122,222,2,222,221,215,239
57,001,122,222,3,247,237,187,190
57,001,122,222,4,223,174,247,223
57,001,122,222,5,127,127,239,190
57,001,122,222,6,255,189,190,219
57,101,219,123,0,111,251,109,191
57,101,219,123,1,215,246,219,123
57,101,219,123,2,109,183,253,191
57,101,219,123,3,183,223,95,95
57,101,219,123,4,123,123,111,125
57,101,219,123,5,237,119,222,219
57,101,219,123,6,218,238,175,245
57,011,186,251,0,183,235,127,93
57,011,186,251,1,247,87,254,187
57,011,186,251,2,238,191,175,215
57,011,186,251,3,221,247,95,251
57,011,186,251,4,95,187,183,246
57,011,186,251,5,191,119,235,247
57,011,186,251,6,253,191,183,125
57,111,223,122,0,253,247,95,187
57,111,223,122,1,253,191,95,215
57,111,223,122,2,221,251,191,187
57,111,223,122,3,125,189,223,118
57,111,223,122,4,245,170,175,183
57,111,223,122,5,235,85,85,85
57,111,223,122,6,213,213,122,175
58,000,255,255,0,255,255,255,255
58,000,255,255,1,255,251,255,127
58,000,255,255,2,239,247,254,255
58,000,255,255,3,223,245,93,255
58,000,255,255,4,191,245,187,125
58,000,255,255,5,190,251,117,235
58,000,255,255,6,237,215,214,234
58,100,213,111,0,127,117,223,187
58,100,213,111,1,238,235,191,123
58,100,213,111,2,191,191,223,125
58,100,213,111,3,253,126,174,222
58,100,213,111,4,253,222,183,106
58,100,213,111,5,221,254,190,245
58,100,213,111,6,187,238,191,191
58,010,223,123,0,239,127,171,95
58,010,223,123,1,187,183,171,111
58,010,223,123,2,237,246,255,215
58,010,223,123,3,189,126,191,186
58,010,223,123,4,250,255,125,235
58,010,223,123,5,187,253,191,95
58,010,223,123,6,223,123,127,111
58,110,255,125,0,255,191,253,218
58,110,255,125,1,245,253,223,245
58,110,255,125,2,235,250,191,175
58,110,255,125,3,215,122,239,95
58,110,255,125,4,219,93,253,95
58,110,255,125,5,182,187,238,187
58,110,255,125,6,191,239,190,255
58,001,253,213,0,255,125,123,171
58,001,253,213,1,254,253,127,254
58,001,253,213,2,235,221,247,95
58,001,253,213,3,219,119,250,255
58,001,253,213,4,91,191,85,91
58,001,253,213,5,175,239,85,85
58,001,253,213,6,85,213,237,246
58,101,239,95,0,251,91,245,87
58,101,239,95,1,246,183,235,187
58,101,239,95,2,127,223,251,254
58,101,239,95,3,223,175,221,246
58,101,239,95,4,239,95,187,247
58,101,239,95,5,123,191,183,126
58,101,239,95,6,237,223,187,95
58,011,251,247,0,187,111,126,246
58,011,251,247,1,239,222,253,247
58,011,251,247,2,223,95,173,219
58,011,251,247,3,110,191,245,214
58,011,251,247,4,251,239,235,173
58,011,251,247,5,245,186,223,251
58,011,251,247,6,255,127,189,183
58,111,190,245,0,187,111,125,237
58,111,190,245,1,119,222,219,117
58,111,190,245,2,119,95,187,95
58,111,190,245,3,191,127,118,191
58,111,190,245,4,107,123,175,222
58,111,190,245,5,214,255,254,223
58,111,190,245,6,223,123,237,191
59,000,255,255,0,255,255,255,255
59,000,255,255,1,255,239,253,255
59,000,255,255,2,191,223,251,255
59,000,255,255,3,122,175,247,254
59,000,255,255,4,251,111,117,238
59,000,255,255,5,253,190,245,235
59,000,255,255,6,237,215,214,234
59,100,219,190,0,251,238,251,251
59,100,219,190,1,189,239,239,254
59,100,219,190,2,254,239,123,255
59,100,219,190,3,255,255,255,254
59,100,219,190,4,255,255,255,187
59,100,219,190,5,223,255,253,253
59,100,219,190,6,251,191,127,187
59,010,247,251,0,190,187,255,255
59,010,247,251,1,223,255,215,255
59,010,247,251,2,250,239,255,245
59,010,247,251,3,251,190,251,238
59,010,247,251,4,246,254,239,190
59,010,247,251,5,255,247,126,239
59,010,247,251,6,123,255,255,255
59,110,255,253,0,255,255,251,238
59,110,255,253,1,255,127,253,239
59,110,255,253,2,238,247,191,187
59,110,255,253,3,214,251,191,239
59,110,255,253,4,255,250,223,255
59,110,255,253,5,255,255,246,239
59,110,255,253,6,255,247,123,190
59,001,251,238,0,247,126,239,190
59,001,251,238,1,255,253,223,187
59,001,251,238,2,251,255,255,255
59,001,251,238,3,255,255,127,255
59,001,251,238,4,247,187,223,239
59,001,251,238,5,255,189,238,247
59,001,251,238,6,127,187,251,190
59,101,239,255,0,255,254,239,255
59,101,239,255,1,255,255,250,247
59,101,239,255,2,255,235,219,189
59,101,239,255,3,95,187,221,190
59,101,239,255,4,239,87,239,253
59,101,239,255,5,190,239,123,255
59,101,239,255,6,255,255,255,221
59,011,127,255,0,247,187,221,175
59,011,127,255,1,255,223,123,191
59,011,127,255,2,126,239,119,222
59,011,127,255,3,238,215,255,247
59,011,127,255,4,223,255,181,255
59,011,127,255,5,253,251,255,255
59,011,127,255,6,187,190,247,187
59,111,219,222,0,239,189,239,250
59,111,219,222,1,247,187,219,255
59,111,219,222,2,255,255,255,235
59,111,219,222,3,127,255,251,187
59,111,219,222,4,221,183,255,238
59,111,219,222,5,238,247,222,239
59,111,219,222,6,123,110,239,255
60,000,255,255,0,255,255,255,255
60,000,255,255,1,239,253,255,191
60,000,255,255,2,223,251,255,122
60,000,255,255,3,175,247,254,251
60,000,255,255,4,109,234,218,189
60,000,255,255,5,125,123,119,235
60,000,255,255,6,239,107,213,110
60,100,247,191,0,187,223,190,239
60,100,247,191,1,190,255,251,239
60,100,247,191,2,187,239,255,255
60,100,247,191,3,239,255,255,255
60,100,247,191,4,255,247,110,255
60,100,247,191,5,191,255,87,238
60,100,247,191,6,247,111,187,238
60,010,187,191,0,187,255,253,95
60,010,187,191,1,255,251,255,255
60,010,187,191,2,255,255,213,110
60,010,187,191,3,247,215,110,253
60,010,187,191,4,118,239,87,239
60,010,187,191,5,254,175,187,239
60,010,187,191,6,255,253,86,255
60,110,234,191,0,255,245,110,255
60,110,234,191,1,191,255,213,238
60,110,234,191,2,246,174,239,125
60,110,234,191,3,118,239,253,255
60,110,234,191,4,247,223,255,255
60,110,234,191,5,255,246,255,255
60,110,234,191,6,213,110,247,215
60,001,110,253,0,118,239,213,239
60,001,110,253,1,255,183,187,239
60,001,110,253,2,255,253,86,255
60,001,110,253,3,234,191,255,245
60,001,110,253,4,110,246,255,253
60,001,110,253,5,173,238,246,174
60,001,110,253,6,239,125,118,239
60,101,253,255,0,254,239,255,183
60,101,253,255,1,255,255,223,255
60,101,253,255,2,234,187,190,235
60,101,253,255,3,187,222,187,189
60,101,253,255,4,173,239,255,119
60,101,253,255,5,187,235,255,254
60,101,253,255,6,171,255,213,111
60,011,255,181,0,110,255,223,255
60,011,255,181,1,110,238,246,174
60,011,255,181,2,239,125,118,239
60,011,255,181,3,253,255,251,95
60,011,255,181,4,255,219,127,251
60,011,255,181,5,127,255,213,110
60,011,255,181,6,247,215,110,253
60,111,118,239,0,91,127,251,94
60,111,118,239,1,239,119,255,253
60,111,118,239,2,86,255,234,191
60,111,118,239,3,255,90,187,219
60,111,118,239,4,127,253,190,238
60,111,118,239,5,246,174,239,125
60,111,118,239,6,118,239,253,255
61,000,255,255,0,255,255,251,255
61,000,255,255,1,127,239,247,254
61,000,255,255,2,255,223,245,93
61,000,255,255,3,255,191,245,187
61,000,255,255,4,117,186,238,253
61,000,255,255,5,238,239,234,247
61,000,255,255,6,214,234,219,189
61,100,219,187,0,219,123,189,247
61,100,219,187,1,127,251,239,187
61,100,219,187,2,219,127,254,221
61,100,219,187,3,255,221,191,255
61,100,219,187,4,223,187,223,255
61,100,219,187,5,253,245,251,190
61,100,219,187,6,238,239,109,123
61,010,189,109,0,255,246,183,255
61,010,189,109,1,173,191,255,95
61,010,189,109,2,255,250,251,190
61,010,189,109,3,187,238,255,238
61,010,189,109,4,239,174,255,247
61,010,189,109,5,251,187,219,255
61,010,189,109,6,253,239,255,219
61,110,191,255,0,119,187,221,187
61,110,191,255,1,255,186,251,190
61,110,191,255,2,238,239,119,123
61,110,191,255,3,191,181,255,250
61,110,191,255,4,247,255,250,191
61,110,191,255,5,255,221,255,255
61,110,191,255,6,123,189,223,187
61,001,222,238,0,239,119,239,251
61,001,222,238,1,187,187,219,255
61,001,222,238,2,255,111,255,247
61,001,222,238,3,191,255,215,187
61,001,222,238,4,222,251,255,191
61,001,222,238,5,123,190,254,239
61,001,222,238,6,110,187,191,247
61,101,255,247,0,87,255,255,223
61,101,255,247,1,255,173,255,254
61,101,255,247,2,187,190,237,238
61,101,255,247,3,246,238,239,187
61,101,255,247,4,127,245,187,187
61,101,255,247,5,223,127,255,255
61,101,255,247,6,255,215,175,255
61,011,251,187,0,219,119,253,253
61,011,251,187,1,123,191,123,187
61,011,251,187,2,251,110,239,251
61,011,251,187,3,255,254,223,255
61,011,251,187,4,253,223,255,251
61,011,251,187,5,255,255,123,189
61,011,251,187,6,107,187,223,219
61,111,189,173,0,127,247,246,239
61,111,189,173,1,117,255,253,215
61,111,189,173,2,255,247,191,255
61,111,189,173,3,119,187,222,251
61,111,189,173,4,255,125,238,247
61,111,189,173,5,123,187,239,91
61,111,189,173,6,191,221,255,251
62,000,255,255,0,255,251,255,125
62,000,255,255,1,255,189,223,251
62,000,255,255,2,253,245,94,191
62,000,255,255,3,191,246,187,123
62,000,255,255,4,117,238,191,123
62,000,255,255,5,237,125,239,107
62,000,255,255,6,213,107,111,253
62,100,219,221,0,187,247,173,237
62,100,219,221,1,247,119,238,253
62,100,219,221,2,235,127,109,219
62,100,219,221,3,255,173,219,246
62,100,219,221,4,251,255,175,109
62,100,219,221,5,239,190,255,190
62,100,219,221,6,251,239,111,119
62,010,239,125,0,94,247,219,247
62,010,239,125,1,126,175,175,237
62,010,239,125,2,253,95,254,246
62,010,239,125,3,251,255,111,123
62,010,239,125,4,189,237,94,251
62,010,239,125,5,223,119,126,175
62,010,239,125,6,222,247,190,247
62,110,222,251,0,191,255,119,237
62,110,222,251,1,238,239,254,247
62,110,222,251,2,221,239,111,119
62,110,222,251,3,247,125,94,239
62,110,222,251,4,215,251,223,94
62,110,222,251,5,254,182,251,254
62,110,222,251,6,255,187,191,251
62,001,189,237,0,238,237,94,238
62,001,189,237,1,250,251,223,87
62,001,189,237,2,247,123,254,223
62,001,189,237,3,246,254,251,255
62,001,189,237,4,223,253,239,126
62,001,189,237,5,255,191,123,223
62,001,189,237,6,123,239,219,250
62,101,182,247,0,181,174,191,85
62,101,182,247,1,247,91,127,127
62,101,182,247,2,253,247,191,251
62,101,182,247,3,239,125,239,122
62,101,182,247,4,189,223,187,222
62,101,182,247,5,191,87,239,125
62,101,182,247,6,126,247,222,171
62,011,191,245,0,182,183,117,126
62,011,191,245,1,255,110,234,246
62,011,191,245,2,189,175,182,250
62,011,191,245,3,183,87,246,250
62,011,191,245,4,223,94,183,222
62,011,191,245,5,250,239,254,214
62,011,191,245,6,251,253,110,215
62,111,117,122,0,183,87,213,237
62,111,117,122,1,126,175,182,245
62,111,117,122,2,190,183,214,251
62,111,117,122,3,191,254,215,221
62,111,117,122,4,238,239,253,223
62,111,117,122,5,174,251,187,191
62,111,117,122,6,251,125,94,239
63,000,255,255,0,255,239,219,238
63,000,255,255,1,255,190,255,255
63,000,255,255,2,186,175,215,222
63,000,255,255,3,255,183,238,234
63,000,255,255,4,213,187,122,239
63,000,255,255,5,117,106,213,106
63,000,255,255,6,215,223,170,247
63,100,254,190,0,235,219,191,247
63,100,254,190,1,255,239,238,255
63,100,254,190,2,253,213,254,245
63,100,254,190,3,186,187,246,255
63,100,254,190,4,253,247,218,183
63,100,254,190,5,191,255,117,85
63,100,254,190,6,85,85,93,125
63,010,247,250,0,175,175,187,253
63,010,247,250,1,254,183,221,221
63,010,247,250,2,127,254,221,255
63,010,247,250,3,247,110,237,183
63,010,247,250,4,191,245,222,187
63,010,247,250,5,239,191,253,125
63,010,247,250,6,247,215,218,251
63,110,182,223,0,251,191,119,125
63,110,182,223,1,119,254,247,250
63,110,182,223,2,251,189,239,237
63,110,182,223,3,189,222,239,111
63,110,182,223,4,251,219,223,171
63,110,182,223,5,118,254,189,255
63,110,182,223,6,187,183,255,111
63,001,119,125,0,125,222,238,250
63,001,119,125,1,251,219,223,237
63,001,119,125,2,183,191,119,238
63,001,119,125,3,254,251,255,223
63,001,119,125,4,253,239,126,255
63,001,119,125,5,190,251,223,123
63,001,119,125,6,239,219,182,246
63,101,247,251,0,91,109,189,247
63,101,247,251,1,87,125,254,255
63,101,247,251,2,190,251,255,123
63,101,247,251,3,239,221,246,253
63,101,247,251,4,223,187,222,187
63,101,247,251,5,119,239,109,126
63,101,247,251,6,247,222,171,223
63,011,245,182,0,183,234,247,254
63,011,245,182,1,215,234,246,189
63,011,245,182,2,175,175,119,223
63,011,245,182,3,87,222,247,221
63,011,245,182,4,245,182,187,125
63,011,245,182,5,125,255,107,223
63,011,245,182,6,246,189,173,245
63,111,126,254,0,175,213,235,251
63,111,126,254,1,191,175,119,250
63,111,126,254,2,247,187,239,183
63,111,126,254,3,255,125,239,123
63,111,126,254,4,237,255,239,94
63,111,126,254,5,254,255,183,237
63,111,126,254,6,174,223,191,117
64,000,255,255,0,239,219,239,251
64,000,255,255,1,223,239,247,186
64,000,255,255,2,175,247,222,255
64,000,255,255,3,111,237,238,234
64,000,255,255,4,213,187,122,239
64,000,255,255,5,125,234,213,109
64,000,255,255,6,95,253,173,189
64,100,125,175,0,173,251,253,254
64,100,125,175,1,255,221,255,127
64,100,125,175,2,109,214,251,237
64,100,125,175,3,221,255,251,255
64,100,125,175,4,95,187,127,239
64,100,125,175,5,253,247,221,239
64,100,125,175,6,111,119,234,253
64,010,94,239,0,222,250,191,85
64,010,94,239,1,235,187,255,223
64,010,94,239,2,253,255,191,251
64,010,94,239,3,221,237,247,250
64,010,94,239,4,183,215,221,234
64,010,94,239,5,191,87,234,251
64,010,94,239,6,190,239,182,255
64,110,251,255,0,221,253,247,254
64,110,251,255,1,255,223,123,239
64,110,251,255,2,111,119,234,253
64,110,251,255,3,94,247,254,250
64,110,251,255,4,191,85,183,109
64,110,251,255,5,253,190,255,223
64,110,251,255,6,251,255,111,119
64,001,127,237,0,94,247,222,245
64,001,127,237,1,126,175,213,247
64,001,127,237,2,190,239,182,255
64,001,127,237,3,251,255,189,253
64,001,127,237,4,247,254,255,223
64,001,127,237,5,107,237,125,175
64,001,127,237,6,213,250,190,175
64,101,126,250,0,191,94,191,126
64,101,126,250,1,250,254,255,223
64,101,126,250,2,251,253,125,175
64,101,126,250,3,127,237,95,95
64,101,126,250,4,213,245,126,175
64,101,126,250,5,213,247,190,239
64,101,126,250,6,110,255,251,255
64,011,189,253,0,247,254,255,223
64,011,189,253,1,123,239,123,239
64,011,189,253,2,213,250,190,239
64,011,189,253,3,247,245,126,170
64,011,189,253,4,246,239,126,254
64,011,189,253,5,255,223,251,255
64,011,189,253,6,125,239,127,237
64,111,94,239,0,221,245,126,175
64,111,94,239,1,213,247,253,239
64,111,94,239,2,189,255,191,255
64,111,94,239,3,125,253,247,254
64,111,94,239,4,255,223,221,245
64,111,94,239,5,251,119,234,253
64,111,94,239,6,93,119,239,245
65,000,255,223,0,187,238,255,190
65,000,255,223,1,255,255,186,175
65,000,255,223,2,215,222,253,187
65,000,255,223,3,119,234,213,187
65,000,255,223,4,122,239,125,234
65,000,255,223,5,213,106,219,190
65,000,255,223,6,215,187,223,190
65,100,239,190,0,255,251,239,187
65,100,239,190,1,239,255,255,223
65,100,239,190,2,255,254,255,255
65,100,239,190,3,253,187,223,255
65,100,239,190,4,253,239,238,247
65,100,239,190,5,190,239,123,187
65,100,239,190,6,191,238,255,251
65,010,239,255,0,251,255,255,255
65,010,239,255,1,255,254,222,247
65,010,239,255,2,237,187,219,187
65,010,239,255,3,189,239,239,254
65,010,239,255,4,254,239,123,255
65,010,239,255,5,254,182,255,245
65,010,239,255,6,239,255,255,187
65,110,223,255,0,253,239,238,247
65,110,223,255,1,254,239,119,251
65,110,223,255,2,191,215,127,254
65,110,223,255,3,255,255,251,255
65,110,223,255,4,255,255,255,253
65,110,223,255,5,91,191,191,187
65,110,223,255,6,223,222,239,190
65,001,255,251,0,239,187,223,255
65,001,255,251,1,255,187,255,213
65,001,255,251,2,191,255,253,238
65,001,255,251,3,255,191,255,190
65,001,255,251,4,251,189,127,187
65,001,255,251,5,239,126,239,234
65,001,255,251,6,255,254,255,255
65,101,251,255,0,255,255,255,214
65,101,251,255,1,187,189,125,238
65,101,251,255,2,247,126,239,190
65,101,251,255,3,255,251,239,187
65,101,251,255,4,251,255,255,255
65,101,251,255,5,255,221,255,255
65,101,251,255,6,247,187,223,255
65,011,253,239,0,238,247,222,239
65,011,253,239,1,127,110,239,253
65,011,253,239,2,255,251,239,255
65,011,253,239,3,251,255,255,255
65,011,253,239,4,255,255,126,247
65,011,253,239,5,215,187,223,110
65,011,253,239,6,239,190,255,251
65,111,239,187,0,251,255,255,255
65,111,239,187,1,127,247,239,255
65,111,239,187,2,255,187,223,255
65,111,239,187,3,253,239,238,246
65,111,239,187,4,255,187,253,222
65,111,239,187,5,238,239,255,251
65,111,239,187,6,239,255,255,255
66,000,255,127,0,239,247,254,255
66,000,255,127,1,223,245,95,251
66,000,255,127,2,254,255,111,235
66,000,255,127,3,238,235,123,118
66,000,255,127,4,246,239,107,213
66,000,255,127,5,106,219,190,215
66,000,255,127,6,187,221,254,239
66,100,190,255,0,251,239,187,251
66,100,190,255,1,255,255,251,255
66,100,190,255,2,250,255,255,254
66,100,190,255,3,238,255,191,255
66,100,190,255,4,219,238,247,187
66,100,190,255,5,187,246,238,239
66,100,190,255,6,254,255,253,191
66,010,255,247,0,223,255,251,255
66,010,255,247,1,253,238,247,239
66,010,255,247,2,187,221,219,189
66,010,255,247,3,239,127,247,123
66,010,255,247,4,187,222,255,253
66,010,255,247,5,187,255,214,239
66,010,255,247,6,255,251,187,219
66,110,123,255,0,174,251,189,183
66,110,123,255,1,187,246,238,239
66,110,123,255,2,251,127,251,183
66,110,123,255,3,255,254,255,255
66,110,123,255,4,119,255,253,238
66,110,123,255,5,247,109,238,250
66,110,123,255,6,238,239,246,255
66,001,251,110,0,239,107,255,253
66,001,251,110,1,222,255,247,191
66,001,251,110,2,255,175,187,219
66,001,251,110,3,119,255,111,238
66,001,251,110,4,247,183,187,246
66,001,251,110,5,251,191,223,127
66,001,251,110,6,254,247,255,255
66,101,223,255,0,247,255,253,251
66,101,223,255,1,189,189,238,250
66,101,223,255,2,251,189,251,255
66,101,223,255,3,247,119,187,246
66,101,223,255,4,255,255,245,255
66,101,223,255,5,251,239,255,239
66,101,223,255,6,187,222,247,255
66,011,127,238,0,247,111,187,219
66,011,127,238,1,187,191,223,127
66,011,127,238,2,253,183,255,250
66,011,127,238,3,191,255,239,255
66,011,127,238,4,253,222,247,239
66,011,127,238,5,187,221,187,189
66,011,127,238,6,255,255,251,190
66,111,239,118,0,255,255,93,255
66,111,239,118,1,237,223,255,223
66,111,239,118,2,187,219,191,253
66,111,239,118,3,247,251,189,190
66,111,239,118,4,239,123,222,239
66,111,239,118,5,255,127,255,127
66,111,239,118,6,255,245,127,255
67,000,245,255,0,191,223,251,253
67,000,245,255,1,122,175,247,254
67,000,245,255,2,255,107,238,235
67,000,245,255,3,123,125,237,223
67,000,245,255,4,110,235,239,107
67,000,245,255,5,215,222,253,223
67,000,245,255,6,127,221,247,219
67,100,253,253,0,191,125,235,255
67,100,253,253,1,127,109,255,237
67,100,253,253,2,191,223,187,182
67,100,253,253,3,219,191,253,237
67,100,253,253,4,253,191,95,223
67,100,253,253,5,245,238,183,253
67,100,253,253,6,251,238,255,190
67,010,222,238,0,253,223,187,253
67,010,222,238,1,251,254,182,213
67,010,222,238,2,85,237,85,109
67,010,222,238,3,255,222,255,223
67,010,222,238,4,245,235,126,182
67,010,222,238,5,255,107,111,187
67,010,222,238,6,182,213,93,223
67,110,181,117,0,245,86,223,127
67,110,181,117,1,221,122,174,250
67,110,181,117,2,251,222,253,183
67,110,181,117,3,87,246,253,223
67,110,181,117,4,187,239,214,191
67,110,181,117,5,107,218,221,125
67,110,181,117,6,175,181,251,187
67,001,255,127,0,235,186,223,175
67,001,255,127,1,127,125,191,94
67,001,255,127,2,221,239,189,223
67,001,255,127,3,183,94,247,127
67,001,255,127,4,127,223,247,190
67,001,255,127,5,247,247,126,239
67,001,255,127,6,191,215,93,183
67,101,93,222,0,247,127,123,126
67,101,93,222,1,238,213,87,186
67,101,93,222,2,170,251,235,219
67,101,93,222,3,127,255,253,250
67,101,93,222,4,190,218,251,234
67,101,93,222,5,238,183,93,170
67,101,93,222,6,171,222,218,214
67,011,245,86,0,190,170,181,186
67,011,245,86,1,175,234,255,118
67,011,245,86,2,223,253,181,239
67,011,245,86,3,118,175,119,235
67,011,245,86,4,109,189,182,235
67,011,245,86,5,181,187,109,237
67,011,245,86,6,251,187,127,111
67,111,223,118,0,247,251,127,127
67,111,223,118,1,223,190,221,189
67,111,223,118,2,183,123,187,123
67,111,223,118,3,239,125,239,119
67,111,223,118,4,247,222,247,245
67,111,223,118,5,253,107,183,238
67,111,223,118,6,173,181,181,219
68,000,247,255,0,239,187,253,186
68,000,247,255,1,175,223,247,127
68,000,247,255,2,182,235,119,239
68,000,247,255,3,106,213,106,213
68,000,247,255,4,106,213,106,219
68,000,247,255,5,191,219,187,222
68,000,247,255,6,238,239,190,255
68,100,251,239,0,187,251,255,255
68,100,251,239,1,107,255,246,191
68,100,251,239,2,255,250,187,223
68,100,251,239,3,255,253,170,174
68,100,251,239,4,246,170,239,106
68,100,251,239,5,171,191,255,255
68,100,251,239,6,245,95,255,255
68,010,255,255,0,255,255,255,251
68,010,255,255,1,190,251,238,253
68,010,255,255,2,187,189,239,239
68,010,255,255,3,254,254,239,127
68,010,255,255,4,255,255,239,255
68,010,255,255,5,246,191,255,250
68,010,255,255,6,187,223,255,253
68,110,170,174,0,246,170,239,106
68,110,170,174,1,171,191,255,255
68,110,170,174,2,245,95,255,255
68,110,170,174,3,255,255,255,255
68,110,170,174,4,255,251,190,251
68,110,170,174,5,238,253,187,189
68,110,170,174,6,239,239,254,254
68,001,239,127,0,255,255,239,255
68,001,239,127,1,246,191,255,250
68,001,239,127,2,187,223,255,253
68,001,239,127,3,170,174,246,170
68,001,239,127,4,239,106,171,191
68,001,239,127,5,255,255,245,95
68,001,239,127,6,255,255,255,255
68,101,255,255,0,255,251,190,251
68,101,255,255,1,238,253,187,189
68,101,255,255,2,239,239,254,254
68,101,255,255,3,239,127,255,255
68,101,255,255,4,239,255,246,191
68,101,255,255,5,255,250,187,223
68,101,255,255,6,255,253,170,174
68,011,246,170,0,239,106,171,191
68,011,246,170,1,255,255,245,95
68,011,246,170,2,255,255,255,255
68,011,246,170,3,255,255,255,251
68,011,246,170,4,190,251,238,253
68,011,246,170,5,187,189,239,239
68,011,246,170,6,254,254,239,127
68,111,255,255,0,239,255,246,191
68,111,255,255,1,255,250,187,223
68,111,255,255,2,255,253,170,174
68,111,255,255,3,246,170,239,106
68,111,255,255,4,171,191,255,255
68,111,255,255,5,245,95,255,255
68,111,255,255,6,255,255,255,255
69,000,247,254,0,255,255,189,95
69,000,247,254,1,251,254,254,237
69,000,247,254,2,118,253,183,127
69,000,247,254,3,117,238,239,107
69,000,247,254,4,213,106,219,189
69,000,247,254,5,223,238,251,251
69,000,247,254,6,189,239,239,254
69,100,254,239,0,123,255,254,239
69,100,254,239,1,255,254,255,255
69,100,254,239,2,253,187,223,255
69,100,254,239,3,253,247,251,189
69,100,254,239,4,190,239,125,254
69,100,254,239,5,239,246,255,247
69,100,254,239,6,255,255,245,127
69,010,255,87,0,255,253,91,189
69,010,255,87,1,218,238,253,254
69,010,255,87,2,239,127,239,255
69,010,255,87,3,127,187,218,191
69,010,255,87,4,254,237,255,254
69,010,255,87,5,175,255,254,238
69,010,255,87,6,255,87,253,221
69,110,238,247,0,123,187,221,238
69,110,238,247,1,239,255,255,253
69,110,238,247,2,223,255,255,255
69,110,238,247,3,255,255,255,255
69,110,238,247,4,254,247,119,187
69,110,238,247,5,221,238,239,119
69,110,238,247,6,191,247,123,187
69,001,223,255,0,255,255,255,255
69,001,223,255,1,255,255,255,238
69,001,223,255,2,255,255,253,247
69,001,223,255,3,251,189,254,239
69,001,223,255,4,122,222,239,234
69,001,223,255,5,255,255,127,255
69,001,223,255,6,250,191,255,171
69,101,255,253,0,238,247,223,238
69,101,255,253,1,251,187,189,247
69,101,255,253,2,255,247,254,239
69,101,255,253,3,106,191,255,234
69,101,255,253,4,255,253,191,255
69,101,255,253,5,255,238,255,87
69,101,255,253,6,253,247,251,189
69,011,254,239,0,123,174,239,234
69,011,254,239,1,255,255,127,255
69,011,254,239,2,250,191,255,171
69,011,254,239,3,255,254,174,247
69,011,254,239,4,223,238,247,174
69,011,254,239,5,239,127,239,255
69,011,254,239,6,127,187,234,191
69,111,255,234,0,255,255,127,255
69,111,255,234,1,247,187,223,171
69,111,255,234,2,255,119,187,189
69,111,255,234,3,222,239,119,123
69,111,255,234,4,191,255,255,247
69,111,255,234,5,127,255,255,255
69,111,255,234,6,255,255,255,255
70,000,254,255,0,223,245,93,255
70,000,254,255,1,191,246,186,238
70,000,254,255,2,253,238,186,234
70,000,254,255,3,218,239,107,213
70,000,254,255,4,106,215,223,191
70,000,254,255,5,223,127,191,127
70,000,254,255,6,190,255,251,239
70,100,223,239,0,255,127,255,247
70,100,223,239,1,255,255,223,255
70,100,223,239,2,171,255,191,255
70,100,223,239,3,87,234,253,95
70,100,223,239,4,93,235,189,127
70,100,223,239,5,239,255,245,127
70,100,223,239,6,223,255,255,127
70,010,255,247,0,255,245,222,187
70,010,255,247,1,215,123,189,119
70,010,255,247,2,174,253,250,239
70,010,255,247,3,93,239,255,127
70,010,255,247,4,255,247,255,255
70,010,255,247,5,223,255,171,255
70,010,255,247,6,191,255,87,234
70,110,253,95,0,93,235,189,127
70,110,253,95,1,239,255,245,127
70,110,253,95,2,223,255,255,127
70,110,253,95,3,255,247,255,245
70,110,253,95,4,222,187,215,123
70,110,253,95,5,189,119,174,253
70,110,253,95,6,250,239,93,239
70,001,255,127,0,255,247,255,255
70,001,255,127,1,223,255,171,255
70,001,255,127,2,191,255,87,234
70,001,255,127,3,253,95,93,235
70,001,255,127,4,189,127,239,255
70,001,255,127,5,245,127,223,255
70,001,255,127,6,255,127,255,247
70,101,255,247,0,94,187,215,123
70,101,255,247,1,189,119,174,253
70,101,255,247,2,251,175,93,239
70,101,255,247,3,245,191,239,255
70,101,255,247,4,254,255,255,245
70,101,255,247,5,214,189,183,251
70,101,255,247,6,173,117,174,183
70,011,90,235,0,93,111,119,238
70,011,90,235,1,250,221,127,175
70,011,90,235,2,245,250,255,95
70,011,90,235,3,235,253,255,191
70,011,90,235,4,247,251,255,127
70,011,90,235,5,239,253,254,255
70,011,90,235,6,223,251,239,125
70,111,239,183,0,222,251,223,118
70,111,239,183,1,238,221,239,189
70,111,239,183,2,221,187,183,126
70,111,239,183,3,251,119,219,239
70,111,239,183,4,171,223,122,239
70,111,239,183,5,87,190,247,219
70,111,239,183,6,239,170,250,183
71,000,255,223,0,245,93,255,191
71,000,255,223,1,246,181,109,111
71,000,255,223,2,191,110,235,183
71,000,255,223,3,214,234,213,106
71,000,255,223,4,215,223,191,223
71,000,255,223,5,127,191,127,190
71,000,255,223,6,255,251,239,223
71,100,239,255,0,127,255,247,255
71,100,239,255,1,255,223,255,171
71,100,239,255,2,255,191,255,87
71,100,239,255,3,234,253,95,93
71,100,239,255,4,235,189,127,239
71,100,239,255,5,255,245,127,223
71,100,239,255,6,255,255,127,255
71,010,247,255,0,245,222,187,215
71,010,247,255,1,123,189,119,174
71,010,247,255,2,253,250,239,93
71,010,247,255,3,239,255,127,255
71,010,247,255,4,247,255,255,223
71,010,247,255,5,255,171,255,191
71,010,247,255,6,255,87,234,253
71,110,95,93,0,235,189,127,239
71,110,95,93,1,255,245,127,223
71,110,95,93,2,255,255,127,255
71,110,95,93,3,247,255,245,222
71,110,95,93,4,187,215,123,189
71,110,95,93,5,119,174,253,250
71,110,95,93,6,239,93,239,255
71,001,127,255,0,247,255,255,223
71,001,127,255,1,255,171,255,191
71,001,127,255,2,255,87,234,253
71,001,127,255,3,95,93,235,189
71,001,127,255,4,127,239,255,245
71,001,127,255,5,127,223,255,255
71,001,127,255,6,127,255,247,255
71,101,245,222,0,187,215,123,189
71,101,245,222,1,119,174,253,250
71,101,245,222,2,239,93,239,255
71,101,245,222,3,127,255,247,255
71,101,245,222,4,255,223,251,171
71,101,245,222,5,127,191,251,173
71,101,245,222,6,117,174,183,90
71,011,235,93,0,111,119,238,250
71,011,235,93,1,221,127,175,245
71,011,235,93,2,250,255,95,235
71,011,235,93,3,247,255,191,191
71,011,235,93,4,223,239,253,191
71,011,235,93,5,238,219,255,223
71,011,235,93,6,250,235,183,123
71,111,215,222,0,251,223,93,222
71,111,215,222,1,219,174,251,189
71,111,215,222,2,187,109,246,251
71,111,215,222,3,119,219,239,85
71,111,215,222,4,254,250,239,87
71,111,215,222,5,239,222,255,127
71,111,215,222,6,170,250,181,214
72,000,250,245,0,94,255,191,246
72,000,250,245,1,189,238,246,191
72,000,250,245,2,111,189,182,237
72,000,250,245,3,215,214,234,215
72,000,250,245,4,223,218,247,247
72,000,250,245,5,189,247,239,253
72,000,250,245,6,253,239,125,251
72,100,255,253,0,254,255,239,111
72,100,255,253,1,255,247,187,221
72,100,255,253,2,239,253,221,238
72,100,255,253,3,247,123,187,221
72,100,255,253,4,238,239,255,255
72,100,255,253,5,253,223,255,255
72,100,255,253,6,255,255,255,255
72,010,255,254,0,247,119,187,221
72,010,255,254,1,238,239,119,191
72,010,255,254,2,247,123,187,223
72,010,255,254,3,255,255,255,255
72,010,255,254,4,255,255,255,254
72,010,255,254,5,238,255,255,253
72,010,255,254,6,221,238,247,123
72,110,187,221,0,238,239,255,255
72,110,187,221,1,253,223,255,255
72,110,187,221,2,255,255,255,255
72,110,187,221,3,255,254,247,119
72,110,187,221,4,187,221,238,239
72,110,187,221,5,119,191,247,123
72,110,187,221,6,187,223,255,255
72,001,255,255,0,255,255,255,254
72,001,255,255,1,238,255,255,253
72,001,255,255,2,221,238,247,123
72,001,255,255,3,187,221,238,239
72,001,255,255,4,255,255,253,223
72,001,255,255,5,255,255,255,255
72,001,255,255,6,255,255,255,254
72,101,247,119,0,187,221,238,239
72,101,247,119,1,119,191,247,123
72,101,247,119,2,187,223,255,255
72,101,247,119,3,255,255,255,255
72,101,247,119,4,255,255,223,127
72,101,247,119,5,255,255,190,255
72,101,247,119,6,126,255,187,254
72,011,253,247,0,190,247,222,253
72,011,253,247,1,223,187,247,126
72,011,253,247,2,215,218,251,239
72,011,253,247,3,126,251,253,251
72,011,253,247,4,221,223,190,253
72,011,253,247,5,246,247,119,219
72,011,253,247,6,247,126,239,223
72,111,221,251,0,191,187,187,237
72,111,221,251,1,191,183,119,221
72,111,221,251,2,221,222,219,221
72,111,221,251,3,247,119,251,127
72,111,221,251,4,214,223,246,255
72,111,221,251,5,191,219,222,190
72,111,221,251,6,255,238,251,187
73,000,122,175,0,247,254,253,109
73,000,122,175,1,125,238,246,182
73,000,122,175,2,251,239,123,109
73,000,122,175,3,181,106,215,190
73,000,122,175,4,253,251,125,223
73,000,122,175,5,183,87,245,187
73,000,122,175,6,127,123,219,245
73,100,191,215,0,219,239,123,91
73,100,191,215,1,255,219,255,223
73,100,191,215,2,95,175,237,253
73,100,191,215,3,95,111,235,251
73,100,191,215,4,125,187,183,127
73,100,191,215,5,251,119,110,237
73,100,191,215,6,214,222,221,219
73,010,186,255,0,191,183,245,254
73,010,186,255,1,191,239,237,191
73,010,186,255,2,255,175,253,235
73,010,186,255,3,111,237,214,254
73,010,186,255,4,221,175,223,221
73,010,186,255,5,253,223,111,214
73,010,186,255,6,254,223,223,119
73,110,238,253,0,221,254,251,251
73,110,238,253,1,187,253,183,239
73,110,238,253,2,245,91,239,215
73,110,238,253,3,219,127,111,237
73,110,238,253,4,253,191,183,182
73,110,238,253,5,254,247,111,237
73,110,238,253,6,237,251,191,119
73,001,239,109,0,111,189,190,251
73,001,239,109,1,219,91,239,237
73,001,239,109,2,253,191,187,239
73,001,239,109,3,125,239,187,255
73,001,239,109,4,127,239,119,254
73,001,239,109,5,255,223,255,239
73,001,239,109,6,253,255,190,247
73,101,222,251,0,221,239,189,247
73,101,222,251,1,187,95,123,239
73,101,222,251,2,125,125,175,181
73,101,222,251,3,250,251,95,107
73,101,222,251,4,238,247,126,215
73,101,222,251,5,215,246,251,119
73,101,222,251,6,239,183,126,239
73,011,123,239,0,125,119,191,110
73,011,123,239,1,251,223,90,219
73,011,123,239,2,245,215,173,223
73,011,123,239,3,110,247,125,190
73,011,123,239,4,221,238,247,111
73,011,123,239,5,187,221,247,125
73,011,123,239,6,219,221,253,190
73,111,175,187,0,234,170,175,171
73,111,175,187,1,237,191,106,170
73,111,175,187,2,171,239,123,221
73,111,175,187,3,109,247,190,247
73,111,175,187,4,126,221,173,190
73,111,175,187,5,255,235,123,117
73,111,175,187,6,234,171,222,213
74,000,93,255,0,191,253,183,237
74,000,93,255,1,118,251,117,107
74,000,93,255,2,181,187,109,182
74,000,93,255,3,234,223,191,219
74,000,93,255,4,239,117,254,223
74,000,93,255,5,253,245,246,254
74,000,93,255,6,223,218,246,255
74,100,223,235,0,235,127,95,111
74,100,223,235,1,251,250,223,95
74,100,223,235,2,247,254,255,223
74,100,223,235,3,239,253,255,191
74,100,223,235,4,234,253,95,127
74,100,223,235,5,213,250,189,175
74,100,223,235,6,171,245,126,173
74,010,223,191,0,247,251,255,127
74,010,223,191,1,223,238,253,255
74,010,223,191,2,191,245,189,255
74,010,223,191,3,119,239,126,223
74,010,223,191,4,219,189,251,253
74,010,223,191,5,223,191,223,126
74,010,223,191,6,255,126,187,247
74,110,222,239,0,255,127,245,213
74,110,222,239,1,93,255,255,245
74,110,222,239,2,107,86,255,247
74,110,222,239,3,239,223,223,191
74,110,222,239,4,222,239,247,246
74,110,222,239,5,221,223,93,246
74,110,222,239,6,245,183,91,213
74,001,235,109,0,87,175,251,250
74,001,235,109,1,174,175,247,254
74,001,235,109,2,255,222,183,223
74,001,235,109,3,251,247,234,253
74,001,235,109,4,91,127,171,245
74,001,235,109,5,126,173,111,87
74,001,235,109,6,126,175,253,255
74,101,191,253,0,255,191,247,250
74,101,191,253,1,181,191,183,218
74,101,191,253,2,191,87,234,255
74,101,191,253,3,253,95,171,255
74,101,191,253,4,191,250,187,251
74,101,191,253,5,247,190,247,222
74,101,191,253,6,182,253,255,239
74,011,213,250,0,190,191,119,235
74,011,213,250,1,222,239,182,181
74,011,213,250,2,253,93,189,255
74,011,213,250,3,191,253,253,221
74,011,213,250,4,247,189,91,95
74,011,213,250,5,93,219,222,239
74,011,213,250,6,213,254,254,175
74,111,127,239,0,251,255,246,173
74,111,127,239,1,218,237,175,222
74,111,127,239,2,187,110,186,239
74,111,127,239,3,213,250,181,215
74,111,127,239,4,254,254,254,255
74,111,127,239,5,239,253,255,187
74,111,127,239,6,93,255,191,253
75,000,247,254,0,251,109,235,109
75,000,247,254,1,118,247,106,238
75,000,247,254,2,186,234,213,106
75,000,247,254,3,215,223,191,239
75,000,247,254,4,239,191,171,190
75,000,247,254,5,251,94,255,125
75,000,247,254,6,251,255,255,239
75,100,255,254,0,253,223,251,247
75,100,255,254,1,255,191,251,186
75,100,255,254,2,189,254,247,125
75,100,255,254,3,251,253,223,239
75,100,255,254,4,255,251,173,223
75,100,255,254,5,119,191,247,123
75,100,255,254,6,255,254,253,254
75,010,251,247,0,251,253,213,239
75,010,251,247,1,253,254,255,125
75,010,251,247,2,251,255,255,239
75,010,251,247,3,255,254,253,223
75,010,251,247,4,251,247,255,191
75,010,251,247,5,255,190,253,254
75,010,251,247,6,247,125,251,253
75,110,255,239,0,255,251,175,255
75,110,255,239,1,251,255,247,123
75,110,255,239,2,255,254,253,254
75,110,255,239,3,251,247,251,253
75,110,255,239,4,247,239,253,254
75,110,255,239,5,255,125,251,255
75,110,255,239,6,255,239,255,254
75,001,255,255,0,251,247,255,191
75,001,255,255,1,255,190,253,254
75,001,255,255,2,255,125,251,253
75,001,255,255,3,255,239,255,251
75,001,255,255,4,239,255,251,255
75,001,255,255,5,255,191,255,254
75,001,255,255,6,253,254,251,247
75,101,251,253,0,247,239,253,254
75,101,251,253,1,255,125,251,255
75,101,251,253,2,255,239,255,254
75,101,251,253,3,255,255,251,247
75,101,251,253,4,255,191,255,190
75,101,251,253,5,253,254,255,125
75,101,251,253,6,251,253,255,239
75,011,255,251,0,239,255,251,255
75,011,255,251,1,255,191,255,254
75,011,255,251,2,253,254,251,247
75,011,255,251,3,251,253,247,239
75,011,255,251,4,253,254,255,125
75,011,255,251,5,251,255,255,239
75,011,255,251,6,255,254,255,255
75,111,251,247,0,255,191,255,190
75,111,251,247,1,253,254,255,125
75,111,251,247,2,251,253,255,239
75,111,251,247,3,255,251,239,255
75,111,251,247,4,251,255,255,191
75,111,251,247,5,255,254,253,254
75,111,251,247,6,251,247,251,253
76,000,254,251,0,106,234,215,106
76,000,254,251,1,234,213,183,181
76,000,254,251,2,106,213,106,215
76,000,254,251,3,223,191,223,127
76,000,254,251,4,191,127,190,255
76,000,254,251,5,251,239,223,239
76,000,254,251,6,255,127,255,247
76,100,255,255,0,223,253,245,191
76,100,255,255,1,191,251,107,237
76,100,255,255,2,127,175,109,253
76,100,255,255,3,175,183,251,127
76,100,255,255,4,107,111,123,119
76,100,255,255,5,187,221,238,239
76,100,255,255,6,127,183,223,218
76,010,251,93,0,175,91,190,255
76,010,251,93,1,187,239,253,253
76,010,251,93,2,251,191,125,215
76,010,251,93,3,235,237,91,123
76,010,251,93,4,251,237,223,213
76,010,251,93,5,239,246,223,191
76,010,251,93,6,251,250,223,95
76,110,239,255,0,215,239,123,251
76,110,239,255,1,251,119,123,189
76,110,239,255,2,251,219,190,251
76,110,239,255,3,254,250,219,181
76,110,239,255,4,239,254,251,239
76,110,239,255,5,253,255,238,191
76,110,239,255,6,255,247,235,237
76,001,91,251,0,247,247,191,111
76,001,91,251,1,190,253,254,255
76,001,91,251,2,109,251,255,95
76,001,91,251,3,255,253,254,255
76,001,91,251,4,126,255,255,127
76,001,91,251,5,254,221,254,253
76,001,91,251,6,254,251,247,251
76,101,253,254,0,239,253,254,254
76,101,253,254,1,237,251,255,255
76,101,253,254,2,239,253,255,255
76,101,253,254,3,239,251,247,255
76,101,253,254,4,191,190,239,247
76,101,253,254,5,223,191,187,239
76,101,253,254,6,191,191,239,255
76,011,251,239,0,253,251,255,255
76,011,251,239,1,191,183,127,247
76,011,251,239,2,223,191,223,127
76,011,251,239,3,191,239,190,255
76,011,251,239,4,251,239,219,239
76,011,251,239,5,255,127,255,251
76,011,251,239,6,254,255,254,255
76,111,223,127,0,254,223,190,253
76,111,223,127,1,254,255,125,251
76,111,223,127,2,253,255,239,255
76,111,223,127,3,251,239,255,251
76,111,223,127,4,255,255,191,255
76,111,223,127,5,254,253,254,251
76,111,223,127,6,247,251,253,247
77,000,250,237,0,234,215,191,118
77,000,250,237,1,253,117,234,213
77,000,250,237,2,106,213,107,254
77,000,250,237,3,251,247,251,253
77,000,250,237,4,247,239,253,253
77,000,250,237,5,255,223,239,250
77,000,250,237,6,191,255,251,255
77,100,255,223,0,255,221,254,190
77,100,255,223,1,223,190,253,254
77,100,255,223,2,223,125,238,253
77,100,255,223,3,223,255,247,251
77,100,255,223,4,237,239,251,255
77,100,255,223,5,255,191,255,251
77,100,255,223,6,253,253,95,223
77,010,123,191,0,127,219,253,253
77,010,123,191,1,126,235,237,251
77,010,123,191,2,191,255,247,255
77,010,123,191,3,255,223,223,255
77,010,123,191,4,123,126,223,174
77,010,123,191,5,253,253,223,125
77,010,123,191,6,253,253,221,95
77,110,255,122,0,238,247,255,255
77,110,255,122,1,127,255,247,255
77,110,255,122,2,187,125,95,171
77,110,255,122,3,245,250,191,221
77,110,255,122,4,253,253,223,125
77,110,255,122,5,234,251,191,239
77,110,255,122,6,255,254,255,255
77,001,247,187,0,122,222,183,174
77,001,247,187,1,245,222,239,223
77,001,247,187,2,219,191,125,219
77,001,247,187,3,235,245,122,191
77,001,247,187,4,251,255,255,191
77,001,247,187,5,255,221,186,253
77,001,247,187,6,95,171,245,250
77,101,191,87,0,239,245,126,175
77,101,191,87,1,219,255,255,239
77,101,191,87,2,255,254,255,255
77,101,191,87,3,253,238,255,191
77,101,191,87,4,255,189,234,254
77,101,191,87,5,190,175,223,251
77,101,191,87,6,126,239,237,245
77,011,123,119,0,255,255,127,255
77,011,123,119,1,247,247,119,95
77,011,123,119,2,187,215,123,189
77,011,123,119,3,119,247,127,247
77,011,123,119,4,254,251,218,253
77,011,123,119,5,223,255,251,255
77,011,123,119,6,255,223,237,255
77,111,118,239,0,253,235,118,237
77,111,118,239,1,107,219,119,191
77,111,118,239,2,174,219,190,247
77,111,118,239,3,221,175,255,223
77,111,118,239,4,175,171,85,235
77,111,118,239,5,117,87,218,234
77,111,118,239,6,186,175,173,246
78,000,186,239,0,118,239,109,123
78,000,186,239,1,118,234,213,106
78,000,186,239,2,213,109,253,223
78,000,186,239,3,117,253,247,190
78,000,186,239,4,245,253,183,190
78,000,186,239,5,223,219,251,111
78,000,186,239,6,218,250,253,175
78,100,235,245,0,85,95,191,117
78,100,235,245,1,85,85,85,85
78,100,235,245,2,85,85,85,95
78,100,235,245,3,255,255,245,95
78,100,235,245,4,255,255,255,255
78,100,235,245,5,255,255,255,247
78,100,235,245,6,190,239,235,239
78,010,191,127,0,123,247,238,255
78,010,191,127,1,125,251,247,127
78,010,191,127,2,181,247,255,255
78,010,191,127,3,223,250,170,175
78,010,191,127,4,255,245,85,85
78,010,191,127,5,85,85,85,85
78,010,191,127,6,85,95,255,255
78,110,245,95,0,255,255,255,255
78,110,245,95,1,255,255,255,247
78,110,245,95,2,223,191,223,127
78,110,245,95,3,191,127,190,255
78,110,245,95,4,251,239,223,239
78,110,245,95,5,255,127,255,247
78,110,245,95,6,255,255,223,250
78,001,170,175,0,255,245,85,85
78,001,170,175,1,85,85,85,85
78,001,170,175,2,85,95,255,255
78,001,170,175,3,245,95,255,255
78,001,170,175,4,255,255,255,255
78,001,170,175,5,255,247,223,191
78,001,170,175,6,223,127,191,127
78,101,190,255,0,251,239,223,239
78,101,190,255,1,255,127,255,247
78,101,190,255,2,255,255,223,250
78,101,190,255,3,170,175,255,245
78,101,190,255,4,85,85,85,85
78,101,190,255,5,85,85,85,95
78,101,190,255,6,255,255,245,95
78,011,255,255,0,255,255,255,255
78,011,255,255,1,255,247,223,191
78,011,255,255,2,223,127,191,127
78,011,255,255,3,190,255,251,239
78,011,255,255,4,223,239,255,127
78,011,255,255,5,255,247,255,255
78,011,255,255,6,223,250,170,175
78,111,255,245,0,85,85,85,85
78,111,255,245,1,85,85,85,95
78,111,255,245,2,255,255,245,95
78,111,255,245,3,255,255,255,255
78,111,255,245,4,255,255,255,247
78,111,255,245,5,223,191,223,127
78,111,255,245,6,191,127,190,255
79,000,237,213,0,107,191,126,250
79,000,237,213,1,235,109,237,181
79,000,237,213,2,110,246,237,238
79,000,237,213,3,251,238,239,109
79,000,237,213,4,239,254,254,239
79,000,237,213,5,110,255,253,187
79,000,237,213,6,255,255,175,255
79,100,219,238,0,247,127,253,255
79,100,219,238,1,251,189,94,239
79,100,219,238,2,123,123,191,251
79,100,219,238,3,255,255,255,255
79,100,219,238,4,255,255,247,127
79,100,219,238,5,255,255,123,189
79,100,219,238,6,219,238,245,86
79,010,239,123,0,255,245,85,187
79,010,239,123,1,214,255,255,221
79,010,239,123,2,255,247,127,255
79,010,239,123,3,186,187,221,127
79,010,239,123,4,255,85,91,189
79,010,239,123,5,85,187,213,86
79,010,239,123,6,239,191,255,245
79,110,95,255,0,125,255,255,95
79,110,95,255,1,255,221,254,247
79,110,95,255,2,223,238,255,251
79,110,95,255,3,189,255,255,245
79,110,95,255,4,85,187,253,255
79,110,95,255,5,255,119,255,255
79,110,95,255,6,255,255,247,187
79,001,223,223,0,253,221,238,247
79,001,223,223,1,123,187,221,238
79,001,223,223,2,238,255,255,253
79,001,223,223,3,223,255,191,255
79,001,223,223,4,251,255,255,239
79,001,223,223,5,254,247,119,187
79,001,223,223,6,221,238,239,119
79,101,191,247,0,123,187,223,255
79,101,191,247,1,254,255,255,239
79,101,191,247,2,255,255,190,238
79,101,191,247,3,247,255,253,221
79,101,191,247,4,238,247,123,187
79,101,191,247,5,221,238,238,255
79,101,191,247,6,255,253,223,255
79,011,191,255,0,251,255,255,239
79,011,191,255,1,254,247,119,187
79,011,191,255,2,221,238,239,119
79,011,191,255,3,191,247,123,187
79,011,191,255,4,223,255,254,255
79,011,191,255,5,255,239,255,255
79,011,191,255,6,190,238,247,255
79,111,253,221,0,238,247,123,187
79,111,253,221,1,221,238,238,255
79,111,253,221,2,255,253,223,255
79,111,253,221,3,191,255,251,255
79,111,253,221,4,255,239,254,247
79,111,253,221,5,119,187,221,238
79,111,253,221,6,239,119,191,247
80,000,118,238,0,237,237,119,214
80,000,118,238,1,234,213,106,215
80,000,118,238,2,223,119,190,253
80,000,118,238,3,190,239,125,253
80,000,118,238,4,254,254,247,223
80,000,118,238,5,255,126,235,245
80,000,118,238,6,219,93,215,245
80,100,238,255,0,191,117,239,191
80,100,238,255,1,94,247,190,223
80,100,238,255,2,175,215,255,222
80,100,238,255,3,191,175,254,250
80,100,238,255,4,255,95,171,254
80,100,238,255,5,255,182,175,218
80,100,238,255,6,253,246,223,107
80,010,247,189,0,251,87,182,235
80,010,247,189,1,247,223,181,247
80,010,247,189,2,109,223,107,246
80,010,247,189,3,238,191,119,109
80,010,247,189,4,221,122,190,247
80,010,247,189,5,247,126,239,215
80,010,247,189,6,253,238,250,183
80,110,251,221,0,255,223,235,247
80,110,251,221,1,190,251,221,182
80,110,251,221,2,215,123,219,109
80,110,251,221,3,174,247,95,183
80,110,251,221,4,222,238,183,191
80,110,251,221,5,183,91,117,191
80,110,251,221,6,110,174,245,187
80,001,223,91,0,117,237,238,247
80,001,223,91,1,245,253,109,246
80,001,223,91,2,221,171,246,245
80,001,223,91,3,187,87,235,235
80,001,223,91,4,219,245,253,119
80,001,223,91,5,189,253,189,191
80,001,223,91,6,238,253,221,246
80,101,223,183,0,127,109,191,255
80,101,223,183,1,253,175,117,239
80,101,223,183,2,254,171,254,255
80,101,223,183,3,247,173,255,118
80,101,223,183,4,253,94,251,119
80,101,223,183,5,186,182,189,187
80,101,223,183,6,245,245,123,119
80,011,235,235,0,219,245,253,119
80,011,235,235,1,125,182,253,247
80,011,235,235,2,110,183,247,123
80,011,235,235,3,187,191,109,237
80,011,235,235,4,191,255,253,175
80,011,235,235,5,117,239,254,174
80,011,235,235,6,235,255,247,173
80,111,215,254,0,189,222,239,123
80,111,215,254,1,187,183,91,183
80,111,215,254,2,127,173,109,221
80,111,215,254,3,235,90,219,239
80,111,215,254,4,189,247,255,219
80,111,215,254,5,213,122,239,221
80,111,215,254,6,213,234,219,255
81,000,186,239,0,107,213,106,213
81,000,186,239,1,106,213,110,246
81,000,186,239,2,219,238,251,123
81,000,186,239,3,189,237,239,255
81,000,186,239,4,111,187,235,127
81,000,186,239,5,255,94,255,247
81,000,186,239,6,223,255,183,187
81,100,221,187,0,255,181,238,246
81,100,221,187,1,215,187,245,123
81,100,221,187,2,189,109,255,251
81,100,221,187,3,95,255,221,191
81,100,221,187,4,250,187,255,255
81,100,221,187,5,222,246,247,187
81,100,221,187,6,223,123,189,253
81,010,239,253,0,247,187,237,255
81,010,239,253,1,253,122,255,247
81,010,239,253,2,223,255,221,238
81,010,239,253,3,250,247,253,246
81,010,239,253,4,238,247,174,239
81,010,239,253,5,125,187,189,251
81,010,239,253,6,255,253,111,255
81,110,189,255,0,247,239,255,246
81,110,189,255,1,251,189,219,187
81,110,189,255,2,218,222,239,182
81,110,189,255,3,239,254,183,187
81,110,189,255,4,250,255,253,219
81,110,189,255,5,255,255,223,255
81,110,189,255,6,181,238,245,219
81,001,255,117,0,123,189,215,187
81,001,255,117,1,214,187,191,251
81,001,255,117,2,255,247,95,255
81,001,255,117,3,254,255,255,239
81,001,255,117,4,255,221,123,191
81,001,255,117,5,175,187,221,238
81,001,255,117,6,239,235,239,255
81,101,123,187,0,222,191,255,215
81,101,123,187,1,255,219,95,255
81,101,123,187,2,254,238,254,189
81,101,123,187,3,255,126,238,247
81,101,123,187,4,126,239,125,123
81,101,123,187,5,191,187,255,247
81,101,123,187,6,239,255,253,223
81,011,255,221,0,255,237,123,189
81,011,255,221,1,238,238,254,238
81,011,255,221,2,239,126,239,255
81,011,255,221,3,187,187,221,191
81,011,255,221,4,255,237,255,254
81,011,255,221,5,191,255,182,238
81,011,255,221,6,255,251,255,125
81,111,187,189,0,246,239,126,219
81,111,187,189,1,189,86,255,255
81,111,187,189,2,183,255,170,255
81,111,187,189,3,245,91,255,254
81,111,187,189,4,251,190,237,187
81,111,187,189,5,219,110,239,187
81,111,187,189,6,111,255,91,187
82,000,237,187,0,119,239,107,213
82,000,237,187,1,106,215,223,127
82,000,237,187,2,110,189,247,173
82,000,237,187,3,250,245,253,239
82,000,237,187,4,125,255,127,253
82,000,237,187,5,183,247,247,191
82,000,237,187,6,223,86,235,127
82,100,247,255,0,183,246,253,190
82,100,247,255,1,219,251,239,215
82,100,247,255,2,253,251,235,123
82,100,247,255,3,111,119,187,219
82,100,247,255,4,94,213,247,183
82,100,247,255,5,125,221,187,182
82,100,247,255,6,255,111,110,247
82,010,251,127,0,111,251,247,127
82,010,251,127,1,254,255,126,175
82,010,251,127,2,254,182,255,93
82,010,251,127,3,238,237,221,238
82,010,251,127,4,247,123,85,109
82,010,251,127,5,110,175,222,254
82,010,251,127,6,247,125,189,219
82,110,253,223,0,95,183,239,171
82,110,253,223,1,126,214,237,118
82,110,253,223,2,189,173,219,245
82,110,253,223,3,237,191,107,246
82,110,253,223,4,245,119,221,247
82,110,253,223,5,125,223,94,221
82,110,253,223,6,239,186,187,173
82,001,187,235,0,223,238,222,255
82,001,187,235,1,110,247,247,126
82,001,187,235,2,239,253,181,186
82,001,187,235,3,235,189,127,223
82,001,187,235,4,237,247,125,253
82,001,187,235,5,191,183,222,251
82,001,187,235,6,111,119,219,190
82,101,189,255,0,250,255,190,245
82,101,189,255,1,254,223,219,218
82,101,189,255,2,234,181,219,123
82,101,189,255,3,111,119,125,222
82,101,189,255,4,219,235,110,191
82,101,189,255,5,126,239,118,223
82,101,189,255,6,171,123,239,117
82,011,183,107,0,253,86,223,93
82,011,183,107,1,182,219,110,187
82,011,183,107,2,182,255,110,223
82,011,183,107,3,109,247,187,239
82,011,183,107,4,221,254,253,223
82,011,183,107,5,187,186,239,93
82,011,183,107,6,247,107,123,239
82,111,125,238,0,247,222,219,223
82,111,125,238,1,235,126,183,191
82,111,125,238,2,214,173,181,181
82,111,125,238,3,118,174,254,183
82,111,125,238,4,123,125,221,238
82,111,125,238,5,246,251,187,222
82,111,125,238,6,221,247,119,183
83,000,127,123,0,117,106,213,106
83,000,127,123,1,213,223,191,234
83,000,127,123,2,251,254,175,190
83,000,127,123,3,253,254,254,175
83,000,127,123,4,223,255,127,255
83,000,127,123,5,247,238,255,223
83,000,127,123,6,253,219,119,111
83,100,255,175,0,251,95,127,183
83,100,255,175,1,238,251,87,94
83,100,255,175,2,214,223,223,255
83,100,255,175,3,91,127,125,127
83,100,255,175,4,239,255,123,95
83,100,255,175,5,119,173,190,221
83,100,255,175,6,183,175,246,222
83,010,255,181,0,245,247,247,94
83,010,255,181,1,215,235,218,219
83,010,255,181,2,95,183,127,239
83,010,255,181,3,125,245,254,191
83,010,255,181,4,239,107,254,251
83,010,255,181,5,119,239,126,235
83,010,255,181,6,95,215,94,182
83,110,235,174,0,234,254,253,127
83,110,235,174,1,222,235,221,187
83,110,235,174,2,183,235,253,126
83,110,235,174,3,191,215,222,182
83,110,235,174,4,239,183,253,126
83,110,235,174,5,253,239,94,239
83,110,235,174,6,181,235,109,251
83,001,251,223,0,127,189,247,219
83,001,251,223,1,223,235,126,189
83,001,251,223,2,239,214,254,253
83,001,251,223,3,254,253,253,254
83,001,251,223,4,187,223,125,189
83,001,251,223,5,222,239,123,222
83,001,251,223,6,254,183,190,247
83,101,223,223,0,223,235,126,238
83,101,223,223,1,218,237,246,235
83,101,223,223,2,183,222,251,109
83,101,223,223,3,237,189,191,173
83,101,223,223,4,245,221,219,238
83,101,223,223,5,250,238,219,239
83,101,223,223,6,238,253,218,219
83,011,183,125,0,86,223,93,182
83,011,183,125,1,219,110,187,109
83,011,183,125,2,237,214,222,219
83,011,183,125,3,222,253,223,215
83,011,183,125,4,125,253,119,221
83,011,183,125,5,237,189,190,239
83,011,183,125,6,219,223,127,125
83,111,239,190,0,247,174,251,250
83,111,239,190,1,247,175,191,122
83,111,239,190,2,255,125,254,253
83,111,239,190,3,254,251,219,239
83,111,239,190,4,122,239,94,219
83,111,239,190,5,181,251,247,175
83,111,239,190,6,247,254,239,223
84,000,245,106,0,213,106,213,109
84,000,245,106,1,95,117,239,219
84,000,245,106,2,191,127,221,118
84,000,245,106,3,245,127,125,239
84,000,245,106,4,251,189,254,239
84,000,245,106,5,254,255,255,118
84,000,245,106,6,222,223,255,247
84,100,125,251,0,253,223,191,221
84,100,125,251,1,187,183,255,127
84,100,125,251,2,237,247,254,247
84,100,125,251,3,190,253,223,187
84,100,125,251,4,255,221,191,91
84,100,125,251,5,182,219,110,183
84,100,125,251,6,109,253,237,127
84,010,91,251,0,247,127,239,122
84,010,91,251,1,255,223,222,235
84,010,91,251,2,189,125,87,215
84,010,91,251,3,187,247,125,239
84,010,91,251,4,219,247,110,239
84,010,91,251,5,219,251,123,183
84,010,91,251,6,238,247,190,253
84,110,223,187,0,253,190,191,171
84,110,223,187,1,186,221,111,87
84,110,223,187,2,235,246,238,190
84,110,223,187,3,235,245,246,191
84,110,223,187,4,183,127,125,191
84,110,223,187,5,110,222,223,189
84,110,223,187,6,251,251,223,251
84,001,253,191,0,253,239,219,127
84,001,253,191,1,219,251,125,247
84,001,253,191,2,222,221,239,119
84,001,253,191,3,187,187,253,191
84,001,253,191,4,127,189,247,187
84,001,253,191,5,223,123,123,239
84,001,253,191,6,237,239,189,253
84,101,237,191,0,253,247,125,223
84,101,237,191,1,110,221,245,221
84,101,237,191,2,187,187,125,239
84,101,237,191,3,191,175,189,253
84,101,237,191,4,223,95,189,247
84,101,237,191,5,183,215,238,183
84,101,237,191,6,182,246,190,215
84,011,254,186,0,223,93,214,219
84,011,254,186,1,110,187,86,245
84,011,254,186,2,93,111,173,251
84,011,254,186,3,187,119,213,254
84,011,254,186,4,253,127,175,109
84,011,254,186,5,186,221,251,189
84,011,254,186,6,234,253,95,175
84,111,213,250,0,219,175,191,127
84,111,213,250,1,187,87,238,170
84,111,213,250,2,234,181,91,85
84,111,213,250,3,253,222,254,237
84,111,213,250,4,221,183,174,245
84,111,213,250,5,239,122,247,126
84,111,213,250,6,239,235,186,223
85,000,191,118,0,247,234,215,223
85,000,191,118,1,191,213,95,191
85,000,191,118,2,127,190,250,246
85,000,191,118,3,223,223,239,255
85,000,191,118,4,127,255,215,255
85,000,191,118,5,255,223,253,246
85,000,191,118,6,191,191,255,123
85,100,239,127,0,223,125,234,175
85,100,239,127,1,191,215,250,187
85,100,239,127,2,237,223,251,255
85,100,239,127,3,255,191,255,245
85,100,239,127,4,119,222,170,247
85,100,239,127,5,234,173,247,239
85,100,239,127,6,253,123,239,223
85,010,219,255,0,255,87,175,245
85,010,219,255,1,127,223,253,246
85,010,219,255,2,223,255,251,239
85,010,219,255,3,247,223,191,223
85,010,219,255,4,223,111,255,255
85,010,219,255,5,123,117,123,183
85,010,219,255,6,255,255,127,255
85,110,247,254,0,218,253,246,218
85,110,247,254,1,191,110,239,87
85,110,247,254,2,238,245,127,125
85,110,247,254,3,239,255,127,237
85,110,247,254,4,239,247,189,235
85,110,247,254,5,250,235,127,191
85,110,247,254,6,255,214,253,189
85,001,191,125,0,245,173,119,219
85,001,191,125,1,125,253,106,191
85,001,191,125,2,223,191,223,239
85,001,191,125,3,247,253,181,223
85,001,191,125,4,125,181,95,173
85,001,191,125,5,191,87,238,245
85,001,191,125,6,127,125,251,255
85,101,253,181,0,239,219,93,91
85,101,253,181,1,255,191,255,191
85,101,253,181,2,255,127,125,255
85,101,253,181,3,119,223,247,247
85,101,253,181,4,183,255,93,119
85,101,253,181,5,246,189,222,238
85,101,253,181,6,247,123,255,255
85,011,218,254,0,218,239,247,91
85,011,218,254,1,191,174,251,117
85,011,218,254,2,127,125,251,255
85,011,218,254,3,254,223,215,251
85,011,218,254,4,239,215,255,119
85,011,218,254,5,255,191,255,215
85,011,218,254,6,125,189,183,223
85,111,219,125,0,255,183,127,253
85,111,219,125,1,119,255,87,234
85,111,219,125,2,245,127,247,253
85,111,219,125,3,237,95,223,119
85,111,219,125,4,253,247,127,213
85,111,219,125,5,253,254,175,223
85,111,219,125,6,223,255,127,119
86,000,213,106,0,213,109,254,235
86,000,213,106,1,221,123,111,109
86,000,213,106,2,239,245,123,239
86,000,213,106,3,223,219,255,253
86,000,213,106,4,86,215,237,175
86,000,213,106,5,251,247,234,255
86,000,213,106,6,191,255,213,250
86,100,191,95,0,111,239,191,127
86,100,191,95,1,255,253,254,255
86,100,191,95,2,223,255,255,127
86,100,191,95,3,255,223,254,254
86,100,191,95,4,239,111,213,191
86,100,191,95,5,191,127,119,123
86,100,191,95,6,251,239,223,239
86,010,255,127,0,255,183,255,255
86,010,255,127,1,223,253,251,191
86,010,255,127,2,255,247,247,126
86,010,255,127,3,239,223,223,239
86,010,255,127,4,191,127,255,254
86,010,255,127,5,254,255,223,255
86,010,255,127,6,255,191,255,247
86,110,255,245,0,94,171,213,117
86,110,255,245,1,251,183,213,189
86,110,255,245,2,245,126,247,219
86,110,255,245,3,247,126,239,223
86,110,255,245,4,254,254,239,235
86,110,255,245,5,235,127,191,247
86,110,255,245,6,237,125,175,190
86,001,175,213,0,250,191,119,238
86,001,175,213,1,250,239,255,123
86,001,175,213,2,239,127,191,255
86,001,175,213,3,254,254,253,223
86,001,175,213,4,187,245,250,191
86,001,175,213,5,119,239,245,126
86,001,175,213,6,175,222,255,255
86,101,251,255,0,254,255,255,247
86,101,251,255,1,218,255,191,251
86,101,251,255,2,219,187,119,111
86,101,251,255,3,117,238,189,223
86,101,251,255,4,223,251,251,174
86,101,251,255,5,223,254,255,221
86,101,251,255,6,191,183,246,251
86,011,119,110,0,237,221,223,187
86,011,119,110,1,219,189,254,239
86,011,119,110,2,221,253,255,191
86,011,119,110,3,247,223,255,127
86,011,119,110,4,255,246,247,223
86,011,119,110,5,255,247,86,234
86,011,119,110,6,221,94,245,213
86,111,186,190,0,239,255,117,110
86,111,186,190,1,239,239,125,237
86,111,186,190,2,223,110,247,127
86,111,186,190,3,239,126,255,181
86,111,186,190,4,94,171,255,118
86,111,186,190,5,246,174,213,221
86,111,186,190,6,245,190,183,215
87,000,235,234,0,218,255,191,223
87,000,235,234,1,123,125,247,239
87,000,235,234,2,125,254,215,239
87,000,235,234,3,239,117,191,255
87,000,235,234,4,251,255,127,223
87,000,235,234,5,234,170,174,251
87,000,235,234,6,181,85,85,85
87,100,85,85,0,85,85,95,255
87,100,85,85,1,255,245,95,255
87,100,85,85,2,255,255,255,255
87,100,85,85,3,255,255,246,253
87,100,85,85,4,223,187,251,127
87,100,85,85,5,111,237,247,251
87,100,85,85,6,127,111,223,122
87,010,239,119,0,238,247,126,239
87,010,239,119,1,250,170,173,119
87,010,239,119,2,170,170,170,170
87,010,239,119,3,170,170,170,170
87,010,239,119,4,175,255,255,250
87,010,239,119,5,175,255,255,255
87,010,239,119,6,255,255,255,255
87,110,251,191,0,253,255,255,223
87,110,251,191,1,255,119,118,250
87,110,251,191,2,239,93,253,254
87,110,251,191,3,189,183,219,219
87,110,251,191,4,125,191,122,170
87,110,251,191,5,175,175,245,85
87,110,251,191,6,85,85,85,85
87,001,85,85,0,95,255,255,245
87,001,85,85,1,95,255,255,255
87,001,85,85,2,255,255,255,255
87,001,85,85,3,251,191,111,237
87,001,85,85,4,246,254,223,119
87,001,85,85,5,253,255,175,245
87,001,85,85,6,255,127,95,255
87,101,245,255,0,255,223,170,170
87,101,245,255,1,175,175,245,85
87,101,245,255,2,85,85,85,85
87,101,245,255,3,85,85,95,255
87,101,245,255,4,255,245,95,255
87,101,245,255,5,255,255,255,255
87,101,245,255,6,255,255,247,239
87,011,125,239,0,191,189,247,93
87,011,125,239,1,238,187,247,126
87,011,125,239,2,255,191,175,245
87,011,125,239,3,253,219,95,235
87,011,125,239,4,234,170,175,215
87,011,125,239,5,245,85,85,85
87,011,125,239,6,85,85,85,85
87,111,95,255,0,255,245,95,255
87,111,95,255,1,255,255,255,255
87,111,95,255,2,255,255,251,93
87,111,95,255,3,213,237,118,251
87,111,95,255,4,175,183,189,219
87,111,95,255,5,95,107,251,238
87,111,95,255,6,221,187,189,255
88,000,117,110,0,247,215,110,251
88,000,117,110,1,110,239,190,255
88,000,117,110,2,251,239,187,219
88,000,117,110,3,255,254,171,255
88,000,117,110,4,214,223,255,247
88,000,117,110,5,187,223,255,253
88,000,117,110,6,234,251,191,94
88,100,239,123,0,251,191,239,255
88,100,239,123,1,254,255,255,251
88,100,239,123,2,255,255,255,255
88,100,239,123,3,254,254,247,111
88,100,239,123,4,187,223,190,239
88,100,239,123,5,119,127,251,239
88,100,239,123,6,187,239,255,255
88,010,239,255,0,255,255,255,251
88,010,239,255,1,187,223,255,253
88,010,239,255,2,247,123,191,190
88,010,239,255,3,239,123,251,191
88,010,239,255,4,247,255,254,255
88,010,239,255,5,255,253,255,255
88,010,239,255,6,255,255,254,254
88,110,247,86,0,238,245,251,189
88,110,247,86,1,213,191,245,126
88,110,247,86,2,239,109,255,255
88,110,247,86,3,183,255,255,255
88,110,247,86,4,255,181,238,255
88,110,247,86,5,191,255,214,238
88,110,247,86,6,247,190,239,107
88,001,190,239,0,119,255,250,239
88,001,190,239,1,255,221,255,255
88,001,190,239,2,255,255,254,254
88,001,190,239,3,247,190,238,245
88,001,190,239,4,251,189,239,191
88,001,190,239,5,245,126,239,111
88,001,190,239,6,255,255,251,255
88,101,255,255,0,255,247,187,223
88,101,255,255,1,255,253,219,187
88,101,255,255,2,190,215,187,238
88,101,255,255,3,187,191,223,255
88,101,255,255,4,251,175,255,254
88,101,255,255,5,255,253,191,255
88,101,255,255,6,246,254,247,110
88,011,238,251,0,187,189,219,191
88,011,238,251,1,254,238,239,126
88,011,238,251,2,255,255,251,255
88,011,238,251,3,255,255,255,246
88,011,238,251,4,238,255,223,255
88,011,238,251,5,86,238,246,183
88,011,238,251,6,187,213,187,190
88,111,239,255,0,245,111,255,239
88,111,239,255,1,127,253,223,255
88,111,239,255,2,247,126,247,253
88,111,239,255,3,187,218,187,189
88,111,239,255,4,255,111,253,87
88,111,239,255,5,187,221,255,254
88,111,239,255,6,183,255,238,255
89,000,111,125,0,219,175,183,111
89,000,111,125,1,125,237,117,223
89,000,111,125,2,126,247,237,255
89,000,111,125,3,223,223,87,221
89,000,111,125,4,238,183,118,235
89,000,111,125,5,181,191,191,214
89,000,111,125,6,250,221,191,109
89,100,245,238,0,183,239,127,187
89,100,245,238,1,111,239,91,181
89,100,245,238,2,235,190,239,107
89,100,245,238,3,173,175,93,182
89,100,245,238,4,219,123,111,214
89,100,245,238,5,251,238,223,109
89,100,245,238,6,255,223,255,251
89,010,123,127,0,247,251,253,245
89,010,123,127,1,218,174,175,107
89,010,123,127,2,125,111,223,173
89,010,123,127,3,253,239,183,251
89,010,123,127,4,250,238,191,171
89,010,123,127,5,175,107,187,251
89,010,123,127,6,117,213,214,223
89,110,174,251,0,186,255,95,91
89,110,174,251,1,122,181,190,183
89,110,174,251,2,250,191,175,237
89,110,174,251,3,245,254,247,215
89,110,174,251,4,253,223,181,219
89,110,174,251,5,125,175,123,222
89,110,174,251,6,255,125,253,251
89,001,247,215,0,247,127,122,219
89,001,247,215,1,85,187,222,174
89,001,247,215,2,182,255,222,239
89,001,247,215,3,222,251,223,239
89,001,247,215,4,191,247,123,111
89,001,247,215,5,126,253,246,181
89,001,247,215,6,111,247,125,255
89,101,127,110,0,171,250,221,239
89,101,127,110,1,119,245,247,111
89,101,127,110,2,239,91,253,95
89,101,127,110,3,175,239,126,247
89,101,127,110,4,186,173,214,251
89,101,127,110,5,191,175,254,235
89,101,127,110,6,111,111,235,250
89,011,219,95,0,215,123,123,111
89,011,219,95,1,191,235,238,181
89,011,219,95,2,215,223,127,125
89,011,219,95,3,255,183,86,222
89,011,219,95,4,221,123,171,247
89,011,219,95,5,118,238,255,123
89,011,219,95,6,237,189,191,247
89,111,247,247,0,126,247,171,189
89,111,247,247,1,94,239,117,234
89,111,247,247,2,238,238,246,222
89,111,247,247,3,223,95,183,119
89,111,247,247,4,119,189,223,239
89,111,247,247,5,235,107,111,171
89,111,247,247,6,247,125,95,126
90,000,247,238,0,238,247,238,239
90,000,247,238,1,123,239,255,191
90,000,247,238,2,187,215,255,253
90,000,247,238,3,238,255,238,191
90,000,247,238,4,255,247,187,219
90,000,247,238,5,127,253,237,238
90,000,247,238,6,247,94,239,126
90,100,238,239,0,255,127,253,183
90,100,238,239,1,255,223,127,245
90,100,238,239,2,247,255,251,251
90,100,238,239,3,189,86,238,253
90,100,238,239,4,123,189,239,191
90,100,238,239,5,250,222,239,123
90,100,238,239,6,255,253,187,255
90,010,253,191,0,255,126,238,245
90,010,253,191,1,183,253,223,238
90,010,253,191,2,247,247,187,253
90,010,253,191,3,238,239,235,127
90,010,253,191,4,255,191,255,245
90,010,253,191,5,223,255,171,255
90,010,253,191,6,254,190,247,254
90,110,238,253,0,238,239,127,127
90,110,238,253,1,245,190,239,122
90,110,238,253,2,255,255,213,255
90,110,238,253,3,251,247,255,251
90,110,238,253,4,187,221,247,253
90,110,238,253,5,253,238,247,127
90,110,238,253,6,187,253,94,239
90,001,237,255,0,250,215,255,251
90,001,237,255,1,223,255,255,255
90,001,237,255,2,255,222,247,245
90,001,237,255,3,238,253,94,239
90,001,237,255,4,238,255,250,222
90,001,237,255,5,239,122,255,255
90,001,237,255,6,255,127,253,183
90,101,255,173,0,238,254,221,255
90,101,255,173,1,246,251,190,190
90,101,255,173,2,239,125,254,238
90,101,255,173,3,237,255,247,255
90,101,255,173,4,255,109,255,255
90,101,255,173,5,87,255,253,91
90,101,255,173,6,189,237,238,253
90,011,254,239,0,187,239,255,127
90,011,254,239,1,187,222,255,253
90,011,254,239,2,222,255,254,175
90,011,254,239,3,255,183,187,223
90,011,254,239,4,171,255,119,187
90,011,254,239,5,189,222,239,119
90,011,254,239,6,123,191,255,255
90,111,247,127,0,255,255,255,255
90,111,247,127,1,255,255,255,251
90,111,247,127,2,189,222,238,247
90,111,247,127,3,123,189,221,239
90,111,247,127,4,253,222,239,127
90,111,247,127,5,255,255,255,255
90,111,247,127,6,255,255,255,247
91,000,251,247,0,251,253,247,239
91,000,251,247,1,253,254,255,125
91,000,251,247,2,251,255,255,239
91,000,251,247,3,255,254,255,255
91,000,251,247,4,245,85,95,191
91,000,251,247,5,250,170,170,170
91,000,251,247,6,170,170,170,170
91,100,175,255,0,255,250,175,255
91,100,175,255,1,255,255,255,255
91,100,175,255,2,255,255,253,253
91,100,175,255,3,95,171,251,253
91,100,175,255,4,247,239,253,254
91,100,175,255,5,255,125,251,255
91,100,175,255,6,255,239,255,254
91,010,255,255,0,245,85,95,191
91,010,255,255,1,250,170,170,170
91,010,255,255,2,170,170,170,170
91,010,255,255,3,175,255,255,250
91,010,255,255,4,175,255,255,255
91,010,255,255,5,255,255,255,255
91,010,255,255,6,253,255,127,191
91,110,191,191,0,127,190,251,123
91,110,191,191,1,239,223,239,255
91,110,191,191,2,126,247,191,254
91,110,191,191,3,255,255,245,85
91,110,191,191,4,95,191,250,170
91,110,191,191,5,170,170,170,170
91,110,191,191,6,170,170,175,255
91,001,255,250,0,175,255,255,255
91,001,255,250,1,255,255,255,255
91,001,255,250,2,254,253,221,246
91,001,255,250,3,251,253,247,183
91,001,255,250,4,251,123,239,219
91,001,255,250,5,246,253,221,187
91,001,255,250,6,219,254,255,255
91,101,181,85,0,95,191,213,85
91,101,181,85,1,85,85,85,85
91,101,181,85,2,85,85,95,255
91,101,181,85,3,255,245,95,255
91,101,181,85,4,255,255,255,255
91,101,181,85,5,255,255,251,127
91,101,181,85,6,109,250,251,253
91,011,247,187,0,251,187,239,215
91,011,247,187,1,239,191,190,253
91,011,247,187,2,175,254,255,255
91,011,247,187,3,122,170,175,255
91,011,247,187,4,218,170,170,170
91,011,247,187,5,170,170,170,170
91,011,247,187,6,175,255,255,250
91,111,175,255,0,255,255,255,255
91,111,175,255,1,255,255,254,223
91,111,175,255,2,181,246,191,191
91,111,175,255,3,127,118,245,94
91,111,175,255,4,254,219,239,246
91,111,175,255,5,221,86,255,254
91,111,175,255,6,255,255,117,85
92,000,175,223,0,237,247,255,122
92,000,175,223,1,190,223,223,246
92,000,175,223,2,250,255,126,223
92,000,175,223,3,251,186,219,234
92,000,175,223,4,239,93,223,253
92,000,175,223,5,223,109,183,239
92,000,175,223,6,219,235,110,246
92,100,189,174,0,223,238,237,221
92,100,189,174,1,186,191,123,255
92,100,189,174,2,237,239,183,90
92,100,189,174,3,239,181,219,251
92,100,189,174,4,127,110,183,238
92,100,189,174,5,251,221,222,187
92,100,189,174,6,254,247,191,183
92,010,238,254,0,239,127,111,221
92,010,238,254,1,214,251,247,126
92,010,238,254,2,223,219,238,251
92,010,238,254,3,215,251,237,127
92,010,238,254,4,191,239,223,191
92,010,238,254,5,215,245,125,91
92,010,238,254,6,247,126,239,119
92,110,238,253,0,214,237,214,223
92,110,238,253,1,191,222,223,119
92,110,238,253,2,214,245,190,239
92,110,238,253,3,125,246,255,127
92,110,238,253,4,221,253,190,239
92,110,238,253,5,189,187,250,245
92,110,238,253,6,237,247,247,253
92,001,238,255,0,235,234,181,213
92,001,238,255,1,182,183,127,91
92,001,238,255,2,247,91,191,117
92,001,238,255,3,239,253,223,186
92,001,238,255,4,239,251,189,219
92,001,238,255,5,189,247,246,246
92,001,238,255,6,255,119,214,254
92,101,239,223,0,173,247,125,238
92,101,239,223,1,175,127,182,239
92,101,239,223,2,239,239,219,255
92,101,239,223,3,125,239,254,255
92,101,239,223,4,222,255,253,109
92,101,239,223,5,127,126,175,126
92,101,239,223,6,239,223,238,247
92,011,125,237,0,237,238,235,251
92,011,125,237,1,223,175,215,123
92,011,125,237,2,190,183,219,238
92,011,125,237,3,237,126,237,255
92,011,125,237,4,221,126,239,126
92,011,125,237,5,190,255,95,175
92,011,125,237,6,251,245,247,181
92,111,181,255,0,222,213,118,187
92,111,181,255,1,127,254,239,126
92,111,181,255,2,221,119,187,175
92,111,181,255,3,221,126,183,183
92,111,181,255,4,239,221,125,111
92,111,181,255,5,190,245,251,183
92,111,181,255,6,238,251,247,127
93,000,223,221,0,191,186,253,126
93,000,223,221,1,254,215,247,191
93,000,223,221,2,175,223,117,245
93,000,223,221,3,187,183,221,182
93,000,223,221,4,223,215,109,215
93,000,223,221,5,186,247,94,219
93,000,223,221,6,219,110,183,239
93,100,127,118,0,223,111,91,107
93,100,127,118,1,106,235,93,126
93,100,127,118,2,250,247,93,182
93,100,127,118,3,219,110,187,109
93,100,127,118,4,235,214,222,219
93,100,127,118,5,223,222,239,251
93,100,127,118,6,126,255,183,189
93,010,253,182,0,223,253,237,247
93,010,253,182,1,181,247,219,95
93,010,253,182,2,125,219,111,239
93,010,253,182,3,91,190,186,245
93,010,253,182,4,174,183,106,235
93,010,253,182,5,118,254,254,247
93,010,253,182,6,221,182,221,219
93,110,109,247,0,187,190,191,239
93,110,109,247,1,125,253,187,247
93,110,109,247,2,123,191,119,187
93,110,109,247,3,253,183,223,223
93,110,109,247,4,221,247,247,247
93,110,109,247,5,223,127,125,239
93,110,109,247,6,127,175,127,183
93,001,245,187,0,254,182,191,235
93,001,245,187,1,187,125,125,254
93,001,245,187,2,253,191,125,238
93,001,245,187,3,253,247,237,239
93,001,245,187,4,126,223,239,223
93,001,245,187,5,223,247,125,255
93,001,245,187,6,119,222,251,182
93,101,255,223,0,253,245,127,175
93,101,255,223,1,238,189,253,110
93,101,255,223,2,183,247,174,223
93,101,255,223,3,85,93,173,187
93,101,255,223,4,218,219,189,254
93,101,255,223,5,253,223,214,235
93,101,255,223,6,222,187,111,90
93,011,234,234,0,215,221,247,253
93,011,234,234,1,191,189,247,189
93,011,234,234,2,247,174,246,215
93,011,234,234,3,223,127,223,93
93,011,234,234,4,119,221,222,190
93,011,234,234,5,239,109,119,255
93,011,234,234,6,107,219,109,123
93,111,87,110,0,245,118,239,127
93,111,87,110,1,247,238,246,253
93,111,87,110,2,253,191,189,246
93,111,87,110,3,238,239,110,253
93,111,87,110,4,213,125,251,215
93,111,87,110,5,127,250,191,119
93,111,87,110,6,238,213,94,171
94,000,222,239,0,190,255,251,239
94,000,222,239,1,187,219,255,254
94,000,222,239,2,239,255,214,255
94,000,222,239,3,255,250,187,223
94,000,222,239,4,255,253,170,174
94,000,222,239,5,246,170,239,106
94,000,222,239,6,171,191,255,255
94,100,245,95,0,255,255,255,255
94,100,245,95,1,255,255,255,251
94,100,245,95,2,190,251,238,251
94,100,245,95,3,251,189,239,239
94,100,245,95,4,254,254,239,123
94,100,245,95,5,255,255,255,255
94,100,245,95,6,254,255,255,250
94,010,187,223,0,255,253,170,174
94,010,187,223,1,246,170,239,106
94,010,187,223,2,171,191,255,255
94,010,187,223,3,245,95,255,255
94,010,187,223,4,255,255,255,255
94,010,187,223,5,255,251,190,251
94,010,187,223,6,238,251,251,189
94,110,239,239,0,254,254,239,123
94,110,239,239,1,255,255,255,255
94,110,239,239,2,254,255,255,250
94,110,239,239,3,187,223,255,253
94,110,239,239,4,170,174,246,170
94,110,239,239,5,239,106,171,191
94,110,239,239,6,255,255,245,95
94,001,255,255,0,255,255,255,255
94,001,255,255,1,255,251,190,251
94,001,255,255,2,238,251,251,189
94,001,255,255,3,239,239,254,254
94,001,255,255,4,239,123,255,255
94,001,255,255,5,255,255,254,255
94,001,255,255,6,255,250,187,223
94,101,255,253,0,170,174,246,170
94,101,255,253,1,239,106,171,191
94,101,255,253,2,255,255,245,95
94,101,255,253,3,255,255,255,255
94,101,255,253,4,255,255,255,251
94,101,255,253,5,190,251,238,251
94,101,255,253,6,251,189,239,239
94,011,254,254,0,239,123,255,255
94,011,254,254,1,255,255,254,255
94,011,254,254,2,255,250,187,223
94,011,254,254,3,255,253,170,174
94,011,254,254,4,246,170,239,106
94,011,254,254,5,171,191,255,255
94,011,254,254,6,245,95,255,255
94,111,255,255,0,255,255,255,251
94,111,255,255,1,190,251,238,251
94,111,255,255,2,251,189,239,239
94,111,255,255,3,254,254,239,123
94,111,255,255,4,255,255,255,255
94,111,255,255,5,254,255,255,250
94,111,255,255,6,187,223,255,253
95,000,171,250,0,247,246,253,222
95,000,171,250,1,247,234,255,239
95,000,171,250,2,223,254,255,239
95,000,171,250,3,175,235,127,190
95,000,171,250,4,218,187,239,95
95,000,171,250,5,94,255,223,186
95,000,171,250,6,175,91,171,183
95,100,251,239,0,119,247,223,87
95,100,251,239,1,234,235,189,190
95,100,251,239,2,175,235,127,127
95,100,251,239,3,219,221,247,119
95,100,251,239,4,254,255,247,222
95,100,251,239,5,223,239,245,123
95,100,251,239,6,123,183,253,253
95,010,223,171,0,247,170,173,247
95,010,223,171,1,127,239,247,223
95,010,223,171,2,238,171,245,247
95,010,223,171,3,253,93,183,191
95,010,223,171,4,111,171,245,106
95,010,223,171,5,189,247,221,245
95,010,223,171,6,223,125,239,255
95,110,123,223,0,127,239,247,183
95,110,123,223,1,183,221,234,246
95,110,123,223,2,255,239,125,187
95,110,123,223,3,95,171,247,127
95,110,123,223,4,239,253,254,255
95,110,123,223,5,245,122,239,222
95,110,123,223,6,245,111,122,219
95,001,245,126,0,175,171,245,125
95,001,245,126,1,255,253,85,85
95,001,245,126,2,86,237,85,127
95,001,245,126,3,239,223,127,239
95,001,245,126,4,234,191,86,238
95,001,245,126,5,250,213,125,251
95,001,245,126,6,250,170,175,171
95,101,245,127,0,239,253,94,255
95,101,245,127,1,223,186,174,250
95,101,245,127,2,222,183,253,245
95,101,245,127,3,250,191,95,87
95,101,245,127,4,234,250,175,254
95,101,245,127,5,215,219,237,125
95,101,245,127,6,175,127,235,111
95,011,127,239,0,245,126,175,215
95,011,127,239,1,245,126,247,222
95,011,127,239,2,255,253,127,87
95,011,127,239,3,239,247,254,255
95,011,127,239,4,223,239,253,255
95,011,127,239,5,191,213,173,119
95,011,127,239,6,255,171,245,126
95,111,175,171,0,245,126,175,253
95,111,175,171,1,255,238,191,251
95,111,175,171,2,255,127,235,239
95,111,175,171,3,127,239,245,126
95,111,175,171,4,175,213,245,126
95,111,175,171,5,175,213,254,238
95,111,175,171,6,255,87,239,119
96,000,125,239,0,254,254,239,123
96,000,125,239,1,255,255,255,127
96,000,125,239,2,234,191,255,117
96,000,125,239,3,110,255,191,255
96,000,125,239,4,85,91,189,85
96,000,125,239,5,187,213,86,239
96,000,125,239,6,255,255,250,175
96,100,255,255,0,255,255,255,255
96,100,255,255,1,255,254,246,235
96,100,255,255,2,187,221,94,239
96,100,255,255,3,175,127,251,126
96,100,255,255,4,239,125,255,254
96,100,255,255,5,219,255,221,191
96,100,255,255,6,255,85,110,245
96,010,191,255,0,85,91,189,85
96,010,191,255,1,187,213,86,239
96,010,191,255,2,255,255,250,175
96,010,191,255,3,255,255,255,255
96,010,191,255,4,255,255,255,254
96,010,191,255,5,246,238,238,253
96,010,191,255,6,123,189,186,255
96,110,251,239,0,187,237,255,255
96,110,251,239,1,119,255,235,127
96,110,251,239,2,255,117,110,255
96,110,251,239,3,191,255,85,91
96,110,251,239,4,189,85,187,213
96,110,251,239,5,86,239,255,255
96,110,251,239,6,250,175,255,255
96,001,255,255,0,255,255,255,254
96,001,255,255,1,247,173,238,250
96,001,255,255,2,251,189,174,255
96,001,255,255,3,251,239,187,219
96,001,255,255,4,255,255,190,255
96,001,255,255,5,245,223,255,250
96,001,255,255,6,187,223,255,253
96,101,170,174,0,246,170,239,106
96,101,170,174,1,171,191,255,255
96,101,170,174,2,245,95,255,255
96,101,170,174,3,255,255,255,255
96,101,170,174,4,255,251,190,253
96,101,170,174,5,238,253,126,239
96,101,170,174,6,87,239,254,254
96,011,239,123,0,255,254,239,255
96,011,239,123,1,254,255,255,250
96,011,239,123,2,187,223,255,253
96,011,239,123,3,170,174,246,170
96,011,239,123,4,239,106,171,191
96,011,239,123,5,255,255,245,95
96,011,239,123,6,255,255,255,255
96,111,255,255,0,255,251,189,95
96,111,255,255,1,187,223,190,239
96,111,255,255,2,125,239,254,254
96,111,255,255,3,239,123,255,255
96,111,255,255,4,255,255,254,255
96,111,255,255,5,255,250,187,223
96,111,255,255,6,255,253,170,174
97,000,239,255,0,191,187,247,255
97,000,239,255,1,254,253,255,221
97,000,239,255,2,191,255,183,187
97,000,239,255,3,219,127,253,221
97,000,239,255,4,238,247,123,187
97,000,239,255,5,221,238,239,255
97,000,239,255,6,255,253,223,255
97,100,255,255,0,255,255,255,255
97,100,255,255,1,254,247,119,187
97,100,255,255,2,221,238,239,119
97,100,255,255,3,191,247,123,187
97,100,255,255,4,223,255,255,255
97,100,255,255,5,255,255,255,255
97,100,255,255,6,254,238,255,255
97,010,253,221,0,238,247,123,187
97,010,253,221,1,221,238,239,255
97,010,253,221,2,255,253,223,255
97,010,253,221,3,255,255,255,255
97,010,253,221,4,255,255,254,247
97,010,253,221,5,119,187,221,238
97,010,253,221,6,239,119,191,247
97,110,123,187,0,223,255,255,255
97,110,123,187,1,255,255,255,255
97,110,123,187,2,254,238,255,255
97,110,123,187,3,253,221,238,247
97,110,123,187,4,123,187,221,238
97,110,123,187,5,239,255,255,253
97,110,123,187,6,223,255,255,255
97,001,255,255,0,255,255,254,247
97,001,255,255,1,119,187,221,238
97,001,255,255,2,239,119,191,247
97,001,255,255,3,123,187,223,255
97,001,255,255,4,255,255,255,255
97,001,255,255,5,255,255,254,238
97,001,255,255,6,255,255,253,221
97,101,238,247,0,123,187,221,238
97,101,238,247,1,239,255,255,253
97,101,238,247,2,223,255,255,255
97,101,238,247,3,255,255,255,255
97,101,238,247,4,254,247,119,187
97,101,238,247,5,221,238,239,119
97,101,238,247,6,191,247,123,187
97,011,223,255,0,255,255,255,255
97,011,223,255,1,255,255,254,238
97,011,223,255,2,255,255,253,221
97,011,223,255,3,238,247,123,187
97,011,223,255,4,221,238,239,255
97,011,223,255,5,255,253,223,255
97,011,223,255,6,255,255,255,255
97,111,255,255,0,254,247,119,187
97,111,255,255,1,221,238,239,119
97,111,255,255,2,191,247,123,187
97,111,255,255,3,223,255,255,255
97,111,255,255,4,255,255,255,255
97,111,255,255,5,254,238,255,255
97,111,255,255,6,253,221,238,247
98,000,251,254,0,239,119,223,255
98,000,251,254,1,255,255,213,111
98,000,251,254,2,255,251,187,223
98,000,251,254,3,247,255,174,238
98,000,251,254,4,246,254,239,119
98,000,251,254,5,251,190,182,255
98,000,251,254,6,255,255,255,250
98,100,255,250,0,223,255,219,123
98,100,255,250,1,189,246,238,255
98,100,255,250,2,222,239,222,239
98,100,255,250,3,255,127,187,251
98,100,255,250,4,223,255,247,127
98,100,255,250,5,253,239,255,254
98,100,255,250,6,238,253,223,253
98,010,237,238,0,247,94,239,122
98,010,237,238,1,251,191,183,255
98,010,237,238,2,246,191,255,93
98,010,237,238,3,191,251,119,255
98,010,237,238,4,250,254,246,170
98,010,237,238,5,187,218,171,189
98,010,237,238,6,170,175,250,170
98,110,239,110,0,255,255,187,255
98,110,239,110,1,245,127,255,109
98,110,239,110,2,187,221,191,253
98,110,239,110,3,253,238,247,219
98,110,239,110,4,187,222,219,189
98,110,239,110,5,86,255,255,191
98,110,239,110,6,255,171,191,250
98,001,183,255,0,245,187,189,182
98,001,183,255,1,238,245,219,189
98,001,183,255,2,215,191,246,222
98,001,183,255,3,239,117,223,255
98,001,183,255,4,213,255,255,119
98,001,183,255,5,255,246,238,255
98,001,183,255,6,223,253,235,187
98,101,191,91,0,187,245,110,239
98,101,191,91,1,254,255,253,95
98,101,191,91,2,255,251,223,255
98,101,191,91,3,247,255,254,251
98,101,191,91,4,190,186,238,245
98,101,191,91,5,219,189,174,239
98,101,191,91,6,250,238,239,123
98,011,255,253,0,125,255,215,223
98,011,255,253,1,255,181,187,222
98,011,255,253,2,251,255,125,187
98,011,255,253,3,189,238,239,117
98,011,255,253,4,174,239,213,255
98,011,255,253,5,250,215,255,170
98,011,255,253,6,255,245,183,255
98,111,250,251,0,189,181,187,219
98,111,250,251,1,91,189,214,239
98,111,250,251,2,253,110,239,117
98,111,250,251,3,223,255,215,127
98,111,250,251,4,253,119,255,247
98,111,250,251,5,110,254,183,253
98,111,250,251,6,170,187,189,182
99,000,94,175,0,214,247,127,85
99,000,94,175,1,221,223,190,171
99,000,94,175,2,171,219,238,251
99,000,94,175,3,222,238,246,221
99,000,94,175,4,189,181,237,118
99,000,94,175,5,187,238,250,187
99,000,94,175,6,111,174,250,223
99,100,191,223,0,215,189,125,222
99,100,191,223,1,215,125,117,189
99,100,191,223,2,174,250,245,94
99,100,191,223,3,238,219,181,126
99,100,191,223,4,175,175,123,190
99,100,191,223,5,239,94,245,214
99,100,191,223,6,223,173,245,215
99,010,109,182,0,182,218,219,93
99,010,109,182,1,111,183,245,93
99,010,109,182,2,119,222,245,125
99,010,109,182,3,94,173,235,189
99,010,109,182,4,119,109,181,182
99,010,109,182,5,219,91,107,109
99,010,109,182,6,186,187,183,90
99,110,234,213,0,239,174,247,189
99,110,234,213,1,127,93,237,234
99,110,234,213,2,218,247,219,213
99,110,234,213,3,186,183,175,171
99,110,234,213,4,117,111,87,254
99,110,234,213,5,246,237,95,222
99,110,234,213,6,250,234,234,247
99,001,215,189,0,90,183,93,173
99,001,215,189,1,181,110,187,127
99,001,215,189,2,123,125,91,214
99,001,215,189,3,250,255,109,125
99,001,215,189,4,183,191,234,251
99,001,215,189,5,86,214,223,237
99,001,215,189,6,253,173,190,223
99,101,239,215,0,125,223,218,237
99,101,239,215,1,173,223,106,245
99,101,239,215,2,175,125,223,125
99,101,239,215,3,239,189,251,183
99,101,239,215,4,93,182,223,219
99,101,239,215,5,109,214,234,237
99,101,239,215,6,219,253,117,221
99,011,247,213,0,253,221,239,171
99,011,247,213,1,238,246,187,183
99,011,247,213,2,189,237,125,247
99,011,247,213,3,94,215,111,110
99,011,247,213,4,183,223,123,94
99,011,247,213,5,255,111,237,111
99,011,247,213,6,247,251,85,247
99,111,238,247,0,238,218,250,238
99,111,238,247,1,239,119,189,191
99,111,238,247,2,123,237,255,254
99,111,238,247,3,251,219,221,253
99,111,238,247,4,187,183,118,247
99,111,238,247,5,223,191,237,239
99,111,238,247,6,182,222,247,239
100,000,239,107,0,255,253,222,255
100,000,239,107,1,237,255,255,239
100,000,239,107,2,187,223,95,255
100,000,239,107,3,127,238,247,239
100,000,239,107,4,187,251,174,239
100,000,239,107,5,245,255,247,247
100,000,239,107,6,255,250,191,255
100,100,171,255,0,255,123,190,255
100,100,171,255,1,110,245,174,239
100,100,171,255,2,127,239,255,127
100,100,171,255,3,187,213,127,255
100,100,171,255,4,234,255,238,223
100,100,171,255,5,255,253,187,223
100,100,171,255,6,171,255,127,238
100,010,247,239,0,187,251,187,191
100,010,247,239,1,235,255,247,247
100,010,247,239,2,255,250,191,255
100,010,247,239,3,171,255,255,126
100,010,247,239,4,247,93,187,223
100,010,247,239,5,187,189,247,255
100,010,247,239,6,247,254,239,117
100,110,127,253,0,118,255,247,127
100,110,127,253,1,255,254,238,255
100,110,127,253,2,87,253,247,251
100,110,127,253,3,191,190,239,119
100,110,127,253,4,187,191,234,255
100,110,127,253,5,255,127,255,250
100,110,127,253,6,191,255,171,255
100,001,235,110,0,247,254,238,255
100,001,235,110,1,94,239,127,239
100,001,235,110,2,255,127,187,218
100,001,235,110,3,191,254,235,255
100,001,235,110,4,235,127,255,253
100,001,235,110,5,238,255,87,253
100,001,235,110,6,247,251,190,239
100,101,187,238,0,251,189,118,255
100,101,187,238,1,255,127,255,250
100,101,187,238,2,191,255,171,255
100,101,187,238,3,247,123,191,93
100,101,187,238,4,238,253,190,239
100,101,187,238,5,127,239,255,127
100,101,187,238,6,187,213,127,253
100,011,215,255,0,245,127,255,254
100,011,215,255,1,238,255,87,253
100,011,215,255,2,221,238,247,123
100,011,215,255,3,187,221,238,239
100,011,215,255,4,255,255,253,223
100,011,215,255,5,255,255,255,255
100,011,215,255,6,255,255,255,254
100,111,247,119,0,187,221,238,239
100,111,247,119,1,119,191,247,123
100,111,247,119,2,187,223,255,255
100,111,247,119,3,255,255,255,255
100,111,247,119,4,255,254,238,255
100,111,247,119,5,255,253,221,238
100,111,247,119,6,247,123,187,221
101,000,247,255,0,253,183,255,235
101,000,247,255,1,111,255,218,187
101,000,247,255,2,223,183,255,85
101,000,247,255,3,91,189,94,239
101,000,247,255,4,127,251,189,251
101,000,247,255,5,255,255,255,255
101,000,247,255,6,187,255,254,191
101,100,255,254,0,190,246,239,187
101,100,255,254,1,221,123,189,255
101,100,255,254,2,255,255,254,239
101,100,255,254,3,126,255,254,221
101,100,255,254,4,255,251,223,255
101,100,255,254,5,234,187,222,223
101,100,255,254,6,255,85,91,189
101,010,94,239,0,117,254,239,183
101,010,94,239,1,255,255,255,255
101,010,94,239,2,223,255,245,127
101,010,94,239,3,255,246,251,190
101,010,94,239,4,219,238,245,86
101,010,94,239,5,239,255,239,250
101,010,94,239,6,170,239,111,255
101,110,255,119,0,255,235,255,255
101,110,255,119,1,247,187,222,223
101,110,255,119,2,255,119,187,189
101,110,255,119,3,222,239,119,123
101,110,255,119,4,191,255,255,247
101,110,255,119,5,127,255,255,255
101,110,255,119,6,255,255,255,255
101,001,251,189,0,222,238,247,123
101,001,251,189,1,189,221,239,253
101,001,251,189,2,222,239,127,255
101,001,251,189,3,255,255,255,255
101,001,251,189,4,255,255,247,187
101,001,251,189,5,223,255,255,119
101,001,251,189,6,187,189,222,239
101,101,119,123,0,191,255,255,247
101,101,119,123,1,127,255,255,255
101,101,119,123,2,255,255,255,255
101,101,119,123,3,251,189,222,238
101,101,119,123,4,247,123,189,221
101,101,119,123,5,239,253,222,239
101,101,119,123,6,127,255,255,255
101,011,255,255,0,255,255,247,187
101,011,255,255,1,223,255,255,119
101,011,255,255,2,187,189,222,239
101,011,255,255,3,119,123,191,255
101,011,255,255,4,255,247,127,255
101,011,255,255,5,255,255,255,255
101,011,255,255,6,255,255,251,189
101,111,222,238,0,247,123,189,221
101,111,222,238,1,239,253,222,239
101,111,222,238,2,127,255,255,255
101,111,222,238,3,255,255,255,255
101,111,222,238,4,247,187,223,255
101,111,222,238,5,255,119,187,189
101,111,222,238,6,222,239,119,123
102,000,238,223,0,222,253,253,239
102,000,238,223,1,255,119,222,247
102,000,238,223,2,95,222,187,119
102,000,238,223,3,111,190,189,239
102,000,238,223,4,125,239,218,251
102,000,238,223,5,85,239,181,239
102,000,238,223,6,125,239,237,253
102,100,191,87,0,111,191,119,237
102,100,191,87,1,122,190,187,123
102,100,191,87,2,87,215,125,223
102,100,191,87,3,125,239,218,246
102,100,191,87,4,234,223,85,245
102,100,191,87,5,222,189,223,187
102,100,191,87,6,123,239,126,247
102,010,238,247,0,93,183,239,125
102,010,238,247,1,239,122,219,222
102,010,238,247,2,251,218,247,94
102,010,238,247,3,235,174,239,186
102,010,238,247,4,219,91,174,235
102,010,238,247,5,175,127,94,247
102,010,238,247,6,222,247,123,191
102,110,191,93,0,253,247,223,173
102,110,191,93,1,181,187,239,117
102,110,191,93,2,214,250,223,111
102,110,191,93,3,117,239,219,247
102,110,191,93,4,235,253,91,173
102,110,191,93,5,219,221,251,190
102,110,191,93,6,222,237,238,213
102,001,190,214,0,253,250,219,91
102,001,190,214,1,250,251,122,223
102,001,190,214,2,91,215,125,247
102,001,190,214,3,213,219,254,175
102,001,190,214,4,235,218,170,175
102,001,190,214,5,119,234,170,170
102,001,190,214,6,170,170,170,170
102,101,170,173,0,237,189,181,91
102,101,170,173,1,219,123,111,111
102,101,170,173,2,91,235,125,111
102,101,170,173,3,251,255,127,239
102,101,170,173,4,247,254,255,223
102,101,170,173,5,95,253,223,191
102,101,170,173,6,107,214,189,174
102,011,215,173,0,123,85,126,218
102,011,215,173,1,246,186,170,170
102,011,215,173,2,170,170,170,170
102,011,215,173,3,170,175,109,221
102,011,215,173,4,117,91,219,219
102,011,215,173,5,127,214,183,109
102,011,215,173,6,251,250,189,110
102,111,245,223,0,254,175,213,238
102,111,245,223,1,221,94,215,126
102,111,245,223,2,237,189,118,239
102,111,245,223,3,126,254,253,213
102,111,245,223,4,111,223,239,186
102,111,245,223,5,223,181,85,85
102,111,245,223,6,85,95,122,175
103,000,255,255,0,255,254,255,255
103,000,255,255,1,255,110,255,191
103,000,255,255,2,255,186,187,189
103,000,255,255,3,214,239,125,91
103,000,255,255,4,191,251,255,250
103,000,255,255,5,223,255,239,255
103,000,255,255,6,255,191,255,251
103,100,251,190,0,182,238,253,238
103,100,251,190,1,239,239,223,255
103,100,251,190,2,182,239,111,255
103,100,251,190,3,253,118,255,250
103,100,251,190,4,191,255,255,110
103,100,251,190,5,251,95,253,187
103,100,251,190,6,110,246,235,187
103,010,223,110,0,239,239,127,253
103,010,223,110,1,255,255,239,223
103,010,223,110,2,253,119,255,245
103,010,223,110,3,222,247,119,187
103,010,223,110,4,223,91,189,189
103,010,223,110,5,111,254,246,239
103,010,223,110,6,118,191,255,223
103,110,127,255,0,119,255,181,187
103,110,127,255,1,218,175,253,189
103,110,127,255,2,187,189,126,239
103,110,127,255,3,111,110,238,189
103,110,127,255,4,255,245,239,255
103,110,127,255,5,221,191,255,123
103,110,127,255,6,255,247,110,247
103,001,213,187,0,222,187,189,245
103,001,213,187,1,191,255,91,187
103,001,213,187,2,255,127,253,125
103,001,213,187,3,255,250,247,255
103,001,213,187,4,221,187,223,239
103,001,213,187,5,253,218,238,247
103,001,213,187,6,187,187,253,110
103,101,238,221,0,255,255,95,255
103,101,238,221,1,182,255,245,183
103,101,238,221,2,255,251,126,246
103,101,238,221,3,253,187,218,238
103,101,238,221,4,239,125,191,245
103,101,238,221,5,94,239,107,255
103,101,238,221,6,254,219,255,221
103,011,191,255,0,221,187,219,223
103,011,191,255,1,253,222,238,247
103,011,191,255,2,123,187,251,238
103,011,191,255,3,239,245,255,245
103,011,191,255,4,255,255,87,127
103,011,191,255,5,245,247,255,213
103,011,191,255,6,219,189,246,238
103,111,247,238,0,239,110,239,251
103,111,247,238,1,222,239,111,191
103,111,247,238,2,254,171,255,223
103,111,247,238,3,239,255,255,187
103,111,247,238,4,222,255,253,223
103,111,247,238,5,238,247,126,239
103,111,247,238,6,122,251,189,181
104,000,239,255,0,255,255,255,125
104,000,239,255,1,238,255,191,255
104,000,239,255,2,191,123,190,254
104,000,239,255,3,239,119,251,189
104,000,239,255,4,91,255,247,255
104,000,239,255,5,255,87,255,255
104,000,239,255,6,111,255,247,123
104,100,190,255,0,187,223,251,189
104,100,190,255,1,191,239,251,254
104,100,190,255,2,239,109,127,254
104,100,190,255,3,173,255,255,95
104,100,190,255,4,255,254,238,255
104,100,190,255,5,111,253,247,187
104,100,190,255,6,189,251,187,221
104,010,238,238,0,189,255,247,223
104,010,238,238,1,255,186,255,245
104,010,238,238,2,187,255,255,123
104,010,238,238,3,189,222,238,251
104,010,238,238,4,238,239,215,191
104,010,238,238,5,245,85,187,223
104,010,238,238,6,127,255,126,255
104,110,235,223,0,255,174,238,247
104,110,235,223,1,119,255,85,91
104,110,235,223,2,191,213,187,213
104,110,235,223,3,86,239,251,255
104,110,235,223,4,245,95,255,123
104,110,235,223,5,127,251,111,255
104,110,235,223,6,222,222,247,238
104,001,238,245,0,86,239,85,95
104,001,238,245,1,245,85,187,214
104,001,238,245,2,255,253,125,255
104,001,238,245,3,218,223,255,182
104,001,238,245,4,238,247,183,255
104,001,238,245,5,213,187,189,219
104,001,238,245,6,187,245,110,239
104,101,247,255,0,253,87,255,255
104,101,247,255,1,127,255,221,255
104,101,247,255,2,255,222,246,235
104,101,247,255,3,187,218,187,189
104,101,247,255,4,253,191,245,91
104,101,247,255,5,187,213,255,255
104,101,247,255,6,251,127,253,175
104,011,255,218,0,238,254,239,253
104,011,255,218,1,221,187,191,246
104,011,255,218,2,239,119,110,239
104,011,255,218,3,94,255,253,223
104,011,255,218,4,255,238,223,255
104,011,255,218,5,247,255,251,251
104,011,255,218,6,191,221,187,219
104,111,219,189,0,221,191,250,246
104,111,219,189,1,239,125,223,255
104,111,219,189,2,245,255,255,119
104,111,219,189,3,255,250,187,223
104,111,219,189,4,251,253,218,187
104,111,219,189,5,189,86,239,118
104,111,219,189,6,174,239,189,255
105,000,255,247,0,127,255,117,187
105,000,255,247,1,223,175,255,173
105,000,255,247,2,187,189,235,187
105,000,255,247,3,235,246,239,239
105,000,255,247,4,255,251,183,255
105,000,255,247,5,187,127,255,171
105,000,255,247,6,255,255,126,246
105,100,214,238,0,247,251,189,181
105,100,214,238,1,191,255,91,187
105,100,214,238,2,218,255,254,245
105,100,214,238,3,255,251,255,255
105,100,214,238,4,189,187,223,119
105,100,214,238,5,255,107,110,247
105,100,214,238,6,86,239,119,91
105,010,191,175,0,127,253,95,255
105,010,191,175,1,235,223,255,255
105,010,191,175,2,255,253,251,191
105,010,191,175,3,237,187,223,219
105,010,191,175,4,189,187,191,247
105,010,191,175,5,219,187,223,127
105,010,191,175,6,254,215,255,237
105,110,191,255,0,110,238,250,191
105,110,191,255,1,253,247,110,247
105,110,191,255,2,214,239,126,219
105,110,191,255,3,191,119,255,247
105,110,191,255,4,223,255,251,127
105,110,191,255,5,253,119,255,253
105,110,191,255,6,222,247,93,187
105,001,223,110,0,239,173,239,255
105,001,223,110,1,110,239,122,255
105,001,223,110,2,253,90,255,255
105,001,223,110,3,223,255,86,238
105,001,223,110,4,245,91,255,118
105,001,223,110,5,238,247,187,187
105,001,223,110,6,223,110,238,253
105,101,255,253,0,223,255,111,255
105,101,255,253,1,255,95,255,234
105,101,255,253,2,251,189,235,187
105,101,255,253,3,223,238,239,214
105,101,255,253,4,239,255,251,187
105,101,255,253,5,247,255,255,215
105,101,255,253,6,255,247,239,255
105,011,222,238,0,247,251,255,109
105,011,222,238,1,238,247,91,187
105,011,222,238,2,221,187,189,109
105,011,222,238,3,255,255,111,255
105,011,222,238,4,221,255,255,171
105,011,222,238,5,255,255,254,247
105,011,222,238,6,190,238,247,187
105,111,189,239,0,191,253,238,239
105,111,189,239,1,126,255,255,123
105,111,189,239,2,255,238,255,255
105,111,189,239,3,119,187,219,191
105,111,189,239,4,253,221,238,247
105,111,189,239,5,123,187,213,123
105,111,189,239,6,189,254,255,250
106,000,253,186,0,215,219,191,117
106,000,253,186,1,183,239,190,253
106,000,253,186,2,253,255,111,251
106,000,253,186,3,239,191,215,250
106,000,253,186,4,251,238,251,251
106,000,253,186,5,255,255,191,189
106,000,253,186,6,253,119,223,93
106,100,214,219,0,110,183,239,250
106,100,214,219,1,251,239,191,239
106,100,214,219,2,255,127,107,239
106,100,214,219,3,118,189,123,246
106,100,214,219,4,254,223,255,183
106,100,214,219,5,239,247,223,255
106,100,214,219,6,239,247,187,239
106,010,255,255,0,190,250,251,251
106,010,255,255,1,255,255,191,175
106,010,255,255,2,127,247,223,171
106,010,255,255,3,218,221,109,183
106,010,255,255,4,239,251,251,239
106,010,255,255,5,175,239,255,127
106,010,255,255,6,125,235,221,250
106,110,219,246,0,214,223,254,247
106,110,219,246,1,174,245,222,190
106,110,219,246,2,223,213,190,239
106,110,219,246,3,189,247,186,237
106,110,219,246,4,109,255,255,127
106,110,219,246,5,255,189,238,245
106,110,219,246,6,223,125,190,223
106,001,111,175,0,87,235,186,239
106,001,111,175,1,111,223,255,127
106,001,111,175,2,93,235,234,250
106,001,111,175,3,251,246,235,127
106,001,111,175,4,191,183,174,245
106,001,111,175,5,223,95,123,245
106,001,111,175,6,186,174,221,219
106,101,186,239,0,181,255,255,127
106,101,186,239,1,255,123,109,218
106,101,186,239,2,255,126,255,183
106,101,186,239,3,237,191,87,237
106,101,186,239,4,186,239,247,251
106,101,186,239,5,255,254,183,221
106,101,186,239,6,235,122,237,253
106,011,247,191,0,191,187,174,245
106,011,247,191,1,223,255,87,251
106,011,247,191,2,223,189,251,191
106,011,247,191,3,117,127,126,255
106,011,247,191,4,255,127,254,187
106,011,247,191,5,123,222,222,253
106,011,247,191,6,191,95,222,239
106,111,219,251,0,125,191,111,219
106,111,219,251,1,255,254,219,215
106,111,219,251,2,118,221,117,253
106,111,219,251,3,223,95,255,91
106,111,219,251,4,234,253,95,127
106,111,219,251,5,119,239,173,238
106,111,219,251,6,235,182,190,175
107,000,239,255,0,119,222,247,111
107,000,239,255,1,255,94,235,222
107,000,239,255,2,247,118,251,247
107,000,239,255,3,123,245,126,171
107,000,239,255,4,183,234,254,223
107,000,239,255,5,222,247,222,253
107,000,239,255,6,171,222,247,222
107,100,245,85,0,85,94,238,173
107,100,245,85,1,215,186,239,125
107,100,245,85,2,239,218,251,222
107,100,245,85,3,219,219,234,247
107,100,245,85,4,94,247,219,123
107,100,245,85,5,239,126,247,119
107,100,245,85,6,215,90,239,221
107,010,251,182,0,255,171,222,251
107,010,251,182,1,221,183,182,254
107,010,251,182,2,175,127,117,238
107,010,251,182,3,183,91,117,219
107,010,251,182,4,247,238,247,222
107,010,251,182,5,247,123,111,247
107,010,251,182,6,253,253,247,223
107,110,173,181,0,187,239,123,173
107,110,173,181,1,245,190,223,245
107,110,173,181,2,245,110,175,183
107,110,173,181,3,126,191,173,117
107,110,173,181,4,239,189,251,191
107,110,173,181,5,119,213,213,190
107,110,173,181,6,214,218,221,109
107,001,173,253,0,253,93,111,173
107,001,173,253,1,235,251,191,170
107,001,173,253,2,254,255,95,213
107,001,173,253,3,245,85,87,222
107,001,173,253,4,245,85,85,85
107,001,173,253,5,85,85,85,85
107,001,173,253,6,87,253,247,218
107,101,175,251,0,255,125,255,247
107,101,175,251,1,223,127,219,125
107,101,175,251,2,223,109,246,251
107,101,175,251,3,190,219,237,221
107,101,175,251,4,190,239,183,107
107,101,175,251,5,118,221,174,214
107,101,175,251,6,237,187,90,182
107,011,245,187,0,106,170,170,170
107,011,245,187,1,170,170,189,122
107,011,245,187,2,175,183,191,117
107,011,245,187,3,93,187,215,119
107,011,245,187,4,107,222,246,237
107,011,245,187,5,119,247,190,247
107,011,245,187,6,219,239,223,251
107,111,237,223,0,190,255,125,239
107,111,237,223,1,247,87,183,219
107,111,237,223,2,125,223,223,170
107,111,237,223,3,174,251,218,255
107,111,237,223,4,245,86,175,85
107,111,237,223,5,106,250,175,175
107,111,237,223,6,189,255,254,175
108,000,255,253,0,183,255,191,253
108,000,255,253,1,190,247,223,191
108,000,255,253,2,223,123,239,127
108,000,255,253,3,239,219,118,247
108,000,255,253,4,223,182,246,219
108,000,255,253,5,111,239,190,251
108,000,255,253,6,222,253,215,251
108,100,237,251,0,175,247,93,239
108,100,237,251,1,126,219,107,111
108,100,237,251,2,222,175,125,239
108,100,237,251,3,189,86,214,245
108,100,237,251,4,183,237,173,246
108,100,237,251,5,223,95,238,246
108,100,237,251,6,238,191,175,117
108,010,123,111,0,94,234,238,215
108,010,123,111,1,111,239,191,126
108,010,123,111,2,223,93,214,246
108,010,123,111,3,238,187,173,234
108,010,123,111,4,183,111,238,245
108,010,123,111,5,126,215,215,127
108,010,123,111,6,125,239,93,237
108,110,175,191,0,215,235,95,117
108,110,175,191,1,191,126,219,117
108,110,175,191,2,222,255,219,187
108,110,175,191,3,218,215,222,187
108,110,175,191,4,250,174,175,215
108,110,175,191,5,189,122,222,250
108,110,175,191,6,247,245,219,123
108,001,223,125,0,250,222,219,119
108,001,223,125,1,222,175,219,123
108,001,223,125,2,189,119,221,250
108,001,223,125,3,237,254,171,235
108,001,223,125,4,183,117,253,215
108,001,223,125,5,222,247,174,223
108,001,223,125,6,219,238,245,247
108,101,238,247,0,183,123,191,237
108,101,238,247,1,253,189,255,109
108,101,238,247,2,187,191,175,181
108,101,238,247,3,219,251,238,254
108,101,238,247,4,222,215,223,127
108,101,238,247,5,219,125,190,239
108,101,238,247,6,182,250,235,191
108,011,191,235,0,173,246,239,94
108,011,191,235,1,237,118,219,111
108,011,191,235,2,171,218,251,119
108,011,191,235,3,174,219,190,253
108,011,191,235,4,223,237,253,190
108,011,191,235,5,239,90,235,189
108,011,191,235,6,174,181,215,117
108,111,237,191,0,182,245,254,251
108,111,237,191,1,214,251,125,183
108,111,237,191,2,173,239,107,127
108,111,237,191,3,125,254,214,245
108,111,237,191,4,175,94,219,219
108,111,237,191,5,123,111,173,173
108,111,237,191,6,122,215,174,181
109,000,255,251,0,221,223,239,247
109,000,255,251,1,181,247,238,183
109,000,255,251,2,253,239,223,215
109,000,255,251,3,125,117,191,174
109,000,255,251,4,247,235,106,219
109,000,255,251,5,94,253,126,247
109,000,255,251,6,239,251,222,255
109,100,189,251,0,247,239,191,239
109,100,189,251,1,122,254,187,223
109,100,189,251,2,247,255,191,247
109,100,189,251,3,254,247,255,191
109,100,189,251,4,247,191,189,255
109,100,189,251,5,119,86,253,187
109,100,189,251,6,183,94,235,223
109,010,111,87,0,189,186,253,251
109,010,111,87,1,110,247,119,246
109,010,111,87,2,254,223,219,186
109,010,111,87,3,219,191,181,95
109,010,111,87,4,111,118,234,190
109,010,111,87,5,175,170,254,213
109,010,111,87,6,218,187,235,221
109,110,117,118,0,175,186,247,94
109,110,117,118,1,238,247,253,223
109,110,117,118,2,223,187,247,123
109,110,117,118,3,191,213,245,125
109,110,117,118,4,173,187,239,126
109,110,117,118,5,173,175,181,246
109,110,117,118,6,190,255,187,237
109,001,127,234,0,247,94,254,253
109,001,127,234,1,223,247,254,255
109,001,127,234,2,175,251,235,222
109,001,127,234,3,189,123,175,125
109,001,127,234,4,126,222,255,181
109,001,127,234,5,247,122,237,254
109,001,127,234,6,251,247,174,219
109,101,213,239,0,246,183,245,237
109,101,213,239,1,221,221,187,183
109,101,213,239,2,119,125,215,221
109,101,213,239,3,117,183,175,187
109,101,213,239,4,235,106,214,173
109,101,213,239,5,171,237,189,183
109,101,213,239,6,91,175,123,95
109,011,111,94,0,235,221,126,183
109,011,111,94,1,221,190,223,183
109,011,111,94,2,246,247,110,219
109,011,111,94,3,171,107,214,239
109,011,111,94,4,254,246,219,221
109,011,111,94,5,123,175,125,191
109,011,111,94,6,223,94,234,191
109,111,111,247,0,251,223,123,213
109,111,111,247,1,253,219,187,119
109,111,111,247,2,237,239,189,123
109,111,111,247,3,175,255,123,239
109,111,111,247,4,127,253,245,126
109,111,111,247,5,175,181,246,191
109,111,111,247,6,251,247,123,189
110,000,253,182,0,175,251,251,109
110,000,253,182,1,189,187,237,238
110,000,253,182,2,222,183,239,87
110,000,253,182,3,93,127,183,87
110,000,253,182,4,107,106,235,110
110,000,253,182,5,215,109,189,182
110,000,253,182,6,235,182,222,187
110,100,109,181,0,237,123,93,215
110,100,109,181,1,189,123,253,245
110,100,109,181,2,126,175,251,238
110,100,109,181,3,214,223,119,221
110,100,109,181,4,173,181,247,219
110,100,109,181,5,253,251,223,183
110,100,109,181,6,251,171,181,191
110,010,247,87,0,107,181,219,107
110,010,247,87,1,109,111,127,174
110,010,247,87,2,235,123,223,187
110,010,247,87,3,109,187,191,123
110,010,247,87,4,222,247,125,187
110,010,247,87,5,247,125,109,175
110,010,247,87,6,238,253,183,223
110,110,174,187,0,111,189,254,251
110,110,174,187,1,219,238,223,191
110,110,174,187,2,175,90,222,255
110,110,174,187,3,175,91,117,221
110,110,174,187,4,219,173,235,109
110,110,174,187,5,254,253,191,123
110,110,174,187,6,125,251,126,234
110,001,235,251,0,118,235,127,123
110,001,235,251,1,253,253,107,223
110,001,235,251,2,238,246,235,223
110,001,235,251,3,238,183,109,235
110,001,235,251,4,223,215,94,235
110,001,235,251,5,223,215,247,173
110,001,235,251,6,117,239,239,90
110,101,238,247,0,123,183,118,239
110,101,238,247,1,175,235,182,251
110,101,238,247,2,223,215,109,237
110,101,238,247,3,238,238,222,239
110,101,238,247,4,125,191,189,246
110,101,238,247,5,214,223,123,235
110,101,238,247,6,173,254,222,183
110,011,91,235,0,238,247,222,251
110,011,91,235,1,221,239,247,174
110,011,91,235,2,219,239,254,175
110,011,91,235,3,110,247,123,189
110,011,91,235,4,221,239,221,219
110,011,91,235,5,251,222,251,183
110,011,91,235,6,247,183,235,247
110,111,119,223,0,125,251,215,126
110,111,119,223,1,215,111,174,251
110,111,119,223,2,238,191,126,183
110,111,119,223,3,221,117,87,213
110,111,119,223,4,254,255,223,223
110,111,119,223,5,247,107,186,175
110,111,119,223,6,238,215,127,239
111,000,223,255,0,247,119,237,191
111,000,223,255,1,95,223,239,111
111,000,223,255,2,125,118,251,238
111,000,223,255,3,247,190,250,255
111,000,223,255,4,85,110,173,255
111,000,223,255,5,221,191,91,182
111,000,223,255,6,223,111,119,119
111,100,235,110,0,255,187,250,254
111,100,235,110,1,250,221,247,253
111,100,235,110,2,183,221,219,183
111,100,235,110,3,223,191,237,235
111,100,235,110,4,237,254,223,219
111,100,235,110,5,251,111,110,214
111,100,235,110,6,250,254,223,111
111,010,255,125,0,87,110,237,251
111,010,255,125,1,125,254,214,223
111,010,255,125,2,187,111,109,235
111,010,255,125,3,245,111,191,219
111,010,255,125,4,255,126,189,109
111,010,255,125,5,251,251,111,109
111,010,255,125,6,253,181,223,125
111,110,237,251,0,234,222,239,253
111,110,237,251,1,253,239,189,93
111,110,237,251,2,253,239,239,94
111,110,237,251,3,247,125,247,87
111,110,237,251,4,213,250,253,125
111,110,237,251,5,125,245,223,221
111,110,237,251,6,251,238,253,213
111,001,239,95,0,235,255,122,186
111,001,239,95,1,251,250,183,173
111,001,239,95,2,221,182,223,95
111,001,239,95,3,219,214,247,94
111,001,239,95,4,190,221,245,221
111,001,239,95,5,239,181,246,235
111,001,239,95,6,215,222,251,122
111,101,246,190,0,215,251,189,189
111,101,246,190,1,93,182,219,111
111,101,246,190,2,123,214,246,219
111,101,246,190,3,223,123,221,253
111,101,246,190,4,187,218,253,255
111,101,246,190,5,111,186,250,235
111,101,246,190,6,95,189,245,251
111,011,237,125,0,119,239,238,221
111,011,237,125,1,247,255,127,183
111,011,237,125,2,247,174,251,123
111,011,237,125,3,221,95,87,125
111,011,237,125,4,190,238,237,245
111,011,237,125,5,187,111,187,239
111,011,237,125,6,123,173,247,190
111,111,251,127,0,239,239,245,251
111,111,251,127,1,111,90,255,119
111,111,251,127,2,239,93,239,238
111,111,251,127,3,237,110,238,189
111,111,251,127,4,213,94,247,251
111,111,251,127,5,253,181,239,91
111,111,251,127,6,191,186,245,174
112,000,175,237,0,237,255,255,90
112,000,175,237,1,239,221,110,221
112,000,175,237,2,118,214,218,175
112,000,175,237,3,251,221,255,190
112,000,175,237,4,255,95,235,109
112,000,175,237,5,254,182,247,118
112,000,175,237,6,187,109,237,253
112,100,214,223,0,119,221,254,250
112,100,214,223,1,221,251,251,111
112,100,214,223,2,109,219,182,223
112,100,214,223,3,125,237,235,238
112,100,214,223,4,254,223,189,251
112,100,214,223,5,219,126,214,218
112,100,214,223,6,219,122,245,255
112,010,245,254,0,254,183,214,189
112,010,245,254,1,191,171,221,123
112,010,245,254,2,237,251,117,251
112,010,245,254,3,110,255,125,239
112,010,245,254,4,253,189,109,247
112,010,245,254,5,189,111,86,254
112,010,245,254,6,251,223,95,219
112,110,238,253,0,222,239,189,255
112,110,238,253,1,110,189,93,175
112,110,238,253,2,93,239,235,219
112,110,238,253,3,238,187,126,189
112,110,238,253,4,237,107,222,238
112,110,238,253,5,251,221,223,93
112,110,238,253,6,251,234,215,111
112,001,215,247,0,126,189,93,247
112,001,215,247,1,191,215,250,246
112,001,215,247,2,222,223,239,251
112,001,215,247,3,214,246,222,190
112,001,215,247,4,213,250,218,223
112,001,215,247,5,181,253,91,95
112,001,215,247,6,107,221,239,118
112,101,239,187,0,214,237,222,182
112,101,239,187,1,247,182,219,109
112,101,239,187,2,237,251,171,175
112,101,239,187,3,117,251,127,123
112,101,239,187,4,218,253,251,111
112,101,239,187,5,109,221,239,95
112,101,239,187,6,111,213,251,247
112,011,125,119,0,187,253,174,191
112,011,125,119,1,239,247,237,223
112,011,125,119,2,239,222,247,91
112,011,125,119,3,247,126,237,109
112,011,125,119,4,253,122,251,186
112,011,125,119,5,223,91,239,117
112,011,125,119,6,174,190,238,254
112,111,253,95,0,239,247,191,175
112,111,253,95,1,186,255,111,239
112,111,253,95,2,247,254,251,123
112,111,253,95,3,221,183,237,251
112,111,253,95,4,126,239,251,247
112,111,253,95,5,123,215,238,251
112,111,253,95,6,251,182,183,107
113,000,253,247,0,237,190,191,123
113,000,253,247,1,251,189,238,174
113,000,253,247,2,251,238,247,190
113,000,253,247,3,189,247,170,183
113,000,253,247,4,86,253,247,126
113,000,253,247,5,182,237,123,189
113,000,253,247,6,237,237,246,221
113,100,223,223,0,237,253,189,118
113,100,223,223,1,255,190,239,182
113,100,223,223,2,246,223,191,125
113,100,223,223,3,247,91,237,253
113,100,223,223,4,175,247,238,189
113,100,223,223,5,221,118,250,254
113,100,223,223,6,223,111,86,253
113,010,87,110,0,237,251,125,254
113,010,87,110,1,214,223,187,111
113,010,87,110,2,109,235,245,111
113,010,87,110,3,191,219,255,126
113,010,87,110,4,189,109,251,251
113,010,87,110,5,111,109,253,181
113,010,87,110,6,223,125,237,238
113,110,245,125,0,191,239,239,221
113,110,245,125,1,246,189,253,239
113,110,245,125,2,239,94,173,247
113,110,245,125,3,126,175,170,253
113,110,245,125,4,126,222,238,251
113,110,245,125,5,189,239,189,251
113,110,245,125,6,239,170,254,189
113,001,247,127,0,221,93,247,189
113,001,247,127,1,111,86,246,237
113,001,247,127,2,190,189,237,250
113,001,247,127,3,247,95,126,221
113,001,247,127,4,251,221,237,118
113,001,247,127,5,251,118,239,183
113,001,247,127,6,186,250,246,190
113,101,215,253,0,189,189,93,182
113,101,215,253,1,223,111,123,214
113,101,215,253,2,246,219,223,123
113,101,215,253,3,237,253,187,218
113,101,215,253,4,253,253,215,221
113,101,215,253,5,221,181,191,111
113,101,215,253,6,235,119,118,239
113,011,110,254,0,253,221,246,214
113,011,110,254,1,255,183,247,174
113,011,110,254,2,255,239,122,187
113,011,110,254,3,171,250,190,238
113,011,110,254,4,237,245,189,221
113,011,110,254,5,245,251,239,86
113,011,110,254,6,254,223,238,255
113,111,123,255,0,123,189,111,90
113,111,123,255,1,247,222,254,175
113,111,123,255,2,222,222,237,110
113,111,123,255,3,247,94,251,254
113,111,123,255,4,247,245,253,181
113,111,123,255,5,239,91,109,245
113,111,123,255,6,235,91,107,125
114,000,237,253,0,253,95,119,219
114,000,237,253,1,110,221,93,245
114,000,237,253,2,246,223,111,118
114,000,237,253,3,245,111,175,122
114,000,237,253,4,253,251,191,91
114,000,237,253,5,222,219,110,215
114,000,237,253,6,119,251,107,190
114,100,219,250,0,255,125,118,255
114,100,219,250,1,189,183,182,246
114,100,219,250,2,246,223,125,237
114,100,219,250,3,181,255,125,175
114,100,219,250,4,125,239,219,126
114,100,219,250,5,189,246,246,247
114,100,219,250,6,175,86,253,174
114,010,175,170,0,253,127,126,214
114,010,175,170,1,246,223,219,125
114,010,175,170,2,235,246,219,239
114,010,175,170,3,223,223,126,250
114,010,175,170,4,214,251,250,183
114,010,175,170,5,173,253,223,190
114,010,175,170,6,189,237,238,255
114,110,222,239,0,87,218,238,189
114,110,222,239,1,118,250,245,111
114,110,222,239,2,222,173,250,174
114,110,222,239,3,251,223,127,187
114,110,222,239,4,222,238,251,221
114,110,222,239,5,223,93,251,234
114,110,222,239,6,215,111,215,247
114,001,126,189,0,93,247,191,215
114,001,126,189,1,250,246,247,191
114,001,126,189,2,189,253,250,247
114,001,126,189,3,189,239,117,246
114,001,126,189,4,219,109,118,253
114,001,126,189,5,235,175,110,237
114,001,126,189,6,237,125,123,175
114,101,125,189,0,222,182,247,182
114,101,125,189,1,219,109,237,251
114,101,125,189,2,171,175,117,251
114,101,125,189,3,127,123,218,253
114,101,125,189,4,251,111,109,221
114,101,125,189,5,223,95,111,213
114,101,125,189,6,219,239,239,110
114,011,215,218,0,219,93,109,245
114,011,215,218,1,118,191,222,255
114,011,215,218,2,245,119,187,189
114,011,215,218,3,254,251,238,237
114,011,215,218,4,223,93,175,181
114,011,215,218,5,251,234,215,119
114,011,215,218,6,215,251,126,187
114,111,255,126,0,253,215,245,223
114,111,255,126,1,119,255,189,255
114,111,255,126,2,189,117,238,247
114,111,255,126,3,109,239,125,239
114,111,255,126,4,218,250,235,111
114,111,255,126,5,219,109,235,93
114,111,255,126,6,123,175,127,190
115,000,251,191,0,191,119,219,110
115,000,251,191,1,223,219,123,235
115,000,251,191,2,183,223,247,214
115,000,251,191,3,239,246,182,253
115,000,251,191,4,93,254,246,247
115,000,251,191,5,118,187,109,239
115,000,251,191,6,251,107,190,219
115,100,247,223,0,127,219,127,189
115,100,247,223,1,183,182,251,221
115,100,247,223,2,126,223,219,237
115,100,247,223,3,255,126,239,125
115,100,247,223,4,239,222,255,182
115,100,247,223,5,246,247,239,190
115,100,247,223,6,247,221,170,235
115,010,213,254,0,253,191,182,246
115,010,213,254,1,223,219,125,251
115,010,213,254,2,246,219,239,223
115,010,213,254,3,215,222,251,219
115,010,213,254,4,123,250,183,173
115,010,213,254,5,238,223,190,189
115,010,213,254,6,237,175,235,223
115,110,223,109,0,253,219,95,214
115,110,223,109,1,251,250,183,190
115,110,223,109,2,245,237,223,107
115,110,223,109,3,250,255,117,254
115,110,223,109,4,253,223,186,239
115,110,223,109,5,187,94,245,110
115,110,223,109,6,190,237,251,222
115,001,191,171,0,125,254,239,221
115,001,191,171,1,237,222,223,239
115,001,191,171,2,251,189,237,223
115,001,191,171,3,191,219,219,110
115,001,191,171,4,223,221,126,250
115,001,191,171,5,215,222,251,223
115,001,191,171,6,175,254,234,253
115,101,119,190,0,246,247,182,219
115,101,119,190,1,109,238,253,214
115,101,119,190,2,222,219,219,223
115,101,119,190,3,123,238,251,189
115,101,119,190,4,215,186,253,187
115,101,119,190,5,190,221,235,111
115,101,119,190,6,245,254,247,215
115,011,250,219,0,95,173,127,119
115,011,250,219,1,119,183,234,239
115,011,250,219,2,255,125,111,127
115,011,250,219,3,109,254,250,251
115,011,250,219,4,186,223,91,111
115,011,250,219,5,234,215,119,215
115,011,250,219,6,245,222,187,214
115,111,247,191,0,175,186,255,119
115,111,247,191,1,255,189,255,126
115,111,247,191,2,245,238,247,214
115,111,247,191,3,251,247,119,250
115,111,247,191,4,245,189,111,219
115,111,247,191,5,235,110,255,111
115,111,247,191,6,87,127,111,221
116,000,189,255,0,189,253,238,254
116,000,189,255,1,218,251,191,183
116,000,189,255,2,214,189,251,190
116,000,189,255,3,253,253,250,187
116,000,189,255,4,223,118,253,186
116,000,189,255,5,171,221,190,253
116,000,189,255,6,245,85,85,87
116,100,119,189,0,107,223,219,238
116,100,119,189,1,237,246,221,247
116,100,119,189,2,223,189,237,247
116,100,119,189,3,94,181,85,85
116,100,119,189,4,87,191,181,238
116,100,119,189,5,245,95,117,251
116,100,119,189,6,122,253,223,239
116,010,254,237,0,190,237,247,219
116,010,254,237,1,223,187,109,247
116,010,254,237,2,125,239,251,247
116,010,254,237,3,127,110,189,183
116,010,254,237,4,191,215,250,214
116,010,254,237,5,234,223,189,251
116,010,254,237,6,90,254,254,222
116,110,219,239,0,110,191,170,215
116,110,219,239,1,91,111,221,107
116,110,219,239,2,127,223,221,251
116,110,219,239,3,190,235,94,253
116,110,219,239,4,218,218,173,93
116,110,219,239,5,234,245,90,170
116,110,219,239,6,222,239,118,189
116,001,118,251,0,246,239,235,93
116,001,118,251,1,251,91,223,125
116,001,118,251,2,251,247,189,117
116,001,118,251,3,85,85,87,111
116,001,118,251,4,255,87,90,175
116,001,118,251,5,213,251,127,93
116,001,118,251,6,190,235,253,239
116,101,127,218,0,221,183,111,187
116,101,127,218,1,175,127,239,95
116,101,127,218,2,213,247,127,110
116,101,127,218,3,186,251,191,111
116,101,127,218,4,237,218,246,190
116,101,127,218,5,221,251,87,126
116,101,127,218,6,189,95,190,234
116,011,219,175,0,223,93,189,247
116,011,219,175,1,237,118,237,254
116,011,219,175,2,253,254,253,106
116,011,219,175,3,239,234,214,181
116,011,219,175,4,87,173,215,118
116,011,219,175,5,245,85,118,238
116,011,219,175,6,238,223,223,253
116,111,237,191,0,254,191,94,247
116,111,237,191,1,239,239,238,247
116,111,237,191,2,174,239,221,239
116,111,237,191,3,125,191,251,251
116,111,237,191,4,95,183,174,251
116,111,237,191,5,237,189,251,251
116,111,237,191,6,251,189,223,111
117,000,255,247,0,213,109,253,109
117,000,255,247,1,237,253,239,86
117,000,255,247,2,189,251,191,239
117,000,255,247,3,253,253,111,189
117,000,255,247,4,221,247,117,87
117,000,255,247,5,221,190,253,245
117,000,255,247,6,85,183,215,119
117,100,189,107,0,219,237,238,237
117,100,189,107,1,246,221,247,223
117,100,189,107,2,219,214,255,94
117,100,189,107,3,181,173,234,171
117,100,189,107,4,95,218,251,218
117,100,189,107,5,173,219,221,237
117,100,189,107,6,95,126,235,247
117,010,122,223,0,182,253,245,239
117,010,122,223,1,187,109,247,122
117,010,122,223,2,190,237,247,127
117,010,122,223,3,110,189,183,191
117,010,122,223,4,239,122,214,234
117,010,122,223,5,223,239,251,90
117,010,122,223,6,253,95,175,237
117,110,253,221,0,239,213,215,190
117,110,253,221,1,215,221,107,117
117,110,253,221,2,239,239,251,189
117,110,253,221,3,235,94,253,218
117,110,253,221,4,218,174,187,117
117,110,253,221,5,237,181,85,187
117,110,253,221,6,221,237,110,237
117,001,173,239,0,122,173,186,238
117,001,173,239,1,223,223,123,239
117,001,173,239,2,117,238,235,181
117,001,173,239,3,234,171,223,239
117,001,173,239,4,174,218,175,171
117,001,173,239,5,222,235,237,191
117,001,173,239,6,125,245,125,239
117,101,237,171,0,189,221,237,219
117,101,237,171,1,246,183,94,235
117,101,237,171,2,215,127,110,186
117,101,237,171,3,251,189,215,237
117,101,237,171,4,218,237,191,175
117,101,237,171,5,245,173,239,189
117,101,237,171,6,95,247,221,110
117,011,255,223,0,90,223,247,218
117,011,255,223,1,237,118,191,247
117,011,255,223,2,254,254,213,189
117,011,255,223,3,245,175,90,173
117,011,255,223,4,219,173,239,234
117,011,255,223,5,171,110,238,238
117,011,255,223,6,223,223,245,238
117,111,237,123,0,111,175,238,254
117,111,237,123,1,239,238,235,110
117,111,237,123,2,239,174,251,247
117,111,237,123,3,95,251,251,94
117,111,237,123,4,239,118,251,234
117,111,237,123,5,215,123,119,255
117,111,237,123,6,189,223,111,183
118,000,239,119,0,238,239,253,127
118,000,239,119,1,254,247,255,254
118,000,239,119,2,223,255,183,255
118,000,239,119,3,253,110,246,237
118,000,239,119,4,187,219,238,239
118,000,239,119,5,122,239,253,238
118,000,239,119,6,239,118,255,253
118,100,125,255,0,213,223,255,246
118,100,125,255,1,238,251,191,253
118,100,125,255,2,183,123,189,183
118,100,125,255,3,187,223,187,191
118,100,125,255,4,246,255,247,247
118,100,125,255,5,255,255,127,255
118,100,125,255,6,93,255,254,238
118,010,247,118,0,238,247,187,189
118,010,247,118,1,221,239,254,254
118,010,247,118,2,239,125,255,254
118,010,247,118,3,246,255,238,239
118,010,247,118,4,255,247,187,221
118,010,247,118,5,183,255,109,238
118,010,247,118,6,247,95,187,247
118,110,251,191,0,247,127,253,247
118,110,251,191,1,255,254,255,255
118,110,251,191,2,95,255,253,94
118,110,251,191,3,247,238,238,251
118,110,251,191,4,251,189,189,239
118,110,251,191,5,255,239,187,237
118,110,251,191,6,255,255,119,255
118,001,222,239,0,255,171,187,223
118,001,222,239,1,119,255,109,251
118,001,222,239,2,189,190,239,123
118,001,222,239,3,222,239,251,127
118,001,222,239,4,255,127,255,253
118,001,222,239,5,255,255,87,255
118,001,222,239,6,253,123,189,235
118,101,187,219,0,222,239,221,255
118,101,187,219,1,255,254,239,123
118,101,187,219,2,255,255,219,255
118,101,187,219,3,238,255,255,119
118,101,187,219,4,187,223,111,255
118,101,187,219,5,127,238,246,223
118,101,187,219,6,187,223,222,239
118,011,253,255,0,247,247,255,250
118,011,253,255,1,191,255,171,255
118,011,253,255,2,254,190,247,119
118,011,253,255,3,187,223,222,239
118,011,253,255,4,255,239,255,255
118,011,253,255,5,187,221,255,255
118,011,253,255,6,221,255,246,223
118,111,255,171,0,238,247,223,253
118,111,255,171,1,247,251,189,190
118,111,255,171,2,239,119,251,191
118,111,255,171,3,247,127,251,183
118,111,255,171,4,255,250,191,255
118,111,255,171,5,223,255,253,126
118,111,255,171,6,246,247,187,223
119,000,245,187,0,111,215,125,182
119,000,245,187,1,215,246,251,223
119,000,245,187,2,127,221,253,255
119,000,245,187,3,95,223,189,239
119,000,245,187,4,117,187,215,126
119,000,245,187,5,253,251,111,123
119,000,245,187,6,247,123,127,239
119,100,123,251,0,247,235,175,239
119,100,123,251,1,245,246,175,127
119,100,123,251,2,123,255,126,219
119,100,123,251,3,219,123,111,213
119,100,123,251,4,250,182,223,238
119,100,123,251,5,250,254,191,221
119,100,123,251,6,254,255,125,253
119,010,191,223,0,219,126,239,127
119,010,191,223,1,125,219,119,187
119,010,191,223,2,223,219,111,253
119,010,191,223,3,187,251,190,239
119,010,191,223,4,251,191,126,235
119,010,191,223,5,237,239,125,239
119,010,191,223,6,126,218,245,187
119,110,111,215,0,125,214,215,246
119,110,111,215,1,251,126,191,215
119,110,111,215,2,250,255,109,239
119,110,111,215,3,126,247,219,110
119,110,111,215,4,237,239,125,222
119,110,111,215,5,215,186,251,221
119,110,111,215,6,247,251,90,255
119,001,221,237,0,254,239,223,223
119,001,221,237,1,237,255,191,247
119,001,221,237,2,126,219,219,110
119,001,221,237,3,187,235,125,109
119,001,221,237,4,119,250,250,223
119,001,221,237,5,95,221,255,127
119,001,221,237,6,109,253,253,183
119,101,219,109,0,219,111,247,93
119,101,219,109,1,123,247,123,219
119,101,219,109,2,223,239,91,255
119,101,219,109,3,90,251,250,239
119,101,219,109,4,190,239,181,223
119,101,219,109,5,187,247,126,219
119,101,219,109,6,117,174,183,214
119,011,250,214,0,215,245,245,223
119,011,250,214,1,127,219,251,126
119,011,250,214,2,219,221,250,223
119,011,250,214,3,91,95,107,126
119,011,250,214,4,253,246,219,187
119,011,250,214,5,123,107,239,238
119,011,250,214,6,251,127,239,117
119,111,255,183,0,255,221,191,127
119,111,255,183,1,111,237,187,174
119,111,255,183,2,219,123,107,218
119,111,255,183,3,245,173,119,234
119,111,255,183,4,250,223,95,245
119,111,255,183,5,254,191,91,237
119,111,255,183,6,191,215,245,247
120,000,190,183,0,223,111,181,191
120,000,190,183,1,119,183,186,221
120,000,190,183,2,111,247,191,123
120,000,190,183,3,127,175,245,222
120,000,190,183,4,239,190,246,246
120,000,190,183,5,250,247,247,125
120,000,190,183,6,239,119,235,127
120,100,191,247,0,214,251,181,247
120,100,191,247,1,187,253,215,125
120,100,191,247,2,191,95,219,251
120,100,191,247,3,126,191,183,93
120,100,191,247,4,183,111,215,93
120,100,191,247,5,181,106,183,110
120,100,191,247,6,214,235,191,91
120,010,181,251,0,126,183,107,239
120,010,181,251,1,219,111,239,127
120,010,181,251,2,181,95,251,215
120,010,181,251,3,189,127,247,183
120,010,181,251,4,190,245,91,239
120,010,181,251,5,125,246,254,254
120,010,181,251,6,182,237,189,238
120,110,223,219,0,125,191,125,235
120,110,223,219,1,239,119,187,250
120,110,223,219,2,254,171,127,175
120,110,223,219,3,213,246,223,95
120,110,223,219,4,171,239,219,126
120,110,223,219,5,182,239,183,93
120,110,223,219,6,93,219,110,218
120,001,187,189,0,237,251,174,187
120,001,187,189,1,219,255,255,223
120,001,187,189,2,110,247,127,95
120,001,187,189,3,221,247,239,255
120,001,187,189,4,187,239,215,219
120,001,187,189,5,239,246,254,221
120,001,187,189,6,255,219,219,247
120,101,127,91,0,235,247,93,254
120,101,127,91,1,238,253,125,223
120,101,127,91,2,189,245,213,111
120,101,127,91,3,238,247,255,254
120,101,127,91,4,238,175,255,239
120,101,127,91,5,254,239,219,238
120,101,127,91,6,191,174,215,221
120,011,247,251,0,91,237,251,109
120,011,247,251,1,183,251,247,239
120,011,247,251,2,255,109,247,254
120,011,247,251,3,190,219,239,253
120,011,247,251,4,191,255,219,221
120,011,247,251,5,239,190,246,238
120,011,247,251,6,253,222,247,173
120,111,251,255,0,111,239,191,255
120,111,251,255,1,255,126,171,234
120,111,251,255,2,254,239,91,173
120,111,251,255,3,191,254,183,91
120,111,251,255,4,119,187,223,215
120,111,251,255,5,245,126,254,247
120,111,251,255,6,239,245,125,239
121,000,238,189,0,255,250,215,255
121,000,238,189,1,239,191,255,183
121,000,238,189,2,255,251,187,189
121,000,238,189,3,219,187,218,171
121,000,238,189,4,189,250,239,250
121,000,238,189,5,170,239,111,191
121,000,238,189,6,255,239,255,255
121,100,247,255,0,223,187,223,255
121,100,247,255,1,253,251,123,189
121,100,247,255,2,247,187,237,94
121,100,247,255,3,239,234,255,254
121,100,247,255,4,191,255,119,191
121,100,247,255,5,250,247,255,253
121,100,247,255,6,222,247,223,238
121,010,247,94,0,239,110,239,255
121,010,247,94,1,183,187,213,255
121,010,247,94,2,255,234,255,237
121,010,247,94,3,239,255,255,238
121,010,247,94,4,245,111,253,247
121,010,247,94,5,251,189,247,187
121,010,247,94,6,238,187,191,213
121,110,255,251,0,175,255,250,191
121,110,255,251,1,253,223,255,222
121,110,255,251,2,238,247,223,238
121,110,255,251,3,247,94,239,127
121,110,255,251,4,239,253,215,187
121,110,255,251,5,234,191,255,234
121,110,255,251,6,255,247,127,255
121,001,255,187,0,221,223,253,247
121,001,255,187,1,251,189,247,187
121,001,255,187,2,247,94,239,234
121,001,255,187,3,255,255,175,255
121,001,255,187,4,245,127,255,109
121,001,255,187,5,255,255,94,247
121,001,255,187,6,223,238,247,94
121,101,239,127,0,239,255,174,239
121,101,239,127,1,122,191,255,234
121,101,239,127,2,255,255,95,255
121,101,239,127,3,255,187,223,215
121,101,239,127,4,253,247,251,189
121,101,239,127,5,254,239,127,251
121,101,239,127,6,191,213,255,255
121,011,127,255,0,250,191,255,119
121,011,127,255,1,255,253,222,247
121,011,127,255,2,223,238,247,123
121,011,127,255,3,189,247,255,251
121,011,127,255,4,119,187,218,191
121,011,127,255,5,255,234,255,254
121,011,127,255,6,191,255,255,238
121,111,255,95,0,253,247,251,189
121,111,255,95,1,247,187,219,123
121,111,255,95,2,191,213,255,246
121,111,255,95,3,223,255,250,191
121,111,255,95,4,255,119,255,253
121,111,255,95,5,222,247,223,238
121,111,255,95,6,251,123,189,247
122,000,223,125,0,127,95,254,254
122,000,223,125,1,253,126,191,215
122,000,223,125,2,251,254,183,189
122,000,223,125,3,222,223,111,119
122,000,223,125,4,245,189,191,95
122,000,223,125,5,235,239,125,239
122,000,223,125,6,215,127,190,191
122,100,174,246,0,237,190,253,247
122,100,174,246,1,219,190,222,219
122,100,174,246,2,239,122,187,175
122,100,174,246,3,175,123,189,191
122,100,174,246,4,235,238,223,111
122,100,174,246,5,221,251,191,91
122,100,174,246,6,119,109,218,221
122,010,110,215,0,219,187,189,191
122,010,110,215,1,183,238,222,247
122,010,110,215,2,175,127,190,247
122,010,110,215,3,222,246,247,126
122,010,110,215,4,251,221,251,191
122,010,110,215,5,119,191,234,251
122,010,110,215,6,239,123,219,245
122,110,239,175,0,95,237,222,254
122,110,239,175,1,221,237,250,255
122,110,239,175,2,119,187,222,223
122,110,239,175,3,123,239,245,250
122,110,239,175,4,239,175,234,247
122,110,239,175,5,189,187,235,250
122,110,239,175,6,253,127,175,238
122,001,245,223,0,109,235,247,190
122,001,245,223,1,247,174,237,250
122,001,245,223,2,191,91,253,171
122,001,245,223,3,183,109,173,247
122,001,245,223,4,222,239,191,239
122,001,245,223,5,173,110,247,174
122,001,245,223,6,245,221,95,171
122,101,247,187,0,235,183,118,255
122,101,247,187,1,189,247,175,253
122,101,247,187,2,171,173,117,247
122,101,247,187,3,190,254,237,235
122,101,247,187,4,173,117,175,190
122,101,247,187,5,182,251,190,237
122,101,247,187,6,110,219,181,187
122,011,221,173,0,181,187,127,111
122,011,221,173,1,235,107,93,247
122,011,221,173,2,190,251,191,119
122,011,221,173,3,90,234,186,223
122,011,221,173,4,91,245,126,251
122,011,221,173,5,213,246,213,218
122,011,221,173,6,187,245,250,186
122,111,219,95,0,187,126,223,174
122,111,219,95,1,238,246,223,87
122,111,219,95,2,91,170,221,191
122,111,219,95,3,125,221,182,189
122,111,219,95,4,251,251,219,183
122,111,219,95,5,111,213,250,189
122,111,219,95,6,122,219,187,119
123,000,174,223,0,123,183,175,123
123,000,174,223,1,191,123,250,253
123,000,174,223,2,175,126,235,222
123,000,174,223,3,254,190,239,123
123,000,174,223,4,251,125,223,187
123,000,174,223,5,219,122,221,187
123,000,174,223,6,213,239,93,187
123,100,219,250,0,253,111,127,187
123,100,219,250,1,247,125,239,235
123,100,219,250,2,222,191,173,187
123,100,219,250,3,214,223,94,239
123,100,219,250,4,91,109,189,187
123,100,219,250,5,245,126,170,191
123,100,219,250,6,87,170,255,253
123,010,87,171,0,235,117,95,254
123,010,87,171,1,246,234,183,235
123,010,87,171,2,187,234,239,215
123,010,87,171,3,125,251,245,91
123,010,87,171,4,175,238,251,223
123,010,87,171,5,127,222,253,251
123,010,87,171,6,190,235,215,183
123,110,119,111,0,94,187,221,239
123,110,119,111,1,239,253,254,223
123,110,119,111,2,239,189,246,255
123,110,119,111,3,187,246,253,123
123,110,119,111,4,190,183,213,119
123,110,119,111,5,119,190,219,109
123,110,119,111,6,111,125,189,247
123,001,123,187,0,111,125,237,223
123,001,123,187,1,127,187,247,123
123,001,123,187,2,118,253,254,182
123,001,123,187,3,235,127,238,187
123,001,123,187,4,221,239,223,191
123,001,123,187,5,127,95,237,222
123,001,123,187,6,247,126,239,122
123,101,253,253,0,222,246,251,234
123,101,253,253,1,238,215,222,213
123,101,253,253,2,221,175,187,170
123,101,253,253,3,245,118,171,170
123,101,253,253,4,250,189,255,171
123,101,253,253,5,234,223,246,247
123,101,253,253,6,245,93,85,239
123,011,234,181,0,90,175,215,189
123,011,234,181,1,127,126,237,251
123,011,234,181,2,187,189,219,247
123,011,234,181,3,125,223,190,182
123,011,234,181,4,235,183,110,182
123,011,234,181,5,237,110,221,109
123,011,234,181,6,219,189,187,182
123,111,187,189,0,239,111,119,245
123,111,187,189,1,247,94,237,187
123,111,187,189,2,253,237,219,119
123,111,187,189,3,251,213,181,119
123,111,187,189,4,245,254,187,110
123,111,187,189,5,190,251,125,237
123,111,187,189,6,125,246,237,117
124,000,245,95,0,255,255,255,255
124,000,245,95,1,255,255,255,251
124,000,245,95,2,238,237,191,94
124,000,245,95,3,219,219,123,237
124,000,245,95,4,189,247,119,221
124,000,245,95,5,254,191,181,213
124,000,245,95,6,250,247,174,245
124,100,85,90,0,187,85,85,85
124,100,85,90,1,85,85,85,85
124,100,85,90,2,85,95,255,255
124,100,85,90,3,245,95,255,255
124,100,85,90,4,255,255,255,255
124,100,85,90,5,255,250,223,182
124,100,85,90,6,247,181,219,109
124,010,173,246,0,246,223,173,247
124,010,173,246,1,246,223,253,215
124,010,173,246,2,125,247,187,85
124,010,173,246,3,85,86,191,106
124,010,173,246,4,170,170,170,170
124,010,173,246,5,170,170,170,175
124,010,173,246,6,255,255,250,175
124,110,255,255,0,255,255,255,255
124,110,255,255,1,255,253,223,125
124,110,255,255,2,239,183,222,251
124,110,255,255,3,187,246,251,190
124,110,255,255,4,247,218,255,222
124,110,255,255,5,221,183,125,95
124,110,255,255,6,123,245,85,93
124,001,87,170,0,170,170,170,170
124,001,87,170,1,170,170,170,175
124,001,87,170,2,255,255,250,175
124,001,87,170,3,255,255,255,255
124,001,87,170,4,255,255,255,253
124,001,87,170,5,125,214,218,221
124,001,87,170,6,111,87,235,251
124,101,222,190,0,235,246,245,190
124,101,222,190,1,189,183,125,247
124,101,222,190,2,251,117,85,91
124,101,222,190,3,215,186,170,170
124,101,222,190,4,170,170,170,170
124,101,222,190,5,170,175,255,255
124,101,222,190,6,250,175,255,255
124,011,255,255,0,255,255,255,250
124,011,255,255,1,253,182,235,117
124,011,255,255,2,187,109,215,239
124,011,255,255,3,221,127,91,246
124,011,255,255,4,255,191,126,247
124,011,255,255,5,125,247,174,234
124,011,255,255,6,170,171,123,181
124,111,85,85,0,85,85,85,85
124,111,85,85,1,85,95,255,255
124,111,85,85,2,245,95,255,255
124,111,85,85,3,255,255,255,255
124,111,85,85,4,255,251,191,251
124,111,85,85,5,254,223,187,247
124,111,85,85,6,223,250,191,223
125,000,223,253,0,222,246,246,175
125,000,223,253,1,111,214,221,191
125,000,223,253,2,91,170,171,110
125,000,223,253,3,183,109,247,251
125,000,223,253,4,127,111,218,253
125,000,223,253,5,125,109,253,253
125,000,223,253,6,247,251,107,170
125,100,173,238,0,237,235,238,191
125,100,173,238,1,175,183,237,110
125,100,173,238,2,221,125,189,251
125,100,173,238,3,95,94,175,125
125,100,173,238,4,186,187,173,250
125,100,173,238,5,246,191,107,218
125,100,173,238,6,221,109,85,181
125,010,245,238,0,191,245,246,234
125,010,245,238,1,239,175,127,215
125,010,245,238,2,219,223,174,253
125,010,245,238,3,218,247,181,94
125,010,245,238,4,247,223,239,183
125,010,245,238,5,238,237,87,247
125,010,245,238,6,126,239,189,189
125,110,186,235,0,181,247,215,214
125,110,186,235,1,215,126,238,213
125,110,186,235,2,87,222,251,222
125,110,186,235,3,246,245,239,119
125,110,186,235,4,253,238,189,109
125,110,186,235,5,219,127,119,238
125,110,186,235,6,182,213,85,219
125,001,123,109,0,255,95,95,219
125,001,123,109,1,219,110,191,213
125,001,123,109,2,239,222,215,246
125,001,123,109,3,181,247,123,123
125,001,123,109,4,190,253,221,189
125,001,123,109,5,182,235,181,218
125,001,123,109,6,170,237,239,109
125,101,111,119,0,239,107,215,251
125,101,111,119,1,123,254,175,247
125,101,111,119,2,186,239,91,94
125,101,111,119,3,245,123,251,239
125,101,111,119,4,119,215,215,173
125,101,111,119,5,87,245,253,111
125,101,111,119,6,186,237,173,191
125,011,85,110,0,235,250,253,238
125,011,85,110,1,237,170,174,219
125,011,85,110,2,219,239,123,119
125,011,85,110,3,190,247,219,123
125,011,85,110,4,111,223,91,127
125,011,85,110,5,95,214,175,170
125,011,85,110,6,170,219,94,251
125,111,127,110,0,238,246,254,255
125,111,127,110,1,119,219,174,219
125,111,127,110,2,239,221,107,251
125,111,127,110,3,191,215,245,127
125,111,127,110,4,119,223,191,125
125,111,127,110,5,251,245,85,123
125,111,127,110,6,125,222,238,221
126,000,215,239,0,223,191,239,183
126,000,215,239,1,119,182,253,182
126,000,215,239,2,235,117,187,237
126,000,215,239,3,183,238,219,126
126,000,215,239,4,186,253,253,251
126,000,215,239,5,246,245,253,95
126,000,215,239,6,214,246,237,126
126,100,235,247,0,235,253,126,222
126,100,235,247,1,247,237,110,187
126,100,235,247,2,235,125,109,186
126,100,235,247,3,219,237,253,187
126,100,235,247,4,191,187,215,174
126,100,235,247,5,191,107,218,221
126,100,235,247,6,110,183,235,246
126,010,222,190,0,247,237,253,191
126,010,222,190,1,182,253,127,239
126,010,222,190,2,86,253,189,223
126,010,222,190,3,171,253,251,251
126,010,222,190,4,223,127,87,238
126,010,222,190,5,238,255,190,247
126,010,222,190,6,222,237,219,239
126,110,223,222,0,223,183,213,219
126,110,223,222,1,223,125,189,222
126,110,223,222,2,238,253,251,247
126,110,223,222,3,215,190,171,254
126,110,223,222,4,253,251,253,126
126,110,223,222,5,255,119,222,246
126,110,223,222,6,235,190,254,173
126,001,182,246,0,223,95,123,223
126,001,182,246,1,110,223,189,126
126,001,182,246,2,219,175,235,238
126,001,182,246,3,253,223,239,182
126,001,182,246,4,239,173,189,182
126,001,182,246,5,235,181,222,221
126,001,182,246,6,182,247,171,111
126,101,221,253,0,223,187,246,245
126,101,221,253,1,126,239,125,237
126,101,221,253,2,189,190,171,251
126,101,221,253,3,223,127,125,238
126,101,221,253,4,255,238,221,111
126,101,221,253,5,189,127,93,119
126,101,221,253,6,254,255,125,246
126,011,175,182,0,255,127,125,237
126,011,175,182,1,189,183,174,219
126,011,175,182,2,223,127,93,247
126,011,175,182,3,85,255,125,251
126,011,175,182,4,250,247,255,111
126,011,175,182,5,246,255,125,254
126,011,175,182,6,253,251,123,119
126,111,223,183,0,91,238,253,111
126,111,223,183,1,189,127,87,111
126,111,223,183,2,126,255,125,245
126,111,223,183,3,183,239,251,191
126,111,223,183,4,111,239,247,238
126,111,223,183,5,251,107,123,119
126,111,223,183,6,171,238,182,255
127,000,239,223,0,189,183,255,254
127,000,239,223,1,173,191,91,182
127,000,239,223,2,219,110,189,183
127,000,239,223,3,238,219,127,175
127,000,239,223,4,223,223,191,187
127,000,239,223,5,127,254,175,254
127,000,239,223,6,246,237,122,222
127,100,247,235,0,253,126,223,215
127,100,247,235,1,221,111,91,235
127,100,247,235,2,125,111,95,254
127,100,247,235,3,251,223,119,238
127,100,247,235,4,253,255,253,126
127,100,247,235,5,214,237,122,187
127,100,247,235,6,173,245,253,111
127,010,95,235,0,251,223,123,235
127,010,95,235,1,126,255,255,254
127,010,95,235,2,253,189,222,247
127,010,95,235,3,221,251,251,223
127,010,95,235,4,126,189,238,238
127,010,95,235,5,223,190,247,219
127,010,95,235,6,186,221,254,253
127,110,247,87,0,123,213,219,223
127,110,247,87,1,125,189,222,239
127,110,247,87,2,221,251,247,221
127,110,247,87,3,239,247,254,253
127,110,247,87,4,251,253,123,254
127,110,247,87,5,191,215,237,182
127,110,247,87,6,221,222,251,109
127,001,237,189,0,191,173,235,109
127,001,237,189,1,111,189,126,221
127,001,237,189,2,111,181,253,223
127,001,237,189,3,189,223,187,251
127,001,237,189,4,86,223,93,182
127,001,237,189,5,223,109,237,182
127,001,237,189,6,247,171,190,222
127,101,238,253,0,223,189,127,251
127,101,238,253,1,239,125,250,239
127,101,238,253,2,91,255,123,223
127,101,238,253,3,127,125,239,222
127,101,238,253,4,238,218,251,250
127,101,238,253,5,247,175,191,223
127,101,238,253,6,239,223,239,183
127,011,246,255,0,251,239,122,239
127,011,246,255,1,94,219,181,251
127,011,246,255,2,247,171,183,118
127,011,246,255,3,239,223,239,189
127,011,246,255,4,127,234,238,175
127,011,246,255,5,239,247,237,191
127,011,246,255,6,190,190,239,111
127,111,239,111,0,110,251,187,250
127,111,239,111,1,247,170,237,219
127,111,239,111,2,255,125,245,110
127,111,239,111,3,235,221,183,223
127,111,239,111,4,191,125,251,247
127,111,239,111,5,223,123,119,173
127,111,239,111,6,239,118,255,223
128,000,255,123,0,222,190,255,123
128,000,255,123,1,125,183,182,245
128,000,255,123,2,190,183,219,253
128,000,255,123,3,127,247,254,255
128,000,255,123,4,255,127,235,245
128,000,255,123,5,127,223,110,254
128,000,255,123,6,247,223,215,247
128,100,219,251,0,125,247,222,247
128,100,219,251,1,110,239,235,253
128,100,219,251,2,126,247,235,251
128,100,219,251,3,255,255,191,247
128,100,219,251,4,251,183,190,190
128,100,219,251,5,239,117,187,109
128,100,219,251,6,238,250,247,119
128,010,183,223,0,255,126,215,181
128,010,183,223,1,127,119,215,251
128,010,183,223,2,183,126,215,237
128,010,183,223,3,238,253,222,239
128,010,183,223,4,126,254,191,174
128,010,183,223,5,253,223,191,223
128,010,183,223,6,107,251,255,254
128,110,191,215,0,251,95,191,118
128,110,191,215,1,253,181,109,87
128,110,191,215,2,125,235,253,223
128,110,191,215,3,187,219,255,253
128,110,191,215,4,95,175,254,223
128,110,191,215,5,251,246,253,126
128,110,191,215,6,215,251,125,239
128,001,189,247,0,187,223,219,254
128,001,189,247,1,175,213,251,119
128,001,189,247,2,190,255,255,127
128,001,189,247,3,223,239,189,250
128,001,189,247,4,190,182,235,127
128,001,189,247,5,111,237,234,251
128,001,189,247,6,189,119,174,251
128,101,255,253,0,183,191,191,183
128,101,255,253,1,247,246,250,223
128,101,255,253,2,255,219,119,123
128,101,255,253,3,126,238,246,254
128,101,255,253,4,221,238,215,173
128,101,255,253,5,190,223,221,251
128,101,255,253,6,255,254,223,219
128,011,254,253,0,221,182,237,183
128,011,254,253,1,219,245,247,123
128,011,254,253,2,189,183,182,251
128,011,254,253,3,255,253,187,183
128,011,254,253,4,254,247,183,250
128,011,254,253,5,214,190,253,235
128,011,254,253,6,219,251,125,215
128,111,171,239,0,93,239,94,245
128,111,171,239,1,122,183,246,219
128,111,171,239,2,251,127,95,215
128,111,171,239,3,191,239,189,191
128,111,171,239,4,91,253,95,126
128,111,171,239,5,251,125,247,119
128,111,171,239,6,238,255,237,254
129,000,255,255,0,255,255,254,222
129,000,255,255,1,253,191,94,219
129,000,255,255,2,245,246,253,187
129,000,255,255,3,247,237,251,255
129,000,255,255,4,254,219,215,255
129,000,255,255,5,118,219,250,170
129,000,255,255,6,171,91,250,170
129,100,170,170,0,170,170,170,170
129,100,170,170,1,175,255,255,250
129,100,170,170,2,175,255,255,255
129,100,170,170,3,255,255,255,255
129,100,170,170,4,250,253,182,255
129,100,170,170,5,183,222,253,237
129,100,170,170,6,237,189,239,93
129,010,251,191,0,255,219,111,250
129,010,251,191,1,221,111,90,170
129,010,251,191,2,175,247,250,170
129,010,251,191,3,170,170,170,170
129,010,251,191,4,170,170,175,255
129,010,251,191,5,255,250,175,255
129,010,251,191,6,255,255,255,255
129,110,255,255,0,250,253,246,239
129,110,255,255,1,191,110,251,87
129,110,255,255,2,235,189,239,93
129,110,255,255,3,251,255,254,175
129,110,255,255,4,215,255,118,187
129,110,255,255,5,250,170,175,247
129,110,255,255,6,250,170,170,170
129,001,170,170,0,170,170,175,255
129,001,170,170,1,255,250,175,255
129,001,170,170,2,255,255,255,255
129,001,170,170,3,255,255,253,254
129,001,170,170,4,214,245,127,125
129,001,170,170,5,173,219,251,247
129,001,170,170,6,191,125,253,191
129,101,255,183,0,111,215,174,251
129,101,255,183,1,218,170,175,247
129,101,255,183,2,250,170,170,170
129,101,255,183,3,170,170,170,170
129,101,255,183,4,175,255,255,250
129,101,255,183,5,175,255,255,255
129,101,255,183,6,255,255,255,255
129,011,253,254,0,182,235,181,189
129,011,253,254,1,109,239,250,254
129,011,253,254,2,255,125,239,255
129,011,253,254,3,127,107,239,237
129,011,253,254,4,238,215,250,170
129,011,253,254,5,175,247,250,170
129,011,253,254,6,170,170,170,170
129,111,170,170,0,175,255,255,250
129,111,170,170,1,175,255,255,255
129,111,170,170,2,255,255,255,255
129,111,170,170,3,253,253,251,215
129,111,170,170,4,127,125,119,253
129,111,170,170,5,254,251,127,125
129,111,170,170,6,247,191,255,223
130,000,182,247,0,127,250,171,183
130,000,182,247,1,170,171,238,239
130,000,182,247,2,111,247,246,255
130,000,182,247,3,255,238,255,250
130,000,182,247,4,182,253,215,175
130,000,182,247,5,254,251,170,171
130,000,182,247,6,183,95,127,234
130,100,170,255,0,191,238,239,111
130,100,170,255,1,186,251,223,122
130,100,170,255,2,219,246,255,255
130,100,170,255,3,111,170,255,245
130,100,170,255,4,86,190,213,91
130,100,170,255,5,125,221,255,251
130,100,170,255,6,223,255,255,239
130,010,255,250,0,182,251,107,223
130,010,255,250,1,123,246,213,95
130,010,255,250,2,247,183,87,234
130,010,255,250,3,171,254,239,239
130,010,255,250,4,190,255,186,235
130,010,255,250,5,222,250,187,125
130,010,255,250,6,239,94,247,238
130,110,255,122,0,171,126,213,93
130,110,255,122,1,237,247,247,235
130,110,255,122,2,223,255,255,222
130,110,255,122,3,251,126,254,251
130,110,255,122,4,117,239,238,246
130,110,255,122,5,213,95,239,183
130,110,255,122,6,235,234,171,111
130,001,87,255,0,111,239,239,191
130,001,87,255,1,117,119,181,239
130,001,87,255,2,123,223,119,246
130,001,87,255,3,253,126,246,253
130,001,87,255,4,221,183,187,247
130,001,87,255,5,219,235,223,255
130,001,87,255,6,87,237,254,191
130,101,251,181,0,237,191,91,246
130,101,251,181,1,213,91,223,109
130,101,251,181,2,182,245,85,191
130,101,251,181,3,215,237,110,223
130,101,251,181,4,187,219,126,183
130,101,251,181,5,175,109,126,222
130,101,251,181,6,247,213,250,251
130,011,190,182,0,245,181,110,215
130,011,190,182,1,186,245,223,95
130,011,190,182,2,107,247,250,255
130,011,190,182,3,234,238,239,223
130,011,190,182,4,91,95,223,235
130,011,190,182,5,126,173,251,123
130,011,190,182,6,175,191,219,223
130,111,174,190,0,171,213,119,223
130,111,174,190,1,123,191,186,223
130,111,174,190,2,255,123,119,110
130,111,174,190,3,222,191,119,245
130,111,174,190,4,219,109,222,234
130,111,174,190,5,221,111,109,247
130,111,174,190,6,117,191,239,110
131,000,191,222,0,253,191,119,187
131,000,191,222,1,251,126,239,119
131,000,191,222,2,250,253,126,239
131,000,191,222,3,219,181,182,255
131,000,191,222,4,237,221,187,255
131,000,191,222,5,183,245,122,219
131,000,191,222,6,215,245,235,239
131,100,110,190,0,235,253,175,110
131,100,110,190,1,247,186,254,221
131,100,110,190,2,239,125,123,111
131,100,110,190,3,215,237,187,95
131,100,110,190,4,189,250,246,191
131,100,110,190,5,123,245,253,251
131,100,110,190,6,95,107,239,218
131,010,223,111,0,247,117,190,223
131,010,223,111,1,247,182,250,187
131,010,223,111,2,175,109,238,239
131,010,223,111,3,215,118,238,223
131,010,223,111,4,173,173,214,219
131,010,223,111,5,221,175,91,123
131,010,223,111,6,190,251,245,254
131,110,190,238,0,237,246,247,123
131,110,190,238,1,119,219,119,237
131,110,190,238,2,222,238,251,235
131,110,190,238,3,110,191,246,214
131,110,190,238,4,221,127,239,183
131,110,190,238,5,218,219,95,111
131,110,190,238,6,189,247,187,239
131,001,125,239,0,123,234,214,222
131,001,125,239,1,255,107,91,127
131,001,125,239,2,255,253,187,222
131,001,125,239,3,237,246,239,237
131,001,125,239,4,246,251,125,239
131,001,125,239,5,189,94,251,223
131,001,125,239,6,125,125,93,107
131,101,250,251,0,173,173,246,235
131,101,250,251,1,126,175,221,214
131,101,250,251,2,251,93,187,107
131,101,250,251,3,109,110,183,247
131,101,250,251,4,123,125,175,238
131,101,250,251,5,246,246,189,187
131,101,250,251,6,85,213,93,183
131,011,91,182,0,219,110,183,109
131,011,91,182,1,183,109,110,219
131,011,91,182,2,125,125,111,187
131,011,91,182,3,127,251,255,118
131,011,91,182,4,250,239,95,93
131,011,91,182,5,245,222,187,215
131,011,91,182,6,118,183,173,123
131,111,219,219,0,251,109,239,183
131,111,219,219,1,246,223,223,237
131,111,219,219,2,118,238,223,110
131,111,219,219,3,237,189,187,174
131,111,219,219,4,245,222,190,215
131,111,219,219,5,183,221,126,223
131,111,219,219,6,183,247,255,191
132,000,234,237,0,255,181,246,181
132,000,234,237,1,238,189,191,189
132,000,234,237,2,109,123,218,247
132,000,234,237,3,253,251,245,245
132,000,234,237,4,126,247,222,250
132,000,234,237,5,239,190,223,223
132,000,234,237,6,109,237,189,251
132,100,222,239,0,237,251,251,127
132,100,222,239,1,107,247,191,237
132,100,222,239,2,253,191,126,189
132,100,222,239,3,125,250,247,189
132,100,222,239,4,223,91,254,253
132,100,222,239,5,215,187,94,254
132,100,222,239,6,222,254,239,119
132,010,218,250,0,245,238,189,221
132,010,218,250,1,182,221,123,247
132,010,218,250,2,111,123,221,183
132,010,218,250,3,219,245,190,191
132,010,218,250,4,183,246,253,109
132,010,218,250,5,189,186,237,171
132,010,218,250,6,123,86,237,239
132,110,221,182,0,235,181,190,183
132,110,221,182,1,126,238,238,215
132,110,221,182,2,219,247,107,215
132,110,221,182,3,247,123,126,175
132,110,221,182,4,213,189,191,190
132,110,221,182,5,214,187,237,125
132,110,221,182,6,175,126,223,223
132,001,187,247,0,253,251,238,250
132,001,187,247,1,245,250,191,85
132,001,187,247,2,235,190,215,173
132,001,187,247,3,174,190,215,219
132,001,187,247,4,222,247,214,246
132,001,187,247,5,221,238,223,223
132,001,187,247,6,191,189,109,171
132,101,221,93,0,215,219,182,219
132,101,221,93,1,174,187,191,119
132,101,221,93,2,239,95,91,219
132,101,221,93,3,126,191,183,251
132,101,221,93,4,238,223,235,181
132,101,221,93,5,235,111,215,238
132,101,221,93,6,247,119,239,91
132,011,182,221,0,223,111,111,237
132,011,182,221,1,123,119,219,239
132,011,182,221,2,118,247,235,245
132,011,182,221,3,215,109,219,187
132,011,182,221,4,191,117,219,123
132,011,182,221,5,237,246,223,127
132,011,182,221,6,125,239,221,247
132,111,223,123,0,235,253,189,186
132,111,223,123,1,235,187,123,189
132,111,223,123,2,237,234,223,123
132,111,223,123,3,215,223,221,251
132,111,223,123,4,214,253,118,254
132,111,223,123,5,253,237,239,189
132,111,223,123,6,107,171,214,221
133,000,125,223,0,223,251,254,223
133,000,125,223,1,191,247,253,95
133,000,125,223,2,190,189,213,106
133,000,125,223,3,239,213,247,191
133,000,125,223,4,127,171,255,187
133,000,125,223,5,250,219,255,223
133,000,125,223,6,246,239,223,219
133,100,251,126,0,255,85,219,222
133,100,251,126,1,223,87,107,238
133,100,251,126,2,171,174,181,214
133,100,251,126,3,182,239,127,187
133,100,251,126,4,253,238,255,119
133,100,251,126,5,245,246,223,219
133,100,251,126,6,247,191,250,222
133,010,223,191,0,245,189,191,187
133,010,223,191,1,255,253,255,223
133,010,223,191,2,237,223,119,221
133,010,223,191,3,247,111,191,171
133,010,223,191,4,181,246,239,87
133,010,223,191,5,107,237,214,238
133,010,223,191,6,247,119,181,111
133,110,127,187,0,250,238,255,119
133,110,127,187,1,245,245,111,173
133,110,127,187,2,247,191,237,175
133,110,127,187,3,189,255,187,95
133,110,127,187,4,111,239,255,235
133,110,127,187,5,255,223,234,175
133,110,127,187,6,222,254,223,222
133,001,247,171,0,181,245,94,171
133,001,247,171,1,183,190,253,222
133,001,247,171,2,187,107,213,94
133,001,247,171,3,223,239,245,110
133,001,247,171,4,255,119,245,245
133,001,247,171,5,87,213,247,191
133,001,247,171,6,127,126,222,253
133,101,222,253,0,191,187,255,191
133,101,222,253,1,239,223,237,189
133,101,222,253,2,94,182,214,218
133,101,222,253,3,189,254,219,221
133,101,222,253,4,187,253,183,187
133,101,222,253,5,221,238,189,107
133,101,222,253,6,215,118,191,187
133,011,254,218,0,191,223,245,251
133,011,254,218,1,187,219,119,191
133,011,254,218,2,223,119,189,191
133,011,254,218,3,183,125,191,191
133,011,254,218,4,255,125,255,127
133,011,254,218,5,235,222,174,246
133,011,254,218,6,222,221,95,181
133,111,250,181,0,239,213,250,181
133,111,250,181,1,181,175,234,253
133,111,250,181,2,91,222,175,251
133,111,250,181,3,254,221,95,247
133,111,250,181,4,253,95,187,189
133,111,250,181,5,117,125,191,239
133,111,250,181,6,251,189,223,223
134,000,254,247,0,222,246,255,183
134,000,254,247,1,246,245,221,191
134,000,254,247,2,183,245,254,254
134,000,254,247,3,174,239,253,253
134,000,254,247,4,93,215,246,255
134,000,254,247,5,127,239,237,251
134,000,254,247,6,223,223,251,247
134,100,191,183,0,109,237,191,221
134,100,191,183,1,111,173,247,251
134,100,191,183,2,251,247,239,239
134,100,191,183,3,189,221,238,255
134,100,191,183,4,123,187,221,238
134,100,191,183,5,219,239,125,237
134,100,191,183,6,181,214,235,174
134,010,213,218,0,237,181,221,117
134,010,213,218,1,118,171,186,251
134,010,213,218,2,125,215,238,253
134,010,213,218,3,221,215,190,247
134,010,213,218,4,223,125,191,183
134,010,213,218,5,235,107,91,107
134,010,213,218,6,109,110,238,181
134,110,214,189,0,221,107,173,119
134,110,214,189,1,93,190,238,247
134,110,214,189,2,125,237,93,175
134,110,214,189,3,189,245,117,174
134,110,214,189,4,222,254,247,221
134,110,214,189,5,189,235,221,222
134,110,214,189,6,189,215,187,183
134,001,94,235,0,219,187,111,109
134,001,94,235,1,254,175,171,245
134,001,94,235,2,126,171,221,247
134,001,94,235,3,190,247,187,239
134,001,94,235,4,125,234,181,238
134,001,94,235,5,189,213,125,239
134,001,94,235,6,170,254,251,223
134,101,85,246,0,238,254,247,221
134,101,85,246,1,221,254,191,127
134,101,85,246,2,235,253,126,238
134,101,85,246,3,182,253,191,173
134,101,85,246,4,109,251,117,117
134,101,85,246,5,119,215,189,191
134,101,85,246,6,95,118,254,253
134,011,125,119,0,247,122,223,95
134,011,125,119,1,235,245,191,187
134,011,125,119,2,215,171,191,119
134,011,125,119,3,175,93,239,255
134,011,125,119,4,175,245,255,189
134,011,125,119,5,111,247,235,125
134,011,125,119,6,111,255,191,239
134,111,119,95,0,254,239,189,238
134,111,119,95,1,247,85,213,111
134,111,119,95,2,110,173,170,190
134,111,119,95,3,186,173,170,237
134,111,119,95,4,247,183,117,215
134,111,119,95,5,213,215,237,247
134,111,119,95,6,191,223,182,250
135,000,190,238,0,251,238,239,111
135,000,190,238,1,239,255,238,239
135,000,190,238,2,118,255,254,219
135,000,190,238,3,255,247,127,255
135,000,190,238,4,117,110,253,223
135,000,190,238,5,253,170,174,246
135,000,190,238,6,170,239,106,171
135,100,191,255,0,255,245,95,255
135,100,191,255,1,255,255,255,255
135,100,191,255,2,255,255,251,190
135,100,191,255,3,214,238,246,238
135,100,191,255,4,239,181,127,254
135,100,191,255,5,183,187,221,127
135,100,191,255,6,255,91,255,247
135,010,239,255,0,245,110,247,223
135,010,239,255,1,253,170,174,246
135,010,239,255,2,170,239,106,171
135,010,239,255,3,191,255,255,245
135,010,239,255,4,95,255,255,255
135,010,239,255,5,255,255,255,255
135,010,239,255,6,251,190,182,238
135,110,246,238,0,239,90,239,253
135,110,246,238,1,183,187,213,255
135,110,246,238,2,253,109,255,219
135,110,246,238,3,191,255,181,110
135,110,246,238,4,251,111,253,170
135,110,246,238,5,174,246,170,239
135,110,246,238,6,106,171,191,255
135,001,255,245,0,95,255,255,255
135,001,255,245,1,255,255,255,255
135,001,255,245,2,251,191,235,187
135,001,255,245,3,219,123,189,237
135,001,255,245,4,127,250,222,239
135,001,255,245,5,111,191,255,125
135,001,255,245,6,255,221,239,255
135,101,234,187,0,219,119,255,85
135,101,234,187,1,91,189,85,187
135,101,234,187,2,213,86,239,255
135,101,234,187,3,255,250,175,255
135,101,234,187,4,255,255,255,255
135,101,234,187,5,255,255,254,247
135,101,234,187,6,246,238,251,238
135,011,239,238,0,239,254,247,187
135,011,239,238,1,213,127,254,171
135,011,239,238,2,255,234,239,255
135,011,239,238,3,234,187,223,247
135,011,239,238,4,255,85,91,189
135,011,239,238,5,85,187,213,86
135,011,239,238,6,239,255,255,250
135,111,175,255,0,255,255,255,255
135,111,175,255,1,255,255,254,247
135,111,175,255,2,238,238,253,238
135,111,175,255,3,239,118,239,253
135,111,175,255,4,190,239,106,255
135,111,175,255,5,254,235,255,213
135,111,175,255,6,191,255,117,85
136,000,238,251,0,110,239,187,127
136,000,238,251,1,251,190,239,109
136,000,238,251,2,255,253,109,255
136,000,238,251,3,219,191,255,218
136,000,238,251,4,187,219,191,253
136,000,238,251,5,170,174,246,170
136,000,238,251,6,239,106,171,191
136,100,255,255,0,245,95,255,255
136,100,255,255,1,255,255,255,255
136,100,255,255,2,255,251,190,181
136,100,255,255,3,187,222,238,239
136,100,255,255,4,245,239,255,95
136,100,255,255,5,187,255,127,254
136,100,255,255,6,221,255,221,239
136,010,255,181,0,110,255,191,255
136,010,255,181,1,85,91,189,85
136,010,255,181,2,187,213,86,239
136,010,255,181,3,255,255,250,175
136,010,255,181,4,255,255,255,255
136,010,255,181,5,255,255,255,254
136,010,255,181,6,246,237,187,222
136,110,238,239,0,215,127,250,222
136,110,238,239,1,239,125,127,255
136,110,238,239,2,239,255,214,191
136,110,238,239,3,255,186,187,219
136,110,238,239,4,123,255,85,91
136,110,238,239,5,189,85,187,213
136,110,238,239,6,86,239,255,255
136,001,250,175,0,255,255,255,255
136,001,250,175,1,255,255,255,254
136,001,250,175,2,247,109,187,219
136,001,250,175,3,123,189,223,127
136,001,250,175,4,253,123,187,219
136,001,250,175,5,127,254,237,255
136,001,250,175,6,221,239,255,213
136,101,110,247,0,123,255,85,91
136,101,110,247,1,189,85,187,213
136,101,110,247,2,86,239,255,255
136,101,110,247,3,250,175,255,255
136,101,110,247,4,255,255,255,255
136,101,110,247,5,255,254,247,182
136,101,110,247,6,238,247,238,239
136,011,245,239,0,253,251,187,235
136,011,245,239,1,255,253,122,255
136,011,245,239,2,247,127,255,170
136,011,245,239,3,187,222,175,253
136,011,245,239,4,170,174,246,170
136,011,245,239,5,239,106,171,191
136,011,245,239,6,255,255,245,95
136,111,255,255,0,255,255,255,255
136,111,255,255,1,255,251,189,125
136,111,255,255,2,187,219,94,239
136,111,255,255,3,214,255,246,215
136,111,255,255,4,187,219,127,254
136,111,255,255,5,186,255,235,223
136,111,255,255,6,255,218,170,170
137,000,247,238,0,239,191,191,251
137,000,247,238,1,238,239,111,127
137,000,247,238,2,253,109,255,215
137,000,247,238,3,223,255,85,110
137,000,247,238,4,251,247,253,170
137,000,247,238,5,174,246,170,239
137,000,247,238,6,106,171,191,255
137,100,255,245,0,95,255,255,255
137,100,255,245,1,255,255,255,255
137,100,255,245,2,251,189,183,187
137,100,255,245,3,223,123,189,237
137,100,255,245,4,127,245,238,239
137,100,255,245,5,123,127,255,223
137,100,255,245,6,127,247,223,255
137,010,85,110,0,246,239,253,170
137,010,85,110,1,174,246,170,239
137,010,85,110,2,106,171,191,255
137,010,85,110,3,255,245,95,255
137,010,85,110,4,255,255,255,255
137,010,85,110,5,255,255,251,191
137,010,85,110,6,91,187,223,238
137,110,239,111,0,255,254,247,187
137,110,239,111,1,235,191,255,255
137,110,239,111,2,127,234,239,255
137,110,239,111,3,218,187,221,111
137,110,239,111,4,253,170,174,246
137,110,239,111,5,170,239,106,171
137,110,239,111,6,191,255,255,245
137,001,95,255,0,255,255,255,255
137,001,95,255,1,255,255,251,190
137,001,95,255,2,221,238,253,187
137,001,95,255,3,189,237,239,251
137,001,95,255,4,190,239,119,191
137,001,95,255,5,255,94,255,238
137,001,95,255,6,239,255,213,110
137,101,246,239,0,253,170,174,246
137,101,246,239,1,170,239,106,171
137,101,246,239,2,191,255,255,245
137,101,246,239,3,95,255,255,255
137,101,246,239,4,255,255,255,255
137,101,246,239,5,251,191,221,238
137,101,246,239,6,246,222,239,118
137,011,255,245,0,175,187,237,191
137,011,255,245,1,255,218,255,235
137,011,255,245,2,111,255,181,110
137,011,255,245,3,246,223,253,170
137,011,255,245,4,174,246,170,239
137,011,255,245,5,106,171,191,255
137,011,255,245,6,255,245,95,255
137,111,255,255,0,255,255,255,255
137,111,255,255,1,251,190,251,238
137,111,255,255,2,251,123,189,239
137,111,255,255,3,239,254,222,239
137,111,255,255,4,123,255,255,255
137,111,255,255,5,255,235,223,255
137,111,255,255,6,245,85,86,239
138,000,187,189,0,234,191,253,91
138,000,187,189,1,187,235,255,255
138,000,187,189,2,175,127,253,95
138,000,187,189,3,255,235,187,223
138,000,187,189,4,93,255,109,110
138,000,187,189,5,247,91,187,219
138,000,187,189,6,123,191,222,255
138,100,246,223,0,255,247,223,255
138,100,246,223,1,237,255,255,187
138,100,246,223,2,189,183,110,250
138,100,246,223,3,251,189,246,191
138,100,246,223,4,254,187,187,247
138,100,246,223,5,127,255,183,127
138,100,246,223,6,253,183,255,255
138,010,110,254,0,221,255,187,110
138,010,110,254,1,247,214,239,125
138,010,110,254,2,246,239,238,255
138,010,110,254,3,254,191,255,238
138,010,110,254,4,223,255,183,255
138,010,110,254,5,253,123,189,183
138,010,110,254,6,187,221,174,239
138,110,109,191,0,254,187,187,246
138,110,109,191,1,255,255,181,255
138,110,109,191,2,251,95,255,234
138,110,109,191,3,238,254,221,255
138,110,109,191,4,109,187,189,187
138,110,109,191,5,187,219,91,191
138,110,109,191,6,223,127,253,111
138,001,255,247,0,223,255,247,255
138,001,255,247,1,253,251,189,181
138,001,255,247,2,187,219,110,239
138,001,255,247,3,109,191,246,222
138,001,255,247,4,239,119,223,255
138,001,255,247,5,239,127,253,119
138,001,255,247,6,255,253,187,223
138,101,95,253,0,215,187,189,183
138,101,95,253,1,187,219,110,239
138,101,95,253,2,251,127,254,215
138,101,95,253,3,255,254,255,255
138,101,95,253,4,127,255,253,251
138,101,95,253,5,189,182,238,245
138,101,95,253,6,238,239,109,239
138,011,254,222,0,239,122,191,255
138,011,254,222,1,247,127,255,127
138,011,254,222,2,255,246,238,245
138,011,254,222,3,219,255,214,238
138,011,254,222,4,247,94,239,117
138,011,254,222,5,238,239,253,255
138,011,254,222,6,246,223,255,247
138,111,255,245,0,235,255,255,190
138,111,255,245,1,247,94,238,245
138,111,255,245,2,187,189,237,239
138,111,255,245,3,251,111,187,246
138,111,255,245,4,255,255,181,255
138,111,255,245,5,215,111,255,218
138,111,255,245,6,170,175,123,250
139,000,189,170,0,239,250,183,187
139,000,189,170,1,219,191,255,218
139,000,189,170,2,255,237,223,255
139,000,189,170,3,117,110,246,215
139,000,189,170,4,255,85,91,189
139,000,189,170,5,85,187,213,86
139,000,189,170,6,239,255,255,250
139,100,175,255,0,255,255,255,255
139,100,175,255,1,255,255,254,246
139,100,175,255,2,174,238,245,94
139,100,175,255,3,239,254,239,251
139,100,175,255,4,183,187,238,255
139,100,175,255,5,255,234,255,235
139,100,175,255,6,111,255,218,187
139,010,221,95,0,253,170,174,246
139,010,221,95,1,170,239,106,171
139,010,221,95,2,191,255,255,245
139,010,221,95,3,95,255,255,255
139,010,221,95,4,255,255,255,255
139,010,221,95,5,251,189,119,187
139,010,221,95,6,222,187,189,187
139,110,127,251,0,222,239,125,191
139,110,127,251,1,254,173,255,213
139,110,127,251,2,223,255,181,110
139,110,127,251,3,247,187,255,85
139,110,127,251,4,91,189,85,187
139,110,127,251,5,213,86,239,255
139,110,127,251,6,255,250,175,255
139,001,255,255,0,255,255,255,255
139,001,255,255,1,254,247,93,238
139,001,255,255,2,247,123,189,189
139,001,255,255,3,239,253,247,187
139,001,255,255,4,234,255,254,253
139,001,255,255,5,255,214,191,255
139,001,255,255,6,90,187,221,111
139,101,253,170,0,174,246,170,239
139,101,253,170,1,106,171,191,255
139,101,253,170,2,255,245,95,255
139,101,253,170,3,255,255,255,255
139,101,253,170,4,255,255,251,190
139,101,253,170,5,251,238,251,190
139,101,253,170,6,239,190,255,251
139,011,239,187,0,239,255,255,239
139,011,239,187,1,255,254,255,255
139,011,239,187,2,245,110,255,191
139,011,239,187,3,255,85,91,189
139,011,239,187,4,85,187,213,86
139,011,239,187,5,239,255,255,250
139,011,239,187,6,175,255,255,255
139,111,255,255,0,255,255,254,247
139,111,255,255,1,191,187,218,251
139,111,255,255,2,189,239,239,254
139,111,255,255,3,254,239,123,255
139,111,255,255,4,255,255,255,251
139,111,255,255,5,191,255,245,85
139,111,255,255,6,95,191,250,170
140,000,119,111,0,255,110,239,123
140,000,119,111,1,255,255,219,255
140,000,119,111,2,251,127,255,246
140,000,119,111,3,238,255,125,255
140,000,119,111,4,213,187,191,91
140,000,119,111,5,187,245,110,239
140,000,119,111,6,253,255,253,95
140,100,255,251,0,223,255,87,255
140,100,255,251,1,251,126,247,221
140,100,255,251,2,187,221,187,189
140,100,255,251,3,246,239,255,123
140,100,255,251,4,187,245,255,255
140,100,255,251,5,183,127,253,247
140,100,255,251,6,255,246,238,245
140,010,183,253,0,235,187,191,87
140,010,183,253,1,187,245,123,191
140,010,183,253,2,239,127,251,87
140,010,183,253,3,255,255,223,251
140,010,183,253,4,183,255,254,254
140,010,183,253,5,247,219,187,221
140,010,183,253,6,238,239,235,239
140,110,253,183,0,187,245,255,255
140,110,253,183,1,215,127,255,95
140,110,253,183,2,255,247,187,221
140,110,253,183,3,187,255,106,238
140,110,253,183,4,247,174,239,109
140,110,253,183,5,94,239,255,127
140,110,253,183,6,254,191,255,94
140,001,191,251,0,187,255,238,219
140,001,191,251,1,191,175,187,221
140,001,191,251,2,187,189,182,239
140,001,191,251,3,253,190,239,109
140,001,191,251,4,191,255,239,127
140,001,191,251,5,235,111,255,171
140,001,191,251,6,187,221,223,253
140,101,235,123,0,189,175,187,237
140,101,235,123,1,123,189,122,255
140,101,235,123,2,254,175,255,187
140,101,235,123,3,191,253,123,255
140,101,235,123,4,238,238,246,219
140,101,235,123,5,187,221,222,239
140,101,235,123,6,107,239,254,190
140,011,239,109,0,255,253,93,255
140,011,239,109,1,222,239,255,221
140,011,239,109,2,238,245,111,253
140,011,239,109,3,234,251,190,222
140,011,239,109,4,239,117,123,189
140,011,239,109,5,125,255,253,95
140,011,239,109,6,255,219,191,254
140,111,251,255,0,247,187,191,175
140,111,251,255,1,187,221,190,239
140,111,251,255,2,87,239,254,254
140,111,251,255,3,239,123,255,254
140,111,251,255,4,235,255,213,191
140,111,251,255,5,255,245,85,95
140,111,251,255,6,191,250,170,170
141,000,239,254,0,175,187,251,255
141,000,239,254,1,255,221,255,250
141,000,239,254,2,255,255,247,110
141,000,239,254,3,255,191,255,123
141,000,239,254,4,187,189,182,239
141,000,239,254,5,117,174,239,239
141,000,239,254,6,127,255,119,255
141,100,255,223,0,255,253,255,254
141,100,255,223,1,251,190,247,110
141,100,255,223,2,245,174,239,221
141,100,255,223,3,239,254,239,187
141,100,255,223,4,222,255,255,253
141,100,255,223,5,255,255,247,255
141,100,255,223,6,223,110,246,239
141,010,253,251,0,187,191,174,239
141,010,253,251,1,125,219,191,183
141,010,253,251,2,127,255,183,255
141,010,253,251,3,219,127,253,183
141,010,253,251,4,255,253,222,247
141,010,253,251,5,239,110,245,219
141,010,253,251,6,189,239,239,254
141,110,254,239,0,127,255,255,251
141,110,254,239,1,255,255,175,255
141,110,254,239,2,250,238,255,191
141,110,254,239,3,255,254,251,189
141,110,254,239,4,190,239,117,187
141,110,254,239,5,191,171,127,255
141,110,254,239,6,247,255,247,127
141,001,255,119,0,255,253,123,189
141,001,255,119,1,117,187,221,187
141,001,255,119,2,189,239,239,254
141,001,255,119,3,254,239,123,255
141,001,255,119,4,255,253,255,247
141,001,255,119,5,239,255,253,187
141,001,255,119,6,223,255,253,239
141,101,238,247,0,95,187,219,123
141,101,238,247,1,191,173,255,251
141,101,238,247,2,239,255,251,255
141,101,238,247,3,255,255,255,250
141,101,238,247,4,251,191,93,187
141,101,238,247,5,221,238,239,190
141,101,238,247,6,255,251,239,187
141,011,239,255,0,255,250,255,255
141,011,239,255,1,191,255,246,238
141,011,239,255,2,255,191,255,190
141,011,239,255,3,251,189,190,239
141,011,239,255,4,123,94,239,215
141,011,239,255,5,127,254,255,255
141,011,239,255,6,251,255,255,255
141,111,255,250,0,174,247,183,187
141,111,255,250,1,219,94,239,190
141,111,255,250,2,255,251,239,187
141,111,255,250,3,251,255,255,251
141,111,255,250,4,255,223,239,255
141,111,255,250,5,250,170,175,255
141,111,255,250,6,245,85,85,85
142,000,239,239,0,253,255,127,175
142,000,239,239,1,218,251,239,95
142,000,239,239,2,87,94,247,183
142,000,239,239,3,94,235,247,126
142,000,239,239,4,239,190,183,235
142,000,239,239,5,186,223,254,255
142,000,239,239,6,213,191,119,254
142,100,255,221,0,123,175,125,246
142,100,255,221,1,239,125,174,219
142,100,255,221,2,190,247,183,122
142,100,255,221,3,222,191,215,247
142,100,255,221,4,118,239,234,219
142,100,255,221,5,246,221,215,110
142,100,255,221,6,247,126,255,223
142,010,239,126,0,253,223,118,254
142,010,239,126,1,255,187,253,255
142,010,239,126,2,111,111,126,255
142,010,239,126,3,255,245,91,85
142,010,239,126,4,251,251,239,222
142,010,239,126,5,255,125,222,223
142,010,239,126,6,119,237,221,183
142,110,182,253,0,247,95,190,235
142,110,182,253,1,221,125,95,183
142,110,182,253,2,190,250,223,91
142,110,182,253,3,125,239,189,251
142,110,182,253,4,239,109,173,183
142,110,182,253,5,239,125,239,127
142,110,182,253,6,245,174,181,215
142,001,222,251,0,255,171,223,215
142,001,222,251,1,181,221,173,181
142,001,222,251,2,189,237,119,251
142,001,222,251,3,239,219,239,126
142,001,222,251,4,239,175,255,175
142,001,222,251,5,251,117,253,117
142,001,222,251,6,126,175,221,251
142,101,191,239,0,111,190,255,223
142,101,191,239,1,183,123,123,122
142,101,191,239,2,223,183,107,181
142,101,191,239,3,219,117,214,255
142,101,191,239,4,125,111,253,247
142,101,191,239,5,254,255,123,237
142,101,191,239,6,222,253,223,189
142,011,251,190,0,235,219,109,250
142,011,251,190,1,223,221,234,251
142,011,251,190,2,111,109,247,254
142,011,251,190,3,255,87,123,126
142,011,251,190,4,239,223,215,250
142,011,251,190,5,251,222,183,90
142,011,251,190,6,235,95,239,191
142,111,117,187,0,253,253,237,190
142,111,117,187,1,239,219,223,250
142,111,117,187,2,251,187,247,123
142,111,117,187,3,253,125,125,237
142,111,117,187,4,235,110,251,234
142,111,117,187,5,170,173,223,85
142,111,117,187,6,85,85,85,85
143,000,187,187,0,215,127,255,191
143,000,187,187,1,255,239,95,255
143,000,187,187,2,245,187,223,183
143,000,187,187,3,255,119,110,247
143,000,187,187,4,118,239,117,174
143,000,187,187,5,239,247,255,246
143,000,187,187,6,191,255,237,127
143,100,255,95,0,255,251,123,189
143,100,255,95,1,250,238,254,219
143,100,255,95,2,189,223,111,251
143,100,255,95,3,187,187,247,127
143,100,255,95,4,255,109,255,237
143,100,255,95,5,127,255,173,187
143,100,255,95,6,219,247,255,237
143,010,187,191,0,219,187,250,238
143,010,187,191,1,239,221,255,253
143,010,187,191,2,223,255,87,255
143,010,187,191,3,255,95,255,247
143,010,187,191,4,123,190,246,238
143,010,187,191,5,245,219,189,246
143,010,187,191,6,239,253,110,239
143,110,117,191,0,255,253,255,213
143,110,117,191,1,175,255,173,187
143,110,117,191,2,218,187,255,173
143,110,117,191,3,238,247,126,239
143,110,117,191,4,123,110,239,93
143,110,117,191,5,255,253,255,255
143,110,117,191,6,118,255,254,239
143,001,255,239,0,222,247,254,238
143,001,255,239,1,247,110,239,254
143,001,255,239,2,239,255,187,187
143,001,255,239,3,223,255,255,126
143,001,255,239,4,255,254,191,255
143,001,255,239,5,235,187,223,239
143,001,255,239,6,255,119,187,189
143,101,222,239,0,117,187,191,255
143,101,222,239,1,127,255,255,255
143,101,222,239,2,254,191,250,187
143,101,222,239,3,255,237,174,247
143,101,222,239,4,238,238,247,187
143,101,222,239,5,189,223,191,253
143,101,222,239,6,110,239,123,127
143,011,254,239,0,255,222,255,255
143,011,254,239,1,183,187,221,223
143,011,254,239,2,255,106,238,246
143,011,254,239,3,174,239,126,238
143,011,254,239,4,239,175,255,254
143,011,254,239,5,175,255,253,255
143,011,254,239,6,255,223,255,255
143,111,190,247,0,119,187,218,251
143,111,190,247,1,189,182,239,253
143,111,190,247,2,110,239,127,191
143,111,190,247,3,255,87,255,234
143,111,190,247,4,239,255,234,170
143,111,190,247,5,171,123,250,170
143,111,190,247,6,170,170,170,170
144,000,239,125,0,127,254,171,255
144,000,239,125,1,247,191,255,186
144,000,239,125,2,187,223,255,253
144,000,239,125,3,170,174,246,170
144,000,239,125,4,239,106,171,191
144,000,239,125,5,255,255,245,95
144,000,239,125,6,255,255,255,255
144,100,255,255,0,255,251,190,247
144,100,255,255,1,238,246,251,189
144,100,255,255,2,239,239,254,254
144,100,255,255,3,239,123,255,255
144,100,255,255,4,123,255,254,191
144,100,255,255,5,255,250,187,223
144,100,255,255,6,255,253,170,174
144,010,246,170,0,239,106,171,191
144,010,246,170,1,255,255,245,95
144,010,246,170,2,255,255,255,255
144,010,246,170,3,255,255,255,251
144,010,246,170,4,190,239,238,251
144,010,246,170,5,251,189,239,239
144,010,246,170,6,254,254,239,123
144,110,255,255,0,235,255,246,191
144,110,255,255,1,255,250,187,223
144,110,255,255,2,255,253,170,174
144,110,255,255,3,246,170,239,106
144,110,255,255,4,171,191,255,255
144,110,255,255,5,245,95,255,255
144,110,255,255,6,255,255,255,255
144,001,255,251,0,189,221,238,245
144,001,255,251,1,126,239,190,255
144,001,255,251,2,251,239,187,251
144,001,255,251,3,255,255,251,255
144,001,255,251,4,213,255,255,245
144,001,255,251,5,110,255,191,255
144,001,255,251,6,85,91,189,85
144,101,187,213,0,86,239,255,255
144,101,187,213,1,250,175,255,255
144,101,187,213,2,255,255,255,255
144,101,187,213,3,255,254,247,123
144,101,187,213,4,238,253,126,239
144,101,187,213,5,190,255,251,239
144,101,187,213,6,187,239,255,253
144,011,175,255,0,255,223,255,250
144,011,175,255,1,187,223,255,253
144,011,175,255,2,170,174,246,170
144,011,175,255,3,239,106,171,191
144,011,175,255,4,255,255,245,95
144,011,175,255,5,255,255,255,255
144,011,175,255,6,255,255,255,251
144,111,190,251,0,238,251,251,189
144,111,190,251,1,239,239,254,254
144,111,190,251,2,239,127,255,255
144,111,190,251,3,239,255,247,191
144,111,190,251,4,255,250,170,175
144,111,190,251,5,255,245,85,85
144,111,190,251,6,85,85,85,85
145,000,127,191,0,235,253,127,190
145,000,127,191,1,223,110,254,253
145,000,127,191,2,223,223,219,251
145,000,127,191,3,191,119,239,237
145,000,127,191,4,239,95,219,235
145,000,127,191,5,250,239,183,247
145,000,127,191,6,250,255,95,183
145,100,219,191,0,191,223,219,251
145,100,219,191,1,126,189,235,251
145,100,219,191,2,187,218,219,181
145,100,219,191,3,239,191,219,251
145,100,219,191,4,127,251,183,235
145,100,219,191,5,254,215,222,251
145,100,219,191,6,221,255,191,246
145,010,187,247,0,253,239,221,122
145,010,187,247,1,219,191,119,251
145,010,187,247,2,254,191,239,175
145,010,187,247,3,235,191,223,247
145,010,187,247,4,239,251,222,255
145,010,187,247,5,189,255,191,223
145,010,187,247,6,95,235,255,191
145,110,247,223,0,125,253,247,253
145,110,247,223,1,251,173,191,183
145,110,247,223,2,247,87,117,221
145,110,247,223,3,110,182,235,186
145,110,247,223,4,223,213,250,181
145,110,247,223,5,183,251,250,191
145,110,247,223,6,175,189,247,191
145,001,223,221,0,109,215,118,221
145,001,223,221,1,119,251,127,111
145,001,223,221,2,175,234,239,127
145,001,223,221,3,219,251,126,255
145,001,223,221,4,183,246,255,251
145,001,223,221,5,190,247,223,87
145,001,223,221,6,234,255,215,247
145,101,246,254,0,221,109,173,191
145,101,246,254,1,126,171,173,181
145,101,246,254,2,191,87,234,245
145,101,246,254,3,95,239,221,251
145,101,246,254,4,190,251,223,251
145,101,246,254,5,251,239,94,246
145,101,246,254,6,255,127,239,223
145,011,125,237,0,237,189,255,221
145,011,125,237,1,251,111,215,254
145,011,125,237,2,255,223,222,255
145,011,125,237,3,253,191,221,107
145,011,125,237,4,173,119,251,91
145,011,125,237,5,254,251,255,87
145,011,125,237,6,234,218,218,255
145,111,111,237,0,246,254,223,174
145,111,111,237,1,255,119,254,191
145,111,111,237,2,255,223,251,251
145,111,111,237,3,254,213,186,183
145,111,111,237,4,245,85,95,87
145,111,111,237,5,85,85,85,85
145,111,111,237,6,85,85,85,85
146,000,190,251,0,253,127,191,239
146,000,190,251,1,250,254,253,223
146,000,190,251,2,253,253,174,235
146,000,190,251,3,111,239,93,223
146,000,190,251,4,187,247,235,250
146,000,190,251,5,234,239,215,245
146,000,190,251,6,126,175,215,126
146,100,254,187,0,111,238,253,223
146,100,254,187,1,187,247,91,123
146,100,254,187,2,223,183,253,222
146,100,254,187,3,223,219,251,126
146,100,254,187,4,255,183,253,254
146,100,254,187,5,253,255,237,255
146,100,254,187,6,247,127,127,215
146,010,247,254,0,255,223,215,250
146,010,247,254,1,245,127,222,173
146,010,247,254,2,181,181,119,191
146,010,247,254,3,127,127,127,222
146,010,247,254,4,253,254,255,223
146,010,247,254,5,123,239,223,191
146,010,247,254,6,247,247,223,239
146,110,223,127,0,191,247,254,253
146,110,223,127,1,215,127,247,247
146,110,223,127,2,187,247,125,111
146,110,223,127,3,247,213,221,119
146,110,223,127,4,234,253,95,191
146,110,223,127,5,213,173,181,186
146,110,223,127,6,219,173,254,174
146,001,222,187,0,173,191,191,219
146,001,222,187,1,246,255,109,127
146,001,222,187,2,93,254,254,251
146,001,222,187,3,251,127,191,223
146,001,222,187,4,246,255,251,191
146,001,222,187,5,253,255,187,254
146,001,222,187,6,255,223,127,213
146,101,250,189,0,109,173,187,250
146,101,250,189,1,187,109,237,189
146,101,250,189,2,222,247,107,110
146,101,250,189,3,253,239,189,254
146,101,250,189,4,255,223,187,255
146,101,250,189,5,187,255,127,247
146,101,250,189,6,254,255,223,127
146,011,255,223,0,251,251,251,127
146,011,255,223,1,255,247,239,253
146,011,255,223,2,255,223,127,254
146,011,255,223,3,255,221,107,173
146,011,255,223,4,123,254,253,239
146,011,255,223,5,189,253,223,187
146,011,255,223,6,247,239,255,111
146,111,237,245,0,253,119,247,251
146,111,237,245,1,239,127,239,245
146,111,237,245,2,126,175,223,122
146,111,237,245,3,255,191,247,245
146,111,237,245,4,85,95,87,234
146,111,237,245,5,170,170,170,170
146,111,237,245,6,170,170,170,175
147,000,127,255,0,251,106,237,93
147,000,127,255,1,255,223,125,219
147,000,127,255,2,183,239,247,223
147,000,127,255,3,191,223,239,191
147,000,127,255,4,127,255,253,254
147,000,127,255,5,255,223,255,255
147,000,127,255,6,127,255,247,255
147,100,247,223,0,191,223,122,250
147,100,247,223,1,175,239,253,250
147,100,247,223,2,190,171,239,255
147,100,247,223,3,127,255,254,215
147,100,247,223,4,109,187,251,247
147,100,247,223,5,251,247,119,239
147,100,247,223,6,247,223,191,223
147,010,239,191,0,127,255,253,254
147,010,239,191,1,255,223,255,255
147,010,239,191,2,127,255,247,255
147,010,239,191,3,247,222,187,247
147,010,239,191,4,253,189,223,87
147,010,239,191,5,253,255,111,237
147,010,239,191,6,251,255,255,239
147,110,251,117,0,237,123,251,247
147,110,251,117,1,245,91,87,174
147,110,251,117,2,253,253,95,93
147,110,251,117,3,235,189,127,239
147,110,251,117,4,255,245,127,223
147,110,251,117,5,255,255,127,255
147,110,251,117,6,247,255,247,222
147,001,187,247,0,245,122,175,87
147,001,187,247,1,253,253,95,85
147,001,187,247,2,239,255,127,255
147,001,187,247,3,251,127,95,181
147,001,187,247,4,251,247,245,118
147,001,187,247,5,175,189,247,223
147,001,187,247,6,190,238,245,223
147,101,95,255,0,253,254,191,254
147,101,95,255,1,255,255,122,182
147,101,95,255,2,173,127,215,223
147,101,95,255,3,171,247,254,222
147,101,95,255,4,187,234,255,246
147,101,95,255,5,222,219,251,255
147,101,95,255,6,255,239,254,237
147,011,221,95,0,245,247,250,191
147,011,221,95,1,87,186,247,223
147,011,221,95,2,119,110,251,187
147,011,221,95,3,125,191,253,251
147,011,221,95,4,127,171,111,255
147,011,221,95,5,127,171,245,119
147,011,221,95,6,183,223,254,247
147,111,247,126,0,239,251,253,255
147,111,247,126,1,187,247,126,255
147,111,247,126,2,254,187,254,213
147,111,247,126,3,218,187,170,170
147,111,247,126,4,170,235,85,85
147,111,247,126,5,85,85,85,85
147,111,247,126,6,85,85,95,255
148,000,254,255,0,255,223,255,255
148,000,254,255,1,187,223,255,253
148,000,254,255,2,239,238,247,126
148,000,254,255,3,239,119,251,189
148,000,254,255,4,86,255,254,255
148,000,254,255,5,255,251,255,255
148,000,254,255,6,255,255,234,238
148,100,247,223,0,187,221,254,239
148,100,247,223,1,190,255,251,239
148,100,247,223,2,187,219,255,255
148,100,247,223,3,94,255,245,239
148,100,247,223,4,255,255,238,255
148,100,247,223,5,191,255,190,251
148,100,247,223,6,191,126,239,126
148,010,254,239,0,251,255,251,239
148,010,254,239,1,255,255,255,255
148,010,254,239,2,191,255,255,187
148,010,254,239,3,191,111,187,219
148,010,254,239,4,187,189,239,239
148,010,254,239,5,254,254,239,111
148,010,254,239,6,255,255,189,255
148,110,251,247,0,255,255,238,255
148,110,251,247,1,191,255,190,251
148,110,251,247,2,189,222,239,118
148,110,251,247,3,254,239,111,255
148,110,251,247,4,254,255,255,251
148,110,251,247,5,255,255,255,255
148,110,251,247,6,219,251,189,251
148,001,187,222,0,251,189,239,239
148,001,187,222,1,254,254,239,127
148,001,187,222,2,255,255,187,127
148,001,187,222,3,255,191,255,247
148,001,187,222,4,238,255,191,255
148,001,187,222,5,190,251,190,239
148,001,187,222,6,187,238,251,189
148,101,118,255,0,254,255,255,251
148,101,118,255,1,255,255,255,255
148,101,118,255,2,215,110,247,183
148,101,118,255,3,187,222,187,189
148,101,118,255,4,239,239,254,254
148,101,118,255,5,239,127,255,255
148,101,118,255,6,183,127,255,127
148,011,255,255,0,187,223,255,253
148,011,255,255,1,246,251,189,223
148,011,255,255,2,187,221,254,238
148,011,255,255,3,171,255,253,191
148,011,255,255,4,255,251,255,255
148,011,255,255,5,255,255,213,110
148,011,255,255,6,246,221,238,247
148,111,123,189,0,239,239,254,254
148,111,123,189,1,239,111,255,255
148,111,123,189,2,191,127,235,223
148,111,123,189,3,255,245,85,95
148,111,123,189,4,191,250,170,170
148,111,123,189,5,170,170,170,170
148,111,123,189,6,170,175,255,255
149,000,181,127,0,94,239,117,247
149,000,181,127,1,123,175,247,125
149,000,181,127,2,235,223,191,250
149,000,181,127,3,255,95,127,223
149,000,181,127,4,91,181,239,223
149,000,181,127,5,91,191,175,215
149,000,181,127,6,189,239,111,189
149,100,187,222,0,251,187,119,189
149,100,187,222,1,255,191,222,250
149,100,187,222,2,255,123,247,171
149,100,187,222,3,255,191,247,87
149,100,187,222,4,254,247,189,251
149,100,187,222,5,253,239,125,239
149,100,187,222,6,183,119,219,239
149,010,119,255,0,127,189,191,254
149,010,119,255,1,255,119,251,251
149,010,119,255,2,175,117,237,239
149,010,119,255,3,247,191,187,239
149,010,119,255,4,239,127,127,187
149,010,119,255,5,191,183,255,117
149,010,119,255,6,237,213,255,191
149,110,123,171,0,254,247,186,247
149,110,123,171,1,237,239,123,221
149,110,123,171,2,191,189,247,187
149,110,123,171,3,127,175,123,237
149,110,123,171,4,239,187,235,251
149,110,123,171,5,253,251,123,111
149,110,123,171,6,111,222,190,239
149,001,123,238,0,247,119,125,119
149,001,123,238,1,238,223,109,127
149,001,123,238,2,238,182,253,255
149,001,123,238,3,189,109,246,238
149,001,123,238,4,255,235,253,221
149,001,123,238,5,238,247,123,94
149,001,123,238,6,215,110,239,254
149,101,255,183,0,119,254,255,213
149,101,255,183,1,90,175,255,191
149,101,255,183,2,251,189,221,187
149,101,255,183,3,219,219,187,119
149,101,255,183,4,190,221,223,94
149,101,255,183,5,238,253,127,218
149,101,255,183,6,238,250,247,235
149,011,175,247,0,190,191,222,251
149,011,175,247,1,183,119,235,239
149,011,175,247,2,189,247,223,251
149,011,175,247,3,127,183,119,253
149,011,175,247,4,254,218,250,247
149,011,175,247,5,247,254,255,119
149,011,175,247,6,119,190,222,253
149,111,190,247,0,109,222,246,247
149,111,190,247,1,219,191,189,109
149,111,190,247,2,219,191,117,117
149,111,190,247,3,218,170,175,223
149,111,190,247,4,234,170,170,170
149,111,190,247,5,170,170,170,170
149,111,190,247,6,175,255,255,250
150,000,250,191,0,255,215,187,223
150,000,250,191,1,255,253,221,238
150,000,250,191,2,247,123,187,221
150,000,250,191,3,238,239,255,255
150,000,250,191,4,253,223,255,255
150,000,250,191,5,255,255,255,255
150,000,250,191,6,255,254,247,119
150,100,187,221,0,238,239,119,191
150,100,187,221,1,247,123,187,223
150,100,187,221,2,255,255,255,255
150,100,187,221,3,255,255,255,254
150,100,187,221,4,238,255,255,253
150,100,187,221,5,221,238,247,123
150,100,187,221,6,187,221,238,239
150,010,255,255,0,253,223,255,255
150,010,255,255,1,255,255,255,255
150,010,255,255,2,255,254,247,119
150,010,255,255,3,187,221,238,239
150,010,255,255,4,119,191,247,123
150,010,255,255,5,187,223,255,255
150,010,255,255,6,255,255,255,255
150,110,255,254,0,238,255,255,253
150,110,255,254,1,221,238,247,123
150,110,255,254,2,187,221,238,239
150,110,255,254,3,255,255,253,223
150,110,255,254,4,255,255,255,255
150,110,255,254,5,255,255,255,254
150,110,255,254,6,247,119,187,221
150,001,238,239,0,119,191,247,123
150,001,238,239,1,187,223,255,255
150,001,238,239,2,255,255,255,255
150,001,238,239,3,255,254,238,255
150,001,238,239,4,255,253,221,238
150,001,238,239,5,247,123,187,221
150,001,238,239,6,238,239,255,255
150,101,253,223,0,255,255,255,255
150,101,253,223,1,255,255,255,254
150,101,253,223,2,247,119,187,221
150,101,253,223,3,238,239,119,191
150,101,253,223,4,247,123,187,223
150,101,253,223,5,255,255,255,255
150,101,253,223,6,255,255,255,254
150,011,238,255,0,255,253,221,238
150,011,238,255,1,247,123,187,221
150,011,238,255,2,238,239,255,255
150,011,238,255,3,253,223,255,255
150,011,238,255,4,255,255,255,255
150,011,238,255,5,255,254,247,119
150,011,238,255,6,187,221,238,239
150,111,119,191,0,247,123,187,223
150,111,119,191,1,255,255,255,255
150,111,119,191,2,255,255,255,250
150,111,119,191,3,170,175,255,250
150,111,119,191,4,170,170,170,170
150,111,119,191,5,170,170,170,175
150,111,119,191,6,255,255,250,175
151,000,255,255,0,247,187,223,255
151,000,255,255,1,255,119,187,189
151,000,255,255,2,222,239,119,123
151,000,255,255,3,191,255,255,247
151,000,255,255,4,127,255,255,255
151,000,255,255,5,255,255,255,255
151,000,255,255,6,251,189,222,238
151,100,247,123,0,189,221,239,253
151,100,247,123,1,222,239,127,255
151,100,247,123,2,255,255,255,255
151,100,247,123,3,255,255,247,187
151,100,247,123,4,223,255,255,119
151,100,247,123,5,187,189,222,239
151,100,247,123,6,119,123,191,255
151,010,255,247,0,127,255,255,255
151,010,255,247,1,255,255,255,255
151,010,255,247,2,251,189,222,238
151,010,255,247,3,247,123,189,221
151,010,255,247,4,239,253,222,239
151,010,255,247,5,127,255,255,255
151,010,255,247,6,255,255,255,255
151,110,247,187,0,223,255,255,119
151,110,247,187,1,187,189,222,239
151,110,247,187,2,119,123,191,255
151,110,247,187,3,255,247,127,255
151,110,247,187,4,255,255,255,255
151,110,247,187,5,255,255,251,189
151,110,247,187,6,222,238,247,123
151,001,189,221,0,239,253,222,239
151,001,189,221,1,127,255,255,255
151,001,189,221,2,255,255,255,255
151,001,189,221,3,247,187,223,255
151,001,189,221,4,255,119,187,189
151,001,189,221,5,222,239,119,123
151,001,189,221,6,191,255,255,247
151,101,127,255,0,255,255,255,255
151,101,127,255,1,255,255,251,189
151,101,127,255,2,222,238,247,123
151,101,127,255,3,189,221,239,253
151,101,127,255,4,222,239,127,255
151,101,127,255,5,255,255,255,255
151,101,127,255,6,255,255,247,187
151,011,223,255,0,255,170,251,189
151,011,223,255,1,85,187,213,86
151,011,223,255,2,239,239,127,250
151,011,223,255,3,175,255,173,191
151,011,223,255,4,255,239,255,219
151,011,223,255,5,123,189,87,187
151,011,223,255,6,218,171,189,170
151,111,255,245,0,85,187,213,223
151,111,255,245,1,255,235,255,246
151,111,255,245,2,255,255,245,85
151,111,255,245,3,93,191,245,85
151,111,255,245,4,85,85,85,85
151,111,255,245,5,85,85,95,255
151,111,255,245,6,255,245,95,255
152,000,255,238,0,238,246,183,255
152,000,255,238,1,119,187,189,222
152,000,255,238,2,239,119,123,191
152,000,255,238,3,255,255,247,127
152,000,255,238,4,255,255,255,255
152,000,255,238,5,255,255,255,251
152,000,255,238,6,189,222,238,247
152,100,123,189,0,221,239,253,222
152,100,123,189,1,239,127,255,255
152,100,123,189,2,255,255,255,255
152,100,123,189,3,255,247,187,223
152,100,123,189,4,255,255,119,187
152,100,123,189,5,189,222,239,119
152,100,123,189,6,123,191,255,255
152,010,247,127,0,255,255,255,255
152,010,247,127,1,255,255,255,251
152,010,247,127,2,189,222,238,247
152,010,247,127,3,123,189,221,239
152,010,247,127,4,253,222,239,127
152,010,247,127,5,255,255,255,255
152,010,247,127,6,255,255,255,247
152,110,187,223,0,255,255,119,187
152,110,187,223,1,189,222,239,119
152,110,187,223,2,123,191,255,255
152,110,187,223,3,247,127,255,255
152,110,187,223,4,255,255,255,255
152,110,187,223,5,255,251,189,222
152,110,187,223,6,238,247,123,189
152,001,221,239,0,253,222,239,127
152,001,221,239,1,255,255,255,255
152,001,221,239,2,255,255,255,247
152,001,221,239,3,187,223,255,255
152,001,221,239,4,119,187,189,222
152,001,221,239,5,239,119,123,191
152,001,221,239,6,255,255,247,127
152,101,255,255,0,255,255,255,255
152,101,255,255,1,255,251,189,222
152,101,255,255,2,238,247,123,189
152,101,255,255,3,221,239,253,222
152,101,255,255,4,239,127,255,255
152,101,255,255,5,255,255,255,255
152,101,255,255,6,255,247,187,223
152,011,255,255,0,119,187,189,222
152,011,255,255,1,239,119,123,191
152,011,255,255,2,255,255,247,127
152,011,255,255,3,255,255,255,255
152,011,255,255,4,255,255,255,251
152,011,255,255,5,189,222,238,247
152,011,255,255,6,123,189,221,239
152,111,253,222,0,239,127,255,255
152,111,253,222,1,255,255,255,255
152,111,253,222,2,255,245,85,95
152,111,253,222,3,255,245,85,85
152,111,253,222,4,85,85,85,85
152,111,253,222,5,85,95,255,255
152,111,253,222,6,245,95,255,255
153,000,238,238,0,254,181,255,119
153,000,238,238,1,187,189,222,239
153,000,238,238,2,119,123,191,255
153,000,238,238,3,255,247,127,255
153,000,238,238,4,255,255,255,255
153,000,238,238,5,255,255,251,189
153,000,238,238,6,222,238,247,123
153,100,189,221,0,239,253,222,239
153,100,189,221,1,127,255,255,255
153,100,189,221,2,255,255,255,255
153,100,189,221,3,247,187,223,255
153,100,189,221,4,255,119,187,189
153,100,189,221,5,222,239,119,123
153,100,189,221,6,191,255,255,247
153,010,127,255,0,255,255,255,255
153,010,127,255,1,255,255,251,189
153,010,127,255,2,222,238,247,123
153,010,127,255,3,189,221,239,253
153,010,127,255,4,222,239,127,255
153,010,127,255,5,255,255,255,255
153,010,127,255,6,255,255,247,187
153,110,223,255,0,255,119,187,189
153,110,223,255,1,222,239,119,123
153,110,223,255,2,191,255,255,247
153,110,223,255,3,127,255,255,255
153,110,223,255,4,255,255,255,255
153,110,223,255,5,251,189,222,238
153,110,223,255,6,247,123,189,221
153,001,239,253,0,222,239,127,255
153,001,239,253,1,255,255,255,255
153,001,239,253,2,255,255,247,187
153,001,239,253,3,223,255,255,119
153,001,239,253,4,187,189,222,239
153,001,239,253,5,119,123,191,255
153,001,239,253,6,255,247,127,255
153,101,255,255,0,255,255,255,255
153,101,255,255,1,251,189,222,238
153,101,255,255,2,247,123,189,221
153,101,255,255,3,239,253,222,239
153,101,255,255,4,127,255,255,255
153,101,255,255,5,255,255,255,255
153,101,255,255,6,247,187,223,255
153,011,255,119,0,187,189,222,239
153,011,255,119,1,119,123,191,255
153,011,255,119,2,255,247,127,255
153,011,255,119,3,255,255,255,255
153,011,255,119,4,255,255,251,189
153,011,255,119,5,222,238,247,123
153,011,255,119,6,189,221,239,253
153,111,222,239,0,127,255,255,255
153,111,222,239,1,255,255,255,255
153,111,222,239,2,245,85,95,255
153,111,222,239,3,245,85,85,85
153,111,222,239,4,85,85,85,85
153,111,222,239,5,95,255,255,245
153,111,222,239,6,95,255,255,255
154,000,187,219,0,119,255,190,251
154,000,187,219,1,190,254,239,107
154,000,187,219,2,126,239,255,255
154,000,187,219,3,245,191,255,251
154,000,187,219,4,255,253,223,255
154,000,187,219,5,219,190,247,191
154,000,187,219,6,187,222,251,189
154,100,239,239,0,253,223,187,251
154,100,239,239,1,255,255,255,255
154,100,239,239,2,251,191,255,247
154,100,239,239,3,187,222,251,255
154,100,239,239,4,189,238,247,127
154,100,239,239,5,187,239,123,191
154,100,239,239,6,253,255,253,239
154,010,255,255,0,255,246,223,255
154,010,255,255,1,237,187,189,95
154,010,255,255,2,187,219,190,239
154,010,255,255,3,87,239,255,111
154,010,255,255,4,187,219,255,255
154,010,255,255,5,255,255,222,239
154,010,255,255,6,255,253,238,253
154,110,87,255,0,223,123,191,126
154,110,87,255,1,239,119,222,238
154,110,87,255,2,215,255,247,223
154,110,87,255,3,255,181,255,253
154,110,87,255,4,251,255,246,222
154,110,87,255,5,247,187,238,253
154,110,87,255,6,222,239,189,239
154,001,250,247,0,187,223,255,255
154,001,250,247,1,239,255,247,127
154,001,250,247,2,255,251,187,221
154,001,250,247,3,183,255,238,238
154,001,250,247,4,247,222,239,123
154,001,250,247,5,110,239,255,255
154,001,250,247,6,251,191,255,253
154,101,255,255,0,127,255,215,174
154,101,255,255,1,246,183,187,221
154,101,255,255,2,219,189,173,239
154,101,255,255,3,253,123,187,247
154,101,255,255,4,255,253,111,255
154,101,255,255,5,234,239,255,182
154,101,255,255,6,238,254,253,255
154,011,219,110,0,247,182,239,107
154,011,219,110,1,118,238,221,255
154,011,219,110,2,251,183,255,183
154,011,219,110,3,127,255,239,255
154,011,219,110,4,254,222,247,221
154,011,219,110,5,187,219,118,239
154,011,219,110,6,223,191,245,118
154,111,239,123,0,127,255,255,127
154,111,239,123,1,254,239,255,170
154,111,239,123,2,170,175,175,245
154,111,239,123,3,85,85,85,85
154,111,239,123,4,85,85,85,95
154,111,239,123,5,255,255,245,95
154,111,239,123,6,255,255,255,255
155,000,255,93,0,251,239,118,190
155,000,255,93,1,183,107,235,126
155,000,255,93,2,223,189,245,125
155,000,255,93,3,191,190,255,125
155,000,255,93,4,191,125,247,191
155,000,255,93,5,118,190,183,237
155,000,255,93,6,245,223,123,239
155,100,123,238,0,247,107,239,125
155,100,123,238,1,187,247,123,191
155,100,123,238,2,119,251,247,175
155,100,123,238,3,191,247,223,95
155,100,123,238,4,126,255,175,190
155,100,123,238,5,253,122,251,237
155,100,123,238,6,251,235,223,119
155,010,239,125,0,190,239,215,190
155,010,239,125,1,190,255,173,222
155,010,239,125,2,250,221,239,95
155,010,239,125,3,125,235,223,190
155,010,239,125,4,255,125,95,183
155,010,239,125,5,123,190,223,123
155,010,239,125,6,237,219,191,189
155,110,239,109,0,251,239,183,247
155,110,239,109,1,245,221,187,253
155,110,239,109,2,247,182,223,238
155,110,239,109,3,255,125,95,239
155,110,239,109,4,223,191,251,239
155,110,239,109,5,187,182,245,221
155,110,239,109,6,187,183,127,182
155,001,223,190,0,255,125,251,253
155,001,223,190,1,254,255,183,251
155,001,223,190,2,245,214,255,221
155,001,223,190,3,251,173,238,239
155,001,223,190,4,126,238,247,186
155,001,223,190,5,219,237,251,181
155,001,223,190,6,183,183,237,223
155,101,239,111,0,247,190,253,125
155,101,239,111,1,245,214,247,186
155,101,239,111,2,219,173,235,181
155,101,239,111,3,183,215,221,223
155,101,239,111,4,239,187,126,251
155,101,239,111,5,183,187,239,173
155,101,239,111,6,191,119,247,91
155,011,119,191,0,215,123,253,237
155,011,119,191,1,123,254,251,181
155,011,119,191,2,183,251,247,127
155,011,119,191,3,127,125,251,191
155,011,119,191,4,183,191,222,215
155,011,119,191,5,125,237,119,91
155,011,119,191,6,123,181,183,123
155,111,247,126,0,239,223,126,253
155,111,247,126,1,247,246,250,170
155,111,247,126,2,175,237,245,85
155,111,247,126,3,85,85,85,85
155,111,247,126,4,85,85,95,255
155,111,247,126,5,255,245,95,255
155,111,247,126,6,255,255,255,255
156,000,187,247,0,219,247,111,215
156,000,187,247,1,215,122,239,182
156,000,187,247,2,246,239,187,186
156,000,187,247,3,251,183,181,181
156,000,187,247,4,174,187,109,215
156,000,187,247,5,110,237,237,246
156,000,187,247,6,237,219,219,235
156,100,235,183,0,183,119,223,87
156,100,235,183,1,221,251,189,239
156,100,235,183,2,118,254,255,127
156,100,235,183,3,87,221,254,245
156,100,235,183,4,175,191,221,251
156,100,235,183,5,189,246,237,173
156,100,235,183,6,186,218,245,181
156,010,187,237,0,246,189,107,218
156,010,187,237,1,221,191,223,123
156,010,187,237,2,187,127,190,245
156,010,187,237,3,189,111,221,245
156,010,187,237,4,222,255,171,127
156,010,187,237,5,123,239,86,247
156,010,187,237,6,182,223,127,223
156,110,109,189,0,253,187,173,219
156,110,109,189,1,110,183,234,254
156,110,109,189,2,238,255,213,253
156,110,109,189,3,213,234,247,221
156,110,109,189,4,127,87,247,94
156,110,109,189,5,235,117,187,111
156,110,109,189,6,109,183,107,251
156,001,173,222,0,223,191,190,251
156,001,173,222,1,123,183,238,251
156,001,173,222,2,237,191,125,247
156,001,173,222,3,219,110,247,219
156,001,173,222,4,213,221,111,183
156,001,173,222,5,247,247,107,191
156,001,173,222,6,239,238,213,181
156,101,183,218,0,251,91,127,110
156,101,183,218,1,251,93,111,183
156,101,183,218,2,219,123,175,123
156,101,183,218,3,181,238,190,191
156,101,183,218,4,187,123,123,111
156,101,183,218,5,118,251,182,255
156,101,183,218,6,95,221,215,218
156,011,247,94,0,247,123,219,111
156,011,247,94,1,215,247,214,223
156,011,247,94,2,175,239,171,213
156,011,247,94,3,235,255,191,250
156,011,247,94,4,247,91,182,247
156,011,247,94,5,219,109,215,214
156,011,247,94,6,173,123,190,221
156,111,94,251,0,246,254,191,215
156,111,94,251,1,237,234,170,175
156,111,94,251,2,125,245,85,85
156,111,94,251,3,85,85,85,85
156,111,94,251,4,85,95,255,255
156,111,94,251,5,245,95,255,255
156,111,94,251,6,255,255,255,255
157,000,255,235,0,238,247,175,187
157,000,255,235,1,221,110,239,235
157,000,255,235,2,127,255,95,255
157,000,255,235,3,237,255,245,183
157,000,255,235,4,255,253,238,247
157,000,255,235,5,221,187,221,110
157,000,255,235,6,239,181,255,254
157,100,190,239,0,119,127,255,110
157,100,190,239,1,255,254,183,255
157,100,190,239,2,253,187,223,189
157,100,190,239,3,255,123,238,247
157,100,190,239,4,126,239,119,219
157,100,190,239,5,191,190,255,247
157,100,190,239,6,183,255,254,255
157,010,255,171,0,255,255,123,189
157,010,255,171,1,246,238,247,219
157,010,255,171,2,189,238,255,247
157,010,255,171,3,190,239,125,127
157,010,255,171,4,255,118,255,255
157,010,255,171,5,215,255,246,238
157,010,255,171,6,254,253,255,173
157,110,238,247,0,95,187,219,110
157,110,238,247,1,239,246,255,250
157,110,238,247,2,215,255,253,223
157,110,238,247,3,255,253,255,255
157,110,238,247,4,187,191,221,187
157,110,238,247,5,219,110,239,173
157,110,238,247,6,239,253,111,187
157,001,221,255,0,254,219,255,251
157,001,221,255,1,215,255,218,238
157,001,221,255,2,254,239,253,251
157,001,221,255,3,238,247,119,187
157,001,221,255,4,222,219,191,189
157,001,221,255,5,127,255,191,255
157,001,221,255,6,239,223,255,223
157,101,255,254,0,187,190,175,110
157,101,255,254,1,247,174,239,187
157,101,255,254,2,239,255,190,239
157,101,255,254,3,118,255,254,182
157,101,255,254,4,255,255,175,255
157,101,255,254,5,175,187,223,247
157,101,255,254,6,253,187,123,191
157,011,183,187,0,251,246,239,245
157,011,183,187,1,127,251,183,255
157,011,183,187,2,254,223,255,221
157,011,183,187,3,255,254,219,189
157,011,183,187,4,239,110,251,246
157,011,183,187,5,239,187,127,245
157,011,183,187,6,238,239,123,191
157,111,254,221,0,255,251,175,255
157,111,254,221,1,90,170,175,237
157,111,254,221,2,250,170,170,170
157,111,254,221,3,170,170,170,170
157,111,254,221,4,175,255,255,250
157,111,254,221,5,175,255,255,255
157,111,254,221,6,255,255,255,255
158,000,239,238,0,246,254,239,111
158,000,239,238,1,219,191,171,127
158,000,239,238,2,254,247,255,245
158,000,239,238,3,255,254,235,255
158,000,239,238,4,255,251,189,221
158,000,239,238,5,187,223,219,189
158,000,239,238,6,190,255,251,239
158,100,187,221,0,255,254,174,255
158,100,187,221,1,253,111,255,93
158,100,187,221,2,187,223,95,253
158,100,187,221,3,253,238,247,254
158,100,187,221,4,239,127,110,239
158,100,187,221,5,238,255,253,239
158,100,187,221,6,255,238,255,255
158,010,125,255,0,254,238,247,182
158,010,125,255,1,238,255,110,239
158,010,125,255,2,190,255,253,239
158,010,125,255,3,187,221,127,254
158,010,125,255,4,182,255,254,239
158,010,125,255,5,255,189,187,223
158,010,125,255,6,189,255,234,251
158,110,189,222,0,239,122,219,191
158,110,189,222,1,182,255,254,175
158,110,189,222,2,255,237,223,255
158,110,189,222,3,191,255,253,187
158,110,189,222,4,189,218,238,250
158,110,189,222,5,219,189,234,255
158,110,189,222,6,254,175,187,223
158,001,191,254,0,182,255,254,215
158,001,191,254,1,255,234,238,254
158,001,191,254,2,221,255,173,238
158,001,191,254,3,247,94,239,117
158,001,191,254,4,174,239,237,127
158,001,191,254,5,253,119,255,253
158,001,191,254,6,223,255,221,255
158,101,255,219,0,191,187,187,219
158,101,255,219,1,91,189,215,127
158,101,255,219,2,250,222,239,122
158,101,255,219,3,255,254,190,255
158,101,255,219,4,254,215,255,171
158,101,255,219,5,187,223,221,255
158,101,255,219,6,239,187,189,187
158,011,187,219,0,118,239,234,255
158,011,187,219,1,254,247,255,255
158,011,187,219,2,191,255,119,255
158,011,187,219,3,253,174,247,109
158,011,187,219,4,187,219,118,239
158,011,187,219,5,239,191,254,251
158,011,187,219,6,187,219,127,255
158,111,191,127,0,254,175,255,90
158,111,191,127,1,170,175,251,245
158,111,191,127,2,85,85,85,85
158,111,191,127,3,85,85,85,95
158,111,191,127,4,255,255,245,95
158,111,191,127,5,255,255,255,255
158,111,191,127,6,255,255,255,251
159,000,245,190,0,190,218,219,93
159,000,245,190,1,111,223,93,122
159,000,245,190,2,215,247,109,126
159,000,245,190,3,255,127,254,191
159,000,245,190,4,234,223,90,235
159,000,245,190,5,127,91,107,173
159,000,245,190,6,253,93,111,250
159,100,250,190,0,255,222,247,250
159,100,250,190,1,255,189,246,239
159,100,250,190,2,255,127,219,191
159,100,250,190,3,239,253,222,235
159,100,250,190,4,122,219,175,223
159,100,250,190,5,91,190,255,190
159,100,250,190,6,183,118,235,119
159,010,221,190,0,239,253,214,223
159,010,221,190,1,253,111,91,127
159,010,221,190,2,239,222,255,107
159,010,221,190,3,111,182,239,222
159,010,221,190,4,218,251,95,189
159,010,221,190,5,182,223,245,187
159,010,221,190,6,237,191,255,191
159,110,254,254,0,223,219,247,251
159,110,254,254,1,181,191,247,247
159,110,254,254,2,107,119,107,183
159,110,254,254,3,239,125,239,253
159,110,254,254,4,253,190,255,111
159,110,254,254,5,237,191,247,191
159,110,254,254,6,223,238,223,107
159,001,183,247,0,110,215,223,125
159,001,183,247,1,174,239,245,219
159,001,183,247,2,123,175,247,253
159,001,183,247,3,191,126,219,237
159,001,183,247,4,247,221,182,246
159,001,183,247,5,255,94,215,181
159,001,183,247,6,234,247,255,127
159,101,239,254,0,253,219,251,237
159,101,239,254,1,251,183,255,191
159,101,239,254,2,254,190,219,181
159,101,239,254,3,223,239,86,214
159,101,239,254,4,223,125,91,251
159,101,239,254,5,250,239,93,255
159,101,239,254,6,251,254,239,219
159,011,123,111,0,111,221,189,223
159,011,123,111,1,127,187,123,182
159,011,123,111,2,181,175,255,127
159,011,123,111,3,239,255,182,251
159,011,123,111,4,254,189,215,223
159,011,123,111,5,250,223,255,117
159,011,123,111,6,213,190,223,255
159,111,86,215,0,175,254,181,85
159,111,86,215,1,87,222,186,170
159,111,86,215,2,170,170,170,170
159,111,86,215,3,170,170,175,255
159,111,86,215,4,255,250,175,255
159,111,86,215,5,255,255,255,255
159,111,86,215,6,255,255,255,191
160,000,189,85,0,187,213,86,239
160,000,189,85,1,255,255,250,175
160,000,189,85,2,255,255,255,255
160,000,189,85,3,255,255,255,254
160,000,189,85,4,247,254,238,246
160,000,189,85,5,222,239,123,239
160,000,189,85,6,254,254,239,123
160,100,255,255,0,237,255,247,127
160,100,255,255,1,255,250,187,223
160,100,255,255,2,255,253,170,174
160,100,255,255,3,246,170,239,106
160,100,255,255,4,171,191,255,255
160,100,255,255,5,245,95,255,255
160,100,255,255,6,255,255,255,255
160,010,255,251,0,191,123,187,222
160,010,255,251,1,251,189,245,255
160,010,255,251,2,251,239,187,251
160,010,255,251,3,255,255,245,255
160,010,255,251,4,222,239,255,250
160,010,255,251,5,187,223,255,253
160,010,255,251,6,170,174,246,170
160,110,239,106,0,171,191,255,255
160,110,239,106,1,245,95,255,255
160,110,239,106,2,255,255,255,255
160,110,239,106,3,255,251,191,190
160,110,239,106,4,238,247,190,239
160,110,239,106,5,190,255,251,239
160,110,239,106,6,187,219,255,254
160,001,250,255,0,251,255,255,245
160,001,250,255,1,110,255,191,255
160,001,250,255,2,85,91,189,85
160,001,250,255,3,187,213,86,239
160,001,250,255,4,255,255,250,175
160,001,250,255,5,255,255,255,255
160,001,250,255,6,255,255,255,254
160,101,247,123,0,187,222,254,239
160,101,247,123,1,190,255,251,239
160,101,247,123,2,187,219,255,254
160,101,247,123,3,182,255,237,127
160,101,247,123,4,255,245,110,255
160,101,247,123,5,191,255,85,91
160,101,247,123,6,189,85,187,213
160,011,86,239,0,255,255,250,175
160,011,86,239,1,255,255,255,255
160,011,86,239,2,255,255,255,254
160,011,86,239,3,247,125,238,253
160,011,86,239,4,254,239,191,239
160,011,86,239,5,254,254,239,123
160,011,86,239,6,255,255,251,255
160,111,214,223,0,255,250,170,175
160,111,214,223,1,255,245,85,85
160,111,214,223,2,85,85,85,85
160,111,214,223,3,85,95,255,255
160,111,214,223,4,245,95,255,255
160,111,214,223,5,255,255,255,255
160,111,214,223,6,255,251,255,127
161,000,223,187,0,223,251,191,213
161,000,223,187,1,255,246,223,255
161,000,223,187,2,237,223,255,111
161,000,223,187,3,255,253,91,189
161,000,223,187,4,255,187,223,251
161,000,223,187,5,189,250,255,254
161,000,223,187,6,222,239,117,255
161,100,255,213,0,255,253,95,255
161,100,255,213,1,191,187,221,187
161,100,255,213,2,255,182,238,247
161,100,255,213,3,222,239,125,254
161,100,255,213,4,239,234,255,251
161,100,255,213,5,111,255,221,191
161,100,255,213,6,255,215,255,253
161,010,91,189,0,255,187,223,251
161,010,91,189,1,189,182,239,250
161,010,91,189,2,183,187,222,191
161,010,91,189,3,255,234,255,254
161,010,91,189,4,175,255,255,187
161,010,91,189,5,219,175,253,239
161,010,91,189,6,110,247,219,187
161,110,223,251,0,191,213,255,247
161,110,223,251,1,127,255,245,223
161,110,223,251,2,255,173,255,254
161,110,223,251,3,174,247,223,238
161,110,223,251,4,253,254,239,119
161,110,223,251,5,191,255,118,239
161,110,223,251,6,122,223,255,234
161,001,255,254,0,175,255,255,187
161,001,255,254,1,221,111,253,238
161,001,255,254,2,187,189,246,239
161,001,255,254,3,125,254,239,234
161,001,255,254,4,255,254,239,255
161,001,255,254,5,253,223,255,237
161,001,255,254,6,255,254,174,247
161,101,223,238,0,253,254,239,119
161,101,223,238,1,111,253,107,187
161,101,223,238,2,222,223,255,234
161,101,223,238,3,255,254,175,255
161,101,223,238,4,255,238,245,91
161,101,223,238,5,255,119,238,247
161,101,223,238,6,222,239,125,254
161,011,239,234,0,255,254,255,255
161,011,239,234,1,238,223,255,187
161,011,239,234,2,255,253,91,189
161,011,239,234,3,255,187,223,251
161,011,239,234,4,189,183,239,251
161,011,239,234,5,126,239,118,255
161,011,239,234,6,255,213,255,253
161,111,95,255,0,245,85,95,111
161,111,95,255,1,245,85,85,85
161,111,95,255,2,85,85,85,85
161,111,95,255,3,95,255,255,245
161,111,95,255,4,95,255,255,255
161,111,95,255,5,255,255,255,255
161,111,95,255,6,251,255,127,239
162,000,247,126,0,239,215,247,125
162,000,247,126,1,95,127,238,250
162,000,247,126,2,191,95,86,182
162,000,247,126,3,214,222,255,238
162,000,247,126,4,251,255,125,239
162,000,247,126,5,127,237,95,127
162,000,247,126,6,247,117,126,175
162,100,222,251,0,191,119,238,251
162,100,222,251,1,191,255,87,237
162,100,222,251,2,247,254,254,254
162,100,222,251,3,238,221,219,215
162,100,222,251,4,253,250,183,255
162,100,222,251,5,245,250,191,95
162,100,222,251,6,87,127,126,254
162,010,255,235,0,191,254,189,237
162,010,255,235,1,247,250,183,255
162,010,255,235,2,123,117,126,175
162,010,255,235,3,215,123,190,191
162,010,255,235,4,174,253,191,255
162,010,255,235,5,87,237,247,254
162,010,255,235,6,255,239,219,123
162,110,111,215,0,255,125,95,127
162,110,111,215,1,254,250,191,95
162,110,111,215,2,86,174,213,222
162,110,111,215,3,255,237,191,254
162,110,111,215,4,221,237,247,250
162,110,111,215,5,183,255,123,117
162,110,111,215,6,126,175,222,247
162,001,190,247,0,222,250,251,255
162,001,190,247,1,171,245,247,254
162,001,190,247,2,255,239,181,118
162,001,190,247,3,175,215,235,250
162,001,190,247,4,183,255,174,250
162,001,190,247,5,191,95,87,221
162,001,190,247,6,127,94,255,234
162,101,251,255,0,93,235,127,237
162,101,251,255,1,95,127,245,117
162,101,251,255,2,126,175,235,122
162,101,251,255,3,254,183,235,247
162,101,251,255,4,191,255,87,254
162,101,251,255,5,247,254,254,239
162,101,251,255,6,119,174,245,215
162,011,238,250,0,183,247,221,245
162,011,238,250,1,126,175,171,247
162,011,238,250,2,125,126,254,239
162,011,238,250,3,123,254,245,222
162,011,238,250,4,247,250,183,254
162,011,238,250,5,235,213,126,175
162,011,238,250,6,173,246,250,223
162,111,91,245,0,85,95,87,213
162,111,91,245,1,85,85,85,85
162,111,91,245,2,85,85,85,95
162,111,91,245,3,255,255,245,95
162,111,91,245,4,255,255,255,255
162,111,91,245,5,255,255,255,255
162,111,91,245,6,247,253,255,247
163,000,250,251,0,94,182,237,222
163,000,250,251,1,221,215,222,237
163,000,250,251,2,190,174,221,247
163,000,250,251,3,125,191,91,235
163,000,250,251,4,125,189,183,237
163,000,250,251,5,250,223,191,219
163,000,250,251,6,238,239,118,214
163,100,215,237,0,125,175,123,251
163,100,215,237,1,126,251,223,183
163,100,215,237,2,238,253,239,221
163,100,215,237,3,253,191,183,118
163,100,215,237,4,237,223,123,107
163,100,215,237,5,222,238,251,190
163,100,215,237,6,237,247,235,223
163,010,219,251,0,126,255,183,183
163,010,219,251,1,237,119,126,239
163,010,219,251,2,246,246,221,107
163,010,219,251,3,175,118,238,221
163,010,219,251,4,219,235,125,123
163,010,219,251,5,175,219,237,223
163,010,219,251,6,95,183,235,125
163,110,109,86,0,235,119,190,239
163,110,109,86,1,182,239,118,190
163,110,109,86,2,255,118,237,223
163,110,109,86,3,91,235,123,122
163,110,109,86,4,183,238,255,187
163,110,109,86,5,191,119,218,235
163,110,109,86,6,183,125,215,119
163,001,187,189,0,183,250,247,187
163,001,187,189,1,191,93,235,191
163,001,187,189,2,223,219,238,191
163,001,187,189,3,174,222,213,126
163,001,187,189,4,221,93,181,183
163,001,187,189,5,93,222,247,117
163,001,187,189,6,118,223,235,253
163,101,126,189,0,215,182,247,183
163,101,126,189,1,111,219,223,117
163,101,126,189,2,246,189,175,118
163,101,126,189,3,238,221,221,253
163,101,126,189,4,253,239,187,213
163,101,126,189,5,245,95,239,171
163,101,126,189,6,221,221,221,118
163,011,222,221,0,93,237,175,118
163,011,222,221,1,247,123,189,239
163,011,222,221,2,106,191,221,253
163,011,222,221,3,246,250,223,170
163,011,222,221,4,253,186,175,171
163,011,222,221,5,221,183,182,182
163,011,222,221,6,219,110,186,237
163,111,181,85,0,91,219,186,170
163,111,181,85,1,170,170,170,170
163,111,181,85,2,170,170,175,255
163,111,181,85,3,255,250,175,255
163,111,181,85,4,255,255,255,255
163,111,181,85,5,255,255,255,239
163,111,181,85,6,253,255,191,223
164,000,251,94,0,182,235,123,191
164,000,251,94,1,119,222,237,186
164,000,251,94,2,183,107,245,95
164,000,251,94,3,125,175,181,250
164,000,251,94,4,253,183,237,250
164,000,251,94,5,222,223,219,251
164,000,251,94,6,187,221,107,170
164,100,255,126,0,253,223,189,247
164,100,255,126,1,87,119,221,255
164,100,255,126,2,125,239,123,253
164,100,255,126,3,191,183,118,238
164,100,255,126,4,223,187,127,223
164,100,255,126,5,187,191,254,221
164,100,255,126,6,253,223,126,239
164,010,221,253,0,191,183,189,246
164,010,221,253,1,221,223,187,251
164,010,221,253,2,187,221,107,174
164,010,221,253,3,237,221,187,219
164,010,221,253,4,235,123,119,111
164,010,221,253,5,107,237,125,190
164,010,221,253,6,215,213,190,182
164,110,171,170,0,222,191,119,110
164,110,171,170,1,245,125,239,187
164,110,171,170,2,245,93,125,183
164,110,171,170,3,182,245,190,183
164,110,171,170,4,181,251,219,95
164,110,171,170,5,107,253,187,222
164,110,171,170,6,222,239,222,238
164,001,239,183,0,250,247,251,223
164,001,239,183,1,111,247,223,239
164,001,239,183,2,125,253,127,87
164,001,239,183,3,125,219,221,239
164,001,239,183,4,123,219,187,127
164,001,239,183,5,247,91,247,125
164,001,239,183,6,253,235,253,126
164,101,189,215,0,254,253,222,255
164,101,189,215,1,189,239,107,118
164,101,189,215,2,250,214,254,189
164,101,189,215,3,235,171,251,187
164,101,189,215,4,94,187,239,122
164,101,189,215,5,253,191,237,254
164,101,189,215,6,251,183,251,174
164,011,223,111,0,107,214,237,223
164,011,223,111,1,119,107,223,237
164,011,223,111,2,239,91,251,190
164,011,223,111,3,251,187,183,237
164,011,223,111,4,189,191,183,222
164,011,223,111,5,191,239,247,87
164,011,223,111,6,234,238,183,245
164,111,85,86,0,190,213,85,85
164,111,85,86,1,85,85,85,85
164,111,85,86,2,85,95,255,255
164,111,85,86,3,245,95,255,255
164,111,85,86,4,255,255,255,255
164,111,85,86,5,255,251,255,127
164,111,85,86,6,239,247,254,255
165,000,175,255,0,255,250,175,255
165,000,175,255,1,255,255,255,255
165,000,175,255,2,255,255,255,95
165,000,175,255,3,94,235,218,221
165,000,175,255,4,91,250,254,253
165,000,175,255,5,254,239,238,251
165,000,175,255,6,111,235,247,251
165,100,255,127,0,245,85,85,191
165,100,255,127,1,117,85,85,85
165,100,255,127,2,85,85,85,85
165,100,255,127,3,95,255,255,245
165,100,255,127,4,95,255,255,255
165,100,255,127,5,255,255,255,255
165,100,255,127,6,250,223,254,255
165,010,223,123,0,239,214,255,126
165,010,223,123,1,255,125,247,251
165,010,223,123,2,127,191,247,255
165,010,223,123,3,255,223,181,85
165,010,223,123,4,95,191,250,170
165,010,223,123,5,170,170,170,170
165,010,223,123,6,170,170,175,255
165,110,255,250,0,175,255,255,255
165,110,255,250,1,255,255,255,255
165,110,255,250,2,255,127,111,237
165,110,255,250,3,251,253,247,246
165,110,255,250,4,255,251,239,223
165,110,255,250,5,238,250,239,255
165,110,255,250,6,247,255,255,223
165,001,250,170,0,175,255,245,85
165,001,250,170,1,85,85,85,85
165,001,250,170,2,85,85,95,255
165,001,250,170,3,255,245,95,255
165,001,250,170,4,255,255,255,255
165,001,250,170,5,255,255,247,125
165,001,250,170,6,95,171,251,253
165,101,247,245,0,253,254,255,125
165,101,247,245,1,251,245,191,239
165,101,247,245,2,255,254,255,255
165,101,247,245,3,85,85,95,191
165,101,247,245,4,250,170,170,170
165,101,247,245,5,170,170,170,170
165,101,247,245,6,175,255,255,250
165,011,175,255,0,255,255,255,255
165,011,175,255,1,255,255,255,191
165,011,175,255,2,191,223,127,191
165,011,175,255,3,127,221,253,254
165,011,175,255,4,255,125,247,238
165,011,175,255,5,191,239,255,254
165,011,175,255,6,255,255,117,85
165,111,95,191,0,250,170,170,170
165,111,95,191,1,170,170,170,170
165,111,95,191,2,175,255,255,250
165,111,95,191,3,175,255,255,255
165,111,95,191,4,255,255,255,255
165,111,95,191,5,255,239,235,245
165,111,95,191,6,255,239,187,255
166,000,255,255,0,245,95,255,255
166,000,255,255,1,255,255,255,255
166,000,255,255,2,255,251,191,95
166,000,255,255,3,187,223,251,189
166,000,255,255,4,222,255,251,239
166,000,255,255,5,187,214,255,253
166,000,255,255,6,219,255,255,191
166,100,255,234,0,187,223,255,253
166,100,255,234,1,170,174,246,170
166,100,255,234,2,239,106,171,191
166,100,255,234,3,255,255,245,95
166,100,255,234,4,255,255,255,255
166,100,255,234,5,255,255,255,251
166,100,255,234,6,190,251,238,251
166,010,251,189,0,239,239,254,254
166,010,251,189,1,239,123,255,255
166,010,251,189,2,255,255,254,255
166,010,251,189,3,255,250,187,223
166,010,251,189,4,255,253,170,174
166,010,251,189,5,246,170,239,106
166,010,251,189,6,171,191,255,255
166,110,245,95,0,255,255,255,255
166,110,245,95,1,255,255,255,251
166,110,245,95,2,190,251,238,251
166,110,245,95,3,251,189,239,239
166,110,245,95,4,254,254,239,123
166,110,245,95,5,255,255,255,255
166,110,245,95,6,254,255,255,250
166,001,187,223,0,255,253,170,174
166,001,187,223,1,246,170,239,106
166,001,187,223,2,171,191,255,255
166,001,187,223,3,245,95,255,255
166,001,187,223,4,255,255,255,255
166,001,187,223,5,255,251,190,251
166,001,187,223,6,238,251,251,189
166,101,239,239,0,254,254,239,123
166,101,239,239,1,255,255,255,255
166,101,239,239,2,254,255,255,250
166,101,239,239,3,187,223,255,253
166,101,239,239,4,170,174,246,170
166,101,239,239,5,239,106,171,191
166,101,239,239,6,255,255,245,95
166,011,255,255,0,255,255,255,255
166,011,255,255,1,255,251,190,251
166,011,255,255,2,238,251,251,189
166,011,255,255,3,239,239,254,254
166,011,255,255,4,239,123,255,255
166,011,255,255,5,255,255,254,255
166,011,255,255,6,255,250,170,175
166,111,255,245,0,85,85,85,85
166,111,255,245,1,85,85,85,95
166,111,255,245,2,255,255,245,95
166,111,255,245,3,255,255,255,255
166,111,255,245,4,255,255,255,251
166,111,255,245,5,255,95,239,245
166,111,255,245,6,254,255,215,250
167,000,85,118,0,255,254,170,246
167,000,85,118,1,254,251,190,237
167,000,85,118,2,239,221,118,221
167,000,85,118,3,123,237,215,93
167,000,85,118,4,119,247,238,223
167,000,85,118,5,111,234,215,253
167,000,85,118,6,251,191,191,126
167,100,247,250,0,245,107,255,245
167,100,247,250,1,238,239,238,239
167,100,247,250,2,111,127,174,182
167,100,247,250,3,237,221,221,109
167,100,247,250,4,219,191,111,183
167,100,247,250,5,175,117,237,239
167,100,247,250,6,238,250,251,239
167,010,221,245,0,239,91,222,251
167,010,221,245,1,222,182,183,223
167,010,221,245,2,85,125,95,119
167,010,221,245,3,95,187,245,175
167,010,221,245,4,219,187,247,95
167,010,221,245,5,111,245,251,94
167,010,221,245,6,222,222,222,245
167,110,219,95,0,95,117,234,247
167,110,219,95,1,223,223,239,95
167,110,219,95,2,221,237,255,95
167,110,219,95,3,187,219,254,251
167,110,219,95,4,222,250,251,189
167,110,219,95,5,246,182,238,215
167,110,219,95,6,173,109,219,239
167,001,253,238,0,183,223,239,191
167,001,253,238,1,255,219,251,123
167,001,253,238,2,254,215,247,119
167,001,253,238,3,222,221,253,125
167,001,253,238,4,125,95,182,246
167,001,253,238,5,223,190,251,223
167,001,253,238,6,247,123,239,119
167,101,246,223,0,126,238,250,237
167,101,246,223,1,174,186,213,215
167,101,246,223,2,109,117,175,247
167,101,246,223,3,251,174,191,239
167,101,246,223,4,255,255,111,123
167,101,246,223,5,221,190,223,118
167,101,246,223,6,237,223,254,237
167,011,219,189,0,190,223,245,254
167,011,219,189,1,189,255,111,251
167,011,219,189,2,255,123,127,127
167,011,219,189,3,237,93,255,123
167,011,219,189,4,234,191,175,255
167,011,219,189,5,123,234,239,254
167,011,219,189,6,250,170,175,215
167,111,170,170,0,170,170,170,170
167,111,170,170,1,170,170,175,255
167,111,170,170,2,255,250,175,255
167,111,170,170,3,255,255,255,255
167,111,170,170,4,255,255,255,191
167,111,170,170,5,111,237,253,223
167,111,170,170,6,123,239,122,175
168,000,250,255,0,255,125,255,251
168,000,250,255,1,175,255,251,91
168,000,250,255,2,189,191,187,222
168,000,250,255,3,251,189,255,255
168,000,250,255,4,245,190,239,127
168,000,250,255,5,255,253,95,255
168,000,250,255,6,251,95,255,247
168,100,187,219,0,175,253,221,238
168,100,187,219,1,247,123,187,221
168,100,187,219,2,238,239,255,255
168,100,187,219,3,253,223,255,255
168,100,187,219,4,255,255,255,255
168,100,187,219,5,255,254,247,119
168,100,187,219,6,187,221,238,239
168,010,119,191,0,247,123,187,223
168,010,119,191,1,255,255,255,255
168,010,119,191,2,255,255,255,254
168,010,119,191,3,238,255,255,253
168,010,119,191,4,221,238,247,123
168,010,119,191,5,187,221,238,239
168,010,119,191,6,255,255,253,223
168,110,255,255,0,255,255,255,255
168,110,255,255,1,255,254,247,119
168,110,255,255,2,187,221,238,239
168,110,255,255,3,119,191,247,123
168,110,255,255,4,187,223,255,255
168,110,255,255,5,255,255,255,255
168,110,255,255,6,255,254,238,255
168,001,255,253,0,221,238,247,123
168,001,255,253,1,187,221,238,239
168,001,255,253,2,255,255,253,223
168,001,255,253,3,255,255,255,255
168,001,255,253,4,255,255,255,254
168,001,255,253,5,247,119,187,221
168,001,255,253,6,238,239,119,191
168,101,247,123,0,187,223,255,255
168,101,247,123,1,255,255,255,255
168,101,247,123,2,255,254,238,255
168,101,247,123,3,255,253,221,238
168,101,247,123,4,247,123,187,221
168,101,247,123,5,238,239,255,255
168,101,247,123,6,253,223,255,255
168,011,255,255,0,255,255,255,254
168,011,255,255,1,247,119,187,221
168,011,255,255,2,238,239,119,191
168,011,255,255,3,247,123,187,223
168,011,255,255,4,255,255,255,255
168,011,255,255,5,255,255,255,250
168,011,255,255,6,170,175,255,250
168,111,170,170,0,170,170,170,170
168,111,170,170,1,170,175,255,255
168,111,170,170,2,250,175,255,255
168,111,170,170,3,255,255,255,255
168,111,170,170,4,255,255,239,253
168,111,170,170,5,255,191,223,251
168,111,170,170,6,255,122,175,247
169,000,175,255,0,255,255,255,255
169,000,175,255,1,255,255,254,247
169,000,175,255,2,111,238,253,254
169,000,175,255,3,239,95,239,254
169,000,175,255,4,254,239,109,255
169,000,175,255,5,253,219,255,255
169,000,175,255,6,191,255,181,110
169,100,255,191,0,255,85,91,189
169,100,255,191,1,85,187,213,86
169,100,255,191,2,239,255,255,250
169,100,255,191,3,175,255,255,255
169,100,255,191,4,255,255,255,255
169,100,255,191,5,254,247,191,187
169,100,255,191,6,223,190,239,190
169,010,255,251,0,239,187,239,255
169,010,255,251,1,255,239,255,255
169,010,255,251,2,255,255,245,110
169,010,255,251,3,255,191,255,85
169,010,255,251,4,91,189,85,187
169,010,255,251,5,213,86,239,255
169,010,255,251,6,255,250,175,255
169,110,255,255,0,255,255,255,255
169,110,255,255,1,254,247,191,187
169,110,255,255,2,223,190,239,190
169,110,255,255,3,255,251,239,187
169,110,255,255,4,239,255,255,239
169,110,255,255,5,255,255,255,255
169,110,255,255,6,245,110,255,191
169,001,255,85,0,91,189,85,187
169,001,255,85,1,213,86,239,255
169,001,255,85,2,255,250,175,255
169,001,255,85,3,255,255,255,255
169,001,255,85,4,255,255,254,247
169,001,255,85,5,191,187,223,190
169,001,255,85,6,239,190,255,251
169,101,239,187,0,239,255,255,239
169,101,239,187,1,255,255,255,255
169,101,239,187,2,245,110,255,191
169,101,239,187,3,255,85,91,189
169,101,239,187,4,85,187,213,86
169,101,239,187,5,239,255,255,250
169,101,239,187,6,175,255,255,255
169,011,255,255,0,255,255,254,247
169,011,255,255,1,191,187,223,190
169,011,255,255,2,239,190,255,251
169,011,255,255,3,239,187,239,255
169,011,255,255,4,255,239,255,255
169,011,255,255,5,255,255,245,85
169,011,255,255,6,95,191,250,170
169,111,170,170,0,170,170,170,170
169,111,170,170,1,175,255,255,250
169,111,170,170,2,175,255,255,255
169,111,170,170,3,255,255,255,255
169,111,170,170,4,255,239,253,255
169,111,170,170,5,191,223,251,255
169,111,170,170,6,125,93,255,191
170,000,91,245,0,126,175,95,215
170,000,91,245,1,189,126,254,239
170,000,91,245,2,183,127,106,247
170,000,91,245,3,127,235,253,219
170,000,91,245,4,94,218,191,87
170,000,91,245,5,191,191,245,109
170,000,91,245,6,87,247,191,247
170,100,110,253,0,221,238,247,123
170,100,110,253,1,187,221,238,239
170,100,110,253,2,255,253,93,223
170,100,110,253,3,255,255,255,255
170,100,110,253,4,255,255,255,254
170,100,110,253,5,247,119,187,221
170,100,110,253,6,238,239,119,191
170,010,247,123,0,187,223,255,255
170,010,247,123,1,255,255,255,255
170,010,247,123,2,255,254,238,255
170,010,247,123,3,255,253,221,238
170,010,247,123,4,247,123,187,221
170,010,247,123,5,238,239,255,255
170,010,247,123,6,253,223,255,255
170,110,255,255,0,255,255,255,254
170,110,255,255,1,247,119,187,221
170,110,255,255,2,238,239,119,191
170,110,255,255,3,247,123,187,223
170,110,255,255,4,255,255,255,255
170,110,255,255,5,255,255,255,254
170,110,255,255,6,238,255,255,253
170,001,221,238,0,247,123,187,221
170,001,221,238,1,238,239,255,255
170,001,221,238,2,253,223,255,255
170,001,221,238,3,255,255,255,255
170,001,221,238,4,255,254,247,119
170,001,221,238,5,187,221,238,239
170,001,221,238,6,119,191,247,123
170,101,187,223,0,255,255,255,255
170,101,187,223,1,255,255,255,253
170,101,187,223,2,187,223,255,255
170,101,187,223,3,246,190,255,118
170,101,187,223,4,255,238,219,246
170,101,187,223,5,237,255,255,255
170,101,187,223,6,171,90,254,171
170,011,119,234,0,221,190,254,237
170,011,119,234,1,191,247,183,191
170,011,119,234,2,187,109,91,182
170,011,119,234,3,255,237,254,174
170,011,119,234,4,183,245,110,223
170,011,119,234,5,213,213,85,87
170,011,119,234,6,215,245,85,85
170,111,85,85,0,85,85,85,95
170,111,85,85,1,255,255,245,95
170,111,85,85,2,255,255,255,255
170,111,85,85,3,255,255,255,251
170,111,85,85,4,255,251,239,255
170,111,85,85,5,190,255,255,186
170,111,85,85,6,175,247,254,254
171,000,87,238,0,245,127,119,219
171,000,87,238,1,191,254,237,247
171,000,87,238,2,222,219,253,255
171,000,87,238,3,251,223,255,255
171,000,87,238,4,251,247,126,183
171,000,87,238,5,183,235,123,183
171,000,87,238,6,187,223,123,191
171,100,119,127,0,255,254,239,247
171,100,119,127,1,247,189,223,94
171,100,119,127,2,251,223,190,189
171,100,119,127,3,235,237,123,111
171,100,119,127,4,215,235,223,126
171,100,119,127,5,238,239,123,218
171,100,119,127,6,219,91,107,219
171,010,91,255,0,238,253,127,215
171,010,91,255,1,239,254,255,215
171,010,91,255,2,125,222,221,239
171,010,91,255,3,251,238,253,222
171,010,91,255,4,239,247,215,218
171,010,91,255,5,253,93,215,126
171,010,91,255,6,237,117,247,127
171,110,253,191,0,183,213,221,223
171,110,253,191,1,125,175,183,221
171,110,253,191,2,222,251,247,95
171,110,253,191,3,190,237,247,126
171,110,253,191,4,239,118,215,235
171,110,253,191,5,189,111,221,175
171,110,253,191,6,95,119,219,239
171,001,119,125,0,119,247,215,173
171,001,119,125,1,223,255,127,239
171,001,119,125,2,191,223,222,247
171,001,119,125,3,221,239,189,254
171,001,119,125,4,255,125,186,221
171,001,119,125,5,182,219,235,239
171,001,119,125,6,127,239,190,237
171,101,222,251,0,221,109,253,237
171,101,222,251,1,173,123,223,183
171,101,222,251,2,239,183,215,238
171,101,222,251,3,253,222,239,119
171,101,222,251,4,189,246,247,223
171,101,222,251,5,127,126,237,93
171,101,222,251,6,251,247,251,251
171,011,171,250,0,255,110,239,183
171,011,171,250,1,238,253,222,251
171,011,171,250,2,127,126,238,239
171,011,171,250,3,111,191,127,239
171,011,171,250,4,123,255,189,93
171,011,171,250,5,245,85,91,251
171,011,171,250,6,245,85,85,85
171,111,85,85,0,85,85,95,255
171,111,85,85,1,255,245,95,255
171,111,85,85,2,255,255,255,255
171,111,85,85,3,255,255,255,247
171,111,85,85,4,251,255,223,190
171,111,85,85,5,255,250,245,95
171,111,85,85,6,175,191,250,189
172,000,234,247,0,127,119,221,191
172,000,234,247,1,253,219,187,123
172,000,234,247,2,239,239,255,251
172,000,234,247,3,255,255,255,251
172,000,234,247,4,247,125,223,183
172,000,234,247,5,219,187,183,187
172,000,234,247,6,221,222,239,221
172,100,251,255,0,127,126,255,239
172,100,251,255,1,189,223,94,235
172,100,251,255,2,223,254,189,235
172,100,251,255,3,246,219,95,215
172,100,251,255,4,247,119,123,118
172,100,251,255,5,238,222,238,237
172,100,251,255,6,187,117,191,191
172,010,255,255,0,237,253,87,175
172,010,255,255,1,245,237,91,190
172,010,255,255,2,221,222,191,221
172,010,255,255,3,251,253,222,239
172,010,255,255,4,247,239,109,222
172,010,255,255,5,186,215,94,237
172,010,255,255,6,117,247,126,239
172,110,255,183,0,235,189,223,125
172,110,255,183,1,222,222,237,219
172,110,255,183,2,238,254,223,190
172,110,255,183,3,237,235,251,126
172,110,255,183,4,187,215,213,218
172,110,255,183,5,171,250,221,189
172,110,255,183,6,191,117,251,253
172,001,238,239,0,222,238,218,255
172,001,238,239,1,239,253,245,247
172,001,238,239,2,254,251,127,111
172,001,238,239,3,119,246,255,253
172,001,238,239,4,239,109,183,94
172,001,238,239,5,219,235,239,125
172,001,238,239,6,190,247,118,238
172,101,251,221,0,109,175,254,250
172,101,251,221,1,237,255,123,239
172,101,251,221,2,183,107,238,253
172,101,251,221,3,222,238,237,110
172,101,251,221,4,251,183,223,123
172,101,251,221,5,239,181,87,191
172,101,251,221,6,191,127,190,170
172,011,255,191,0,110,239,183,238
172,011,255,191,1,253,219,238,253
172,011,255,191,2,239,183,189,175
172,011,255,191,3,191,127,239,125
172,011,255,191,4,254,245,91,245
172,011,255,191,5,85,91,251,117
172,011,255,191,6,85,85,85,85
172,111,85,85,0,85,95,255,255
172,111,85,85,1,245,95,255,255
172,111,85,85,2,255,255,255,255
172,111,85,85,3,255,253,119,221
172,111,85,85,4,245,221,223,251
172,111,85,85,5,247,117,93,191
172,111,85,85,6,191,250,189,125
173,000,239,255,0,222,253,125,255
173,000,239,255,1,119,215,221,110
173,000,239,255,2,239,255,251,190
173,000,239,255,3,191,191,235,125
173,000,239,255,4,239,251,174,255
173,000,239,255,5,234,237,238,246
173,000,239,255,6,245,235,223,239
173,100,239,126,0,239,127,247,221
173,100,239,126,1,221,118,219,181
173,100,239,126,2,234,237,221,245
173,100,239,126,3,117,247,87,251
173,100,239,126,4,183,253,174,246
173,100,239,126,5,253,215,111,111
173,100,239,126,6,237,183,218,247
173,010,246,250,0,239,190,215,238
173,010,246,250,1,237,109,190,239
173,010,246,250,2,125,191,87,87
173,010,246,250,3,234,253,186,175
173,010,246,250,4,221,247,127,126
173,010,246,250,5,239,183,221,237
173,010,246,250,6,219,190,234,183
173,110,238,255,0,181,126,238,223
173,110,238,255,1,117,219,125,247
173,110,238,255,2,91,182,222,175
173,110,238,255,3,223,239,189,219
173,110,238,255,4,174,255,117,187
173,110,238,255,5,214,254,223,214
173,110,238,255,6,247,183,246,253
173,001,255,111,0,222,219,253,125
173,001,255,111,1,255,95,186,245
173,001,255,111,2,222,245,190,253
173,001,255,111,3,182,255,173,191
173,001,255,111,4,187,191,125,215
173,001,255,111,5,237,183,247,95
173,001,255,111,6,117,219,245,245
173,101,190,174,0,251,235,111,235
173,101,190,174,1,109,117,122,223
173,101,190,174,2,93,219,239,181
173,101,190,174,3,245,238,189,215
173,101,190,174,4,95,93,250,183
173,101,190,174,5,223,213,214,235
173,101,190,174,6,190,247,111,251
173,011,171,190,0,247,186,222,251
173,011,171,190,1,173,181,255,235
173,011,171,190,2,238,187,250,237
173,011,171,190,3,222,218,253,255
173,011,171,190,4,239,254,181,85
173,011,171,190,5,85,118,218,170
173,011,171,190,6,170,170,170,170
173,111,170,170,0,175,255,255,250
173,111,170,170,1,175,255,255,255
173,111,170,170,2,255,255,255,255
173,111,170,170,3,255,239,253,239
173,111,170,170,4,253,111,251,254
173,111,170,170,5,186,175,235,254
173,111,170,170,6,254,238,235,237
174,000,182,182,0,253,93,191,91
174,000,182,182,1,182,219,110,183
174,000,182,182,2,183,250,187,127
174,000,182,182,3,111,219,107,111
174,000,182,182,4,213,246,253,95
174,000,182,182,5,171,94,239,181
174,000,182,182,6,182,187,123,239
174,100,125,239,0,125,247,219,223
174,100,125,239,1,219,125,91,239
174,100,125,239,2,238,175,111,190
174,100,125,239,3,235,250,255,119
174,100,125,239,4,223,125,189,222
174,100,125,239,5,238,251,123,239
174,100,125,239,6,215,190,247,222
174,010,191,175,0,247,125,127,239
174,010,191,175,1,238,245,222,190
174,010,191,175,2,235,245,183,122
174,010,191,175,3,239,94,219,219
174,010,191,175,4,91,111,246,247
174,010,191,175,5,246,223,173,247
174,010,191,175,6,221,94,189,235
174,110,253,109,0,189,181,182,181
174,110,253,109,1,174,181,183,122
174,110,253,109,2,214,222,219,219
174,110,253,109,3,222,191,214,247
174,110,253,109,4,190,183,214,255
174,110,253,109,5,87,239,95,222
174,110,253,109,6,190,253,223,183
174,001,125,251,0,247,223,182,246
174,001,125,251,1,247,183,250,247
174,001,125,251,2,221,254,239,221
174,001,125,251,3,255,111,111,239
174,001,125,251,4,247,238,255,126
174,001,125,251,5,190,239,171,238
174,001,125,251,6,246,254,253,223
174,101,246,251,0,191,215,250,247
174,101,246,251,1,110,239,221,247
174,101,246,251,2,223,189,247,95
174,101,246,251,3,191,117,187,111
174,101,246,251,4,214,246,239,191
174,101,246,251,5,218,251,218,255
174,101,246,251,6,221,254,254,219
174,011,247,91,0,182,235,118,183
174,011,247,91,1,223,191,93,251
174,011,247,91,2,247,223,127,187
174,011,247,91,3,250,251,191,175
174,011,247,91,4,218,250,170,175
174,011,247,91,5,247,245,85,85
174,011,247,91,6,85,85,85,85
174,111,85,95,0,255,255,245,95
174,111,85,95,1,255,255,255,255
174,111,85,95,2,255,255,255,251
174,111,85,95,3,191,187,239,255
174,111,85,95,4,239,255,235,122
174,111,85,95,5,175,255,255,123
174,111,85,95,6,109,118,251,239
175,000,213,126,0,254,255,126,239
175,000,213,126,1,223,123,239,127
175,000,213,126,2,239,183,254,255
175,000,213,126,3,218,190,175,190
175,000,213,126,4,170,251,239,125
175,000,213,126,5,238,238,254,171
175,000,213,126,6,239,111,254,254
175,100,191,183,0,247,125,119,222
175,100,191,183,1,171,182,247,189
175,100,191,183,2,247,234,239,253
175,100,191,183,3,255,189,237,254
175,100,191,183,4,190,238,247,125
175,100,191,183,5,125,219,246,237
175,100,191,183,6,191,183,247,254
175,010,255,175,0,127,250,247,189
175,010,255,175,1,246,253,191,127
175,010,255,175,2,237,182,253,189
175,010,255,175,3,190,219,219,110
175,010,255,175,4,183,254,173,182
175,010,255,175,5,215,237,238,246
175,010,255,175,6,254,239,221,251
175,110,182,223,0,93,182,219,110
175,110,182,223,1,187,109,237,107
175,110,182,223,2,111,109,253,223
175,110,182,223,3,187,246,251,191
175,110,182,223,4,111,118,246,239
175,110,182,223,5,190,239,221,213
175,110,182,223,6,239,239,111,235
175,001,237,110,0,223,221,171,190
175,001,237,110,1,175,109,219,234
175,001,237,110,2,223,175,219,190
175,001,237,110,3,182,189,109,218
175,001,237,110,4,221,110,219,119
175,001,237,110,5,123,239,95,213
175,001,237,110,6,247,246,239,239
175,101,245,251,0,111,109,213,171
175,101,245,251,1,95,175,223,223
175,101,245,251,2,118,183,183,86
175,101,245,251,3,250,223,254,223
175,101,245,251,4,246,183,189,125
175,101,245,251,5,250,191,255,175
175,101,245,251,6,93,253,247,125
175,011,218,251,0,93,175,91,223
175,011,218,251,1,123,215,190,247
175,011,218,251,2,223,219,223,235
175,011,218,251,3,247,255,119,247
175,011,218,251,4,234,170,171,190
175,011,218,251,5,234,170,170,170
175,011,218,251,6,170,170,170,170
175,111,175,255,0,255,250,175,255
175,111,175,255,1,255,255,255,255
175,111,175,255,2,255,255,254,239
175,111,175,255,3,237,251,255,191
175,111,175,255,4,119,245,245,95
175,111,175,255,5,239,253,253,182
175,111,175,255,6,250,237,235,239
176,000,255,254,0,255,94,235,219
176,000,255,254,1,123,111,127,239
176,000,255,254,2,239,127,239,245
176,000,255,254,3,126,223,223,250
176,000,255,254,4,255,247,254,254
176,000,255,254,5,253,223,171,247
176,000,255,254,6,239,247,127,239
176,100,191,247,0,190,255,239,93
176,100,191,247,1,190,247,239,239
176,100,191,247,2,234,222,255,122
176,100,191,247,3,255,123,255,123
176,100,191,247,4,239,119,190,247
176,100,191,247,5,239,253,239,191
176,100,191,247,6,191,255,223,95
176,010,239,122,0,255,127,222,246
176,010,239,122,1,251,187,239,125
176,010,239,122,2,183,237,223,95
176,010,239,122,3,221,239,109,239
176,010,239,122,4,246,246,182,223
176,010,239,122,5,93,239,219,111
176,010,239,122,6,223,237,250,237
176,110,223,93,0,187,189,219,187
176,110,223,93,1,109,251,174,223
176,110,223,93,2,221,239,223,123
176,110,223,93,3,246,247,189,215
176,110,223,93,4,186,250,247,95
176,110,223,93,5,215,245,251,247
176,110,223,93,6,239,191,190,251
176,001,175,127,0,250,251,239,183
176,001,175,127,1,250,254,246,222
176,001,175,127,2,253,235,191,219
176,001,175,127,3,239,186,247,93
176,001,175,127,4,219,187,222,255
176,001,175,127,5,171,191,190,254
176,001,175,127,6,253,95,250,245
176,101,255,175,0,245,239,215,247
176,101,255,175,1,251,239,123,238
176,101,255,175,2,238,247,238,239
176,101,255,175,3,245,247,250,247
176,101,255,175,4,119,119,245,87
176,101,255,175,5,110,246,255,214
176,101,255,175,6,255,94,238,255
176,011,95,239,0,245,254,191,126
176,011,95,239,1,171,222,253,215
176,011,95,239,2,125,111,245,123
176,011,95,239,3,191,175,234,170
176,011,95,239,4,170,171,191,213
176,011,95,239,5,85,85,85,85
176,011,95,239,6,85,85,85,95
176,111,255,255,0,245,95,255,255
176,111,255,255,1,255,255,255,255
176,111,255,255,2,255,251,127,254
176,111,255,255,3,255,255,239,255
176,111,255,255,4,239,186,175,253
176,111,255,255,5,222,254,235,237
176,111,255,255,6,118,246,247,238
177,000,190,255,0,110,237,221,123
177,000,190,255,1,175,127,237,239
177,000,190,255,2,255,255,245,126
177,000,190,255,3,175,190,247,214
177,000,190,255,4,186,215,251,239
177,000,190,255,5,123,191,119,239
177,000,190,255,6,253,255,127,255
177,100,239,189,0,251,251,127,111
177,100,239,189,1,255,189,255,223
177,100,239,189,2,246,254,223,247
177,100,239,189,3,123,253,238,239
177,100,239,189,4,119,189,221,251
177,100,239,189,5,251,191,255,255
177,100,239,189,6,238,247,221,93
177,010,173,245,0,238,189,246,235
177,010,173,245,1,125,191,183,109
177,010,173,245,2,246,253,191,123
177,010,173,245,3,254,189,239,187
177,010,173,245,4,126,219,221,173
177,010,173,245,5,253,253,253,95
177,010,173,245,6,215,214,186,253
177,110,235,189,0,117,189,109,237
177,110,235,189,1,254,222,223,219
177,110,235,189,2,246,254,222,187
177,110,235,189,3,213,237,218,237
177,110,235,189,4,254,239,189,223
177,110,235,189,5,187,222,255,125
177,110,235,189,6,239,251,237,175
177,001,111,190,0,247,222,238,189
177,001,111,190,1,254,253,247,111
177,001,111,190,2,219,219,119,126
177,001,111,190,3,238,239,181,237
177,001,111,190,4,123,94,245,183
177,001,111,190,5,222,251,215,239
177,001,111,190,6,246,173,174,237
177,101,218,245,0,245,85,85,247
177,101,218,245,1,117,119,123,125
177,101,218,245,2,85,85,85,85
177,101,218,245,3,93,235,189,117
177,101,218,245,4,90,237,191,119
177,101,218,245,5,239,239,253,237
177,101,218,245,6,183,190,175,106
177,011,245,85,0,85,123,118,218
177,011,245,85,1,170,170,171,238
177,011,245,85,2,223,91,221,237
177,011,245,85,3,186,237,186,170
177,011,245,85,4,175,239,245,85
177,011,245,85,5,85,85,85,85
177,011,245,85,6,85,85,95,255
177,111,255,245,0,95,255,255,255
177,111,255,245,1,255,255,255,255
177,111,255,245,2,253,111,215,238
177,111,255,245,3,251,191,91,255
177,111,255,245,4,117,94,239,245
177,111,255,245,5,251,191,119,237
177,111,255,245,6,239,126,234,237
178,000,191,107,0,218,221,123,175
178,000,191,107,1,91,237,223,255
178,000,191,107,2,255,219,181,119
178,000,191,107,3,238,247,214,186
178,000,191,107,4,215,93,189,222
178,000,191,107,5,239,221,190,247
178,000,191,107,6,223,127,255,239
178,100,187,247,0,253,127,175,255
178,100,187,247,1,123,187,107,182
178,100,187,247,2,254,223,247,119
178,100,187,247,3,125,223,85,87
178,100,187,247,4,189,221,187,235
178,100,187,247,5,223,255,255,245
178,100,187,247,6,238,190,223,221
178,010,245,238,0,189,221,182,223
178,010,245,238,1,111,237,182,246
178,010,245,238,2,223,95,85,111
178,010,245,238,3,111,215,247,126
178,010,245,238,4,251,221,173,183
178,010,245,238,5,107,221,95,223
178,010,245,238,6,214,182,223,93
178,110,182,219,0,110,183,109,238
178,110,182,219,1,215,126,239,238
178,110,182,219,2,182,239,189,123
178,110,182,219,3,215,109,187,93
178,110,182,219,4,189,189,223,187
178,110,182,219,5,223,127,125,239
178,110,182,219,6,251,237,175,111
178,001,189,127,0,94,238,189,250
178,001,189,127,1,191,87,111,219
178,001,189,127,2,219,125,189,218
178,001,189,127,3,213,85,237,123
178,001,189,127,4,237,251,119,222
178,001,189,127,5,251,219,251,126
178,001,189,127,6,174,219,215,173
178,101,187,223,0,119,235,222,187
178,101,187,223,1,119,110,237,238
178,101,187,223,2,237,239,175,127
178,101,187,223,3,189,254,237,219
178,101,187,223,4,237,255,127,223
178,101,187,223,5,239,255,251,183
178,101,187,223,6,111,191,125,251
178,011,221,245,0,239,110,173,215
178,011,221,245,1,186,245,245,119
178,011,221,245,2,245,127,223,111
178,011,221,245,3,119,170,170,175
178,011,221,245,4,255,245,85,85
178,011,221,245,5,85,85,85,85
178,011,221,245,6,85,95,255,255
178,111,245,95,0,255,255,255,255
178,111,245,95,1,255,255,255,253
178,111,245,95,2,111,237,255,189
178,111,245,95,3,127,91,250,245
178,111,245,95,4,94,183,235,251
178,111,245,95,5,191,119,237,239
178,111,245,95,6,126,234,237,238
179,000,255,255,0,223,95,111,255
179,000,255,255,1,189,253,183,221
179,000,255,255,2,219,251,127,111
179,000,255,255,3,238,255,191,110
179,000,255,255,4,251,247,126,221
179,000,255,255,5,251,221,118,221
179,000,255,255,6,175,122,254,191
179,100,118,221,0,214,223,119,174
179,100,118,221,1,255,245,239,93
179,100,118,221,2,250,251,186,223
179,100,118,221,3,91,239,126,186
179,100,118,221,4,247,222,245,235
179,100,118,221,5,119,245,219,223
179,100,118,221,6,123,239,123,107
179,010,109,221,0,245,246,187,187
179,010,109,221,1,91,250,237,175
179,010,109,221,2,183,223,125,251
179,010,109,221,3,118,246,251,251
179,010,109,221,4,111,87,251,218
179,010,109,221,5,189,183,183,117
179,010,109,221,6,237,175,181,253
179,110,123,239,0,119,221,127,119
179,110,123,239,1,215,223,123,254
179,110,123,239,2,251,251,251,253
179,110,123,239,3,95,94,245,247
179,110,123,239,4,254,253,237,239
179,110,123,239,5,235,93,110,223
179,110,123,239,6,111,187,125,93
179,001,238,246,0,250,245,247,186
179,001,238,246,1,245,235,94,250
179,001,238,246,2,175,95,213,223
179,001,238,246,3,221,187,183,111
179,001,238,246,4,251,119,110,237
179,001,238,246,5,214,254,223,219
179,001,238,246,6,250,251,239,119
179,101,247,175,0,119,215,221,175
179,101,247,175,1,186,247,91,119
179,101,247,175,2,110,237,223,186
179,101,247,175,3,238,219,189,223
179,101,247,175,4,174,234,183,123
179,101,247,175,5,119,221,237,189
179,101,247,175,6,183,191,117,239
179,011,123,126,0,238,238,247,175
179,011,123,126,1,125,223,239,223
179,011,123,126,2,123,107,109,109
179,011,123,126,3,250,170,170,219
179,011,123,126,4,90,170,170,170
179,011,123,126,5,170,170,170,170
179,011,123,126,6,175,255,255,250
179,111,175,255,0,255,255,255,255
179,111,175,255,1,255,255,253,239
179,111,175,255,2,215,239,250,223
179,111,175,255,3,251,246,245,94
179,111,175,255,4,183,215,251,181
179,111,175,255,5,235,125,214,237
179,111,175,255,6,239,125,237,213
180,000,218,221,0,127,175,218,246
180,000,218,221,1,222,191,215,247
180,000,218,221,2,223,247,182,253
180,000,218,221,3,126,247,222,254
180,000,218,221,4,239,181,235,111
180,000,218,221,5,123,187,237,239
180,000,218,221,6,247,247,191,219
180,100,253,127,0,175,183,247,239
180,100,253,127,1,189,254,253,253
180,100,253,127,2,251,247,119,125
180,100,253,127,3,189,222,254,247
180,100,253,127,4,223,119,213,239
180,100,253,127,5,119,246,181,111
180,100,253,127,6,190,245,251,247
180,010,247,86,0,235,181,219,119
180,010,247,86,1,215,111,109,191
180,010,247,86,2,91,219,123,111
180,010,247,86,3,189,126,214,215
180,010,247,86,4,238,245,117,125
180,010,247,86,5,222,214,255,122
180,010,247,86,6,237,182,235,187
180,110,123,111,0,109,183,171,111
180,110,123,111,1,109,235,190,187
180,110,123,111,2,246,245,127,119
180,110,123,111,3,238,253,189,190
180,110,123,111,4,171,239,123,111
180,110,123,111,5,109,239,190,254
180,110,123,111,6,254,247,189,127
180,001,93,247,0,251,239,189,254
180,001,93,247,1,253,254,251,245
180,001,93,247,2,85,237,189,191
180,001,93,247,3,91,245,170,175
180,001,93,247,4,87,190,247,221
180,001,93,247,5,189,183,250,246
180,001,93,247,6,213,93,87,191
180,101,125,245,0,219,126,219,234
180,101,125,245,1,171,239,125,222
180,101,125,245,2,223,239,186,247
180,101,125,245,3,87,110,187,237
180,101,125,245,4,235,181,183,183
180,101,125,245,5,255,189,251,239
180,101,125,245,6,247,239,187,219
180,011,251,247,0,91,183,189,218
180,011,251,247,1,223,183,186,254
180,011,251,247,2,251,223,123,245
180,011,251,247,3,85,90,251,181
180,011,251,247,4,85,85,85,85
180,011,251,247,5,85,85,85,95
180,011,251,247,6,255,255,245,95
180,111,255,255,0,255,255,255,255
180,111,255,255,1,255,253,191,254
180,111,255,255,2,250,255,239,175
180,111,255,255,3,253,245,94,191
180,111,255,255,4,215,245,215,239
180,111,255,255,5,182,235,125,234
180,111,255,255,6,213,106,213,106
181,000,222,189,0,109,219,246,247
181,000,222,189,1,222,251,221,235
181,000,222,189,2,127,235,223,234
181,000,222,189,3,239,125,251,186
181,000,222,189,4,218,247,93,245
181,000,222,189,5,238,189,215,191
181,000,222,189,6,221,123,175,189
181,100,250,183,0,247,219,93,191
181,100,250,183,1,123,111,255,190
181,100,250,183,2,254,222,221,219
181,100,250,183,3,191,237,253,246
181,100,250,183,4,238,221,175,219
181,100,250,183,5,246,251,190,219
181,100,250,183,6,214,246,191,189
181,010,173,186,0,222,223,107,181
181,010,173,186,1,125,93,223,93
181,010,173,186,2,235,186,191,245
181,010,173,186,3,250,238,239,190
181,010,173,186,4,245,125,93,110
181,010,173,186,5,189,107,107,189
181,010,173,186,6,245,190,182,253
181,110,187,237,0,238,218,239,221
181,110,187,237,1,247,255,221,118
181,110,187,237,2,219,254,255,123
181,110,187,237,3,255,119,239,254
181,110,187,237,4,239,126,239,221
181,110,187,237,5,223,123,251,127
181,110,187,237,6,111,183,127,175
181,001,127,117,0,253,222,235,175
181,001,127,117,1,189,214,189,119
181,001,127,117,2,95,123,237,122
181,001,127,117,3,219,246,255,117
181,001,127,117,4,110,253,235,234
181,001,127,117,5,253,222,246,237
181,001,127,117,6,109,215,223,223
181,101,125,223,0,247,239,247,223
181,101,125,223,1,191,223,239,191
181,101,125,223,2,127,255,253,254
181,101,125,223,3,255,223,255,255
181,101,125,223,4,127,255,247,255
181,101,125,223,5,247,223,191,223
181,101,125,223,6,127,191,127,190
181,011,255,251,0,239,223,239,255
181,011,255,251,1,127,255,247,255
181,011,255,251,2,255,223,250,170
181,011,255,251,3,175,255,245,85
181,011,255,251,4,85,85,85,85
181,011,255,251,5,85,85,95,255
181,011,255,251,6,255,245,95,255
181,111,255,255,0,255,255,255,255
181,111,255,255,1,251,255,235,253
181,111,255,255,2,123,191,119,223
181,111,255,255,3,245,93,223,175
181,111,255,255,4,253,111,239,118
181,111,255,255,5,234,215,191,123
181,111,255,255,6,125,123,125,234
182,000,110,219,0,126,247,238,222
182,000,110,219,1,219,235,186,191
182,000,110,219,2,251,126,253,183
182,000,110,219,3,222,214,247,183
182,000,110,219,4,187,93,187,253
182,000,110,219,5,223,191,125,255
182,000,110,219,6,111,239,187,125
182,100,119,215,0,247,183,255,215
182,100,119,215,1,123,110,251,187
182,100,119,215,2,223,221,237,223
182,100,119,215,3,111,123,190,255
182,100,119,215,4,237,239,189,251
182,100,119,215,5,182,191,253,251
182,100,119,215,6,127,223,110,222
182,010,235,221,0,187,187,235,253
182,010,235,221,1,125,223,125,253
182,010,235,221,2,223,191,235,86
182,010,235,221,3,222,247,239,255
182,010,235,221,4,191,110,251,255
182,010,235,221,5,253,221,191,126
182,010,235,221,6,239,221,239,123
182,110,109,246,0,239,95,215,223
182,110,109,246,1,191,111,255,125
182,110,109,246,2,250,247,215,219
182,110,109,246,3,173,119,123,183
182,110,109,246,4,87,245,191,111
182,110,109,246,5,219,247,239,191
182,110,109,246,6,251,234,187,182
182,001,187,253,0,119,87,111,170
182,001,187,253,1,255,187,191,182
182,001,187,253,2,239,221,111,253
182,001,187,253,3,175,239,182,223
182,001,187,253,4,219,246,254,223
182,001,187,253,5,183,223,125,247
182,001,187,253,6,189,251,222,191
182,101,175,247,0,125,255,191,255
182,101,175,247,1,125,238,186,255
182,101,175,247,2,215,117,117,222
182,101,175,247,3,219,183,125,239
182,101,175,247,4,183,255,251,173
182,101,175,247,5,255,118,247,191
182,101,175,247,6,110,255,190,254
182,011,251,239,0,251,255,255,126
182,011,251,239,1,182,251,215,173
182,011,251,239,2,187,250,170,175
182,011,251,239,3,254,218,170,170
182,011,251,239,4,170,170,170,170
182,011,251,239,5,170,175,255,255
182,011,251,239,6,250,175,255,255
182,111,255,255,0,255,255,255,255
182,111,255,255,1,111,253,247,191
182,111,255,255,2,223,251,251,122
182,111,255,255,3,174,183,251,255
182,111,255,255,4,107,118,239,110
182,111,255,255,5,183,234,213,182
182,111,255,255,6,251,234,213,109
183,000,109,253,0,239,181,126,175
183,000,109,253,1,213,245,119,253
183,000,109,253,2,247,238,253,175
183,000,109,253,3,173,222,223,255
183,000,109,253,4,251,94,255,126
183,000,109,253,5,255,221,247,222
183,000,109,253,6,247,245,246,237
183,100,190,239,0,183,255,213,239
183,100,190,239,1,215,239,93,255
183,100,190,239,2,110,251,183,221
183,100,190,239,3,221,239,253,181
183,100,190,239,4,126,175,251,182
183,100,190,239,5,191,253,247,255
183,100,190,239,6,95,255,125,187
183,010,223,255,0,251,235,253,125
183,010,223,255,1,223,223,213,111
183,010,223,255,2,223,245,250,239
183,010,223,255,3,95,255,255,191
183,010,223,255,4,110,223,255,219
183,010,223,255,5,183,125,253,191
183,010,223,255,6,183,237,253,187
183,110,237,187,0,239,223,222,251
183,110,237,187,1,223,253,247,251
183,110,237,187,2,239,127,219,218
183,110,237,187,3,223,255,247,87
183,110,237,187,4,245,191,111,223
183,110,237,187,5,214,186,223,251
183,110,237,187,6,251,237,123,189
183,001,253,119,0,93,191,247,250
183,001,253,119,1,181,254,235,221
183,001,253,119,2,123,109,215,93
183,001,253,119,3,253,123,239,223
183,001,253,119,4,237,127,175,235
183,001,253,119,5,247,255,189,183
183,001,253,119,6,246,246,191,255
183,101,247,125,0,246,253,95,223
183,101,247,125,1,213,189,239,251
183,101,247,125,2,173,251,251,175
183,101,247,125,3,183,123,126,251
183,101,247,125,4,255,238,246,253
183,101,247,125,5,219,191,123,189
183,101,247,125,6,175,190,255,187
183,011,239,223,0,223,247,191,183
183,011,239,223,1,247,254,221,173
183,011,239,223,2,250,170,175,255
183,011,239,223,3,245,85,85,85
183,011,239,223,4,85,85,85,85
183,011,239,223,5,95,255,255,245
183,011,239,223,6,95,255,255,255
183,111,255,255,0,255,255,253,191
183,111,255,255,1,127,239,255,190
183,111,255,255,2,255,238,245,94
183,111,255,255,3,175,253,255,107
183,111,255,255,4,118,235,109,239
183,111,255,255,5,125,214,238,237
183,111,255,255,6,245,106,219,222
184,000,214,251,0,181,126,175,251
184,000,214,251,1,181,239,219,127
184,000,214,251,2,247,123,189,221
184,000,214,251,3,253,191,191,253
184,000,214,251,4,222,247,223,254
184,000,214,251,5,251,239,109,111
184,000,214,251,6,187,127,235,239
184,100,215,119,0,182,238,239,253
184,100,215,119,1,238,183,126,246
184,100,215,119,2,247,183,222,251
184,100,215,119,3,123,245,181,126
184,100,215,119,4,175,235,187,183
184,100,215,119,5,253,247,254,189
184,100,215,119,6,191,189,237,223
184,010,255,251,0,222,247,223,223
184,010,255,251,1,95,222,239,183
184,010,255,251,2,247,127,237,239
184,010,255,251,3,125,239,191,251
184,010,255,251,4,190,223,219,189
184,010,255,251,5,125,222,247,183
184,010,255,251,6,221,251,235,239
184,110,187,239,0,223,215,187,119
184,110,187,239,1,223,127,247,239
184,110,187,239,2,125,222,239,223
184,110,187,239,3,255,251,109,253
184,110,187,239,4,191,127,223,223
184,110,187,239,5,221,255,191,127
184,110,187,239,6,238,222,183,118
184,001,250,171,0,223,247,251,250
184,001,250,171,1,254,214,237,118
184,001,250,171,2,191,87,109,246
184,001,250,171,3,238,255,125,250
184,001,250,171,4,251,247,255,127
184,001,250,171,5,221,238,221,246
184,001,250,171,6,246,191,255,247
184,101,93,253,0,253,191,125,253
184,101,93,253,1,187,223,245,173
184,101,93,253,2,247,221,191,222
184,101,93,253,3,255,126,251,255
184,101,93,253,4,234,247,253,91
184,101,93,253,5,191,119,110,187
184,101,93,253,6,239,255,94,255
184,011,125,251,0,251,191,215,247
184,011,125,251,1,246,222,189,250
184,011,125,251,2,170,175,255,245
184,011,125,251,3,85,85,85,85
184,011,125,251,4,85,85,85,95
184,011,125,251,5,255,255,245,95
184,011,125,251,6,255,255,255,255
184,111,255,255,0,255,251,239,253
184,111,255,255,1,255,191,223,251
184,111,255,255,2,235,122,175,95
184,111,255,255,3,238,254,183,239
184,111,255,255,4,117,182,251,239
184,111,255,255,5,109,187,119,234
184,111,255,255,6,213,107,238,245
185,000,253,222,0,255,125,251,255
185,000,253,222,1,253,118,239,238
185,000,253,222,2,255,223,250,170
185,000,253,222,3,175,255,245,85
185,000,253,222,4,85,85,85,85
185,000,253,222,5,85,85,95,255
185,000,253,222,6,255,245,95,255
185,100,255,255,0,255,255,255,255
185,100,255,255,1,245,223,191,191
185,100,255,255,2,191,125,247,174
185,100,255,255,3,247,123,239,223
185,100,255,255,4,251,255,255,239
185,100,255,255,5,223,221,239,255
185,100,255,255,6,245,85,95,191
185,010,250,170,0,170,170,170,170
185,010,250,170,1,170,170,175,255
185,010,250,170,2,255,250,175,255
185,010,250,170,3,255,255,255,255
185,010,250,170,4,255,255,251,223
185,010,250,170,5,191,181,251,253
185,010,250,170,6,247,222,255,190
185,110,255,125,0,245,125,95,239
185,110,255,125,1,223,254,255,255
185,110,255,125,2,117,85,95,191
185,110,255,125,3,250,170,170,170
185,110,255,125,4,170,170,170,170
185,110,255,125,5,175,255,255,250
185,110,255,125,6,175,255,255,255
185,001,255,255,0,255,255,255,254
185,001,255,255,1,251,254,255,191
185,001,255,255,2,127,190,251,127
185,001,255,255,3,95,235,251,251
185,001,255,255,4,239,255,191,254
185,001,255,255,5,255,255,245,85
185,001,255,255,6,95,191,250,170
185,101,170,170,0,170,170,170,170
185,101,170,170,1,175,255,255,250
185,101,170,170,2,175,255,255,255
185,101,170,170,3,255,255,255,255
185,101,170,170,4,250,255,191,223
185,101,170,170,5,253,191,127,190
185,101,170,170,6,254,251,239,223
185,011,251,246,0,255,239,239,234
185,011,251,246,1,255,223,250,170
185,011,251,246,2,175,255,245,85
185,011,251,246,3,85,85,85,85
185,011,251,246,4,85,85,95,255
185,011,251,246,5,255,245,95,255
185,011,251,246,6,255,255,255,255
185,111,255,255,0,253,111,215,245
185,111,255,255,1,189,127,91,245
185,111,255,255,2,250,175,95,214
185,111,255,255,3,255,110,235,235
185,111,255,255,4,239,239,234,238
185,111,255,255,5,237,125,238,245
185,111,255,255,6,109,222,245,222
186,000,110,239,0,123,118,223,111
186,000,110,239,1,182,247,125,183
186,000,110,239,2,214,251,173,191
186,000,110,239,3,183,237,181,239
186,000,110,239,4,239,190,171,213
186,000,110,239,5,125,239,239,93
186,000,110,239,6,183,255,183,93
186,100,182,181,0,183,183,118,238
186,100,182,181,1,190,246,250,246
186,100,182,181,2,239,119,235,125
186,100,182,181,3,190,183,183,123
186,100,182,181,4,125,187,238,247
186,100,182,181,5,123,119,221,238
186,100,182,181,6,222,254,221,247
186,010,111,123,0,189,183,187,237
186,010,111,123,1,238,191,255,87
186,010,111,123,2,187,127,247,91
186,010,111,123,3,183,181,247,111
186,010,111,123,4,109,237,239,187
186,010,111,123,5,238,251,239,119
186,010,111,123,6,221,251,189,223
186,110,123,235,0,223,123,254,247
186,110,123,235,1,190,247,253,247
186,110,123,235,2,219,255,119,239
186,110,123,235,3,183,239,126,215
186,110,123,235,4,247,251,238,223
186,110,123,235,5,183,170,222,255
186,110,123,235,6,111,85,187,237
186,001,247,223,0,223,237,239,110
186,001,247,223,1,247,187,238,221
186,001,247,223,2,239,127,238,247
186,001,247,223,3,175,223,223,251
186,001,247,223,4,238,255,127,239
186,001,247,223,5,110,254,218,255
186,001,247,223,6,247,253,181,255
186,101,238,183,0,255,255,237,111
186,101,238,183,1,247,174,223,255
186,101,238,183,2,239,93,187,93
186,101,238,183,3,175,117,219,94
186,101,238,183,4,189,94,250,250
186,101,238,183,5,186,189,245,246
186,101,238,183,6,239,94,234,250
186,011,253,187,0,247,122,251,95
186,011,253,187,1,125,234,170,175
186,011,253,187,2,175,218,170,170
186,011,253,187,3,170,170,170,170
186,011,253,187,4,170,175,255,255
186,011,253,187,5,250,175,255,255
186,011,253,187,6,255,255,255,255
186,111,255,253,0,239,189,247,187
186,111,255,253,1,223,123,239,122
186,111,255,253,2,174,247,222,253
186,111,255,253,3,107,111,118,183
186,111,255,253,4,235,119,214,234
186,111,255,253,5,213,106,213,111
186,111,255,253,6,119,111,215,238
187,000,254,239,0,238,239,247,94
187,000,254,239,1,247,107,109,109
187,000,254,239,2,245,213,119,87
187,000,254,239,3,191,237,253,189
187,000,254,239,4,94,223,253,255
187,000,254,239,5,191,187,247,235
187,000,254,239,6,255,171,239,253
187,100,245,174,0,182,253,86,247
187,100,245,174,1,85,234,191,251
187,100,245,174,2,191,187,191,119
187,100,245,174,3,254,239,239,189
187,100,245,174,4,247,125,183,107
187,100,245,174,5,109,109,247,170
187,100,245,174,6,247,87,191,247
187,010,126,237,0,94,223,253,255
187,010,126,237,1,191,189,247,119
187,010,126,237,2,127,213,251,223
187,010,126,237,3,117,174,182,253
187,010,126,237,4,91,118,174,255
187,010,126,237,5,223,251,191,219
187,010,126,237,6,187,223,127,127
187,110,219,107,0,182,221,215,107
187,110,219,107,1,109,109,183,187
187,110,219,107,2,219,175,111,119
187,110,219,107,3,187,189,222,239
187,110,219,107,4,119,123,191,255
187,110,219,107,5,255,247,127,255
187,110,219,107,6,255,255,255,255
187,001,255,255,0,251,189,222,238
187,001,255,255,1,247,123,189,221
187,001,255,255,2,239,253,222,239
187,001,255,255,3,127,255,255,255
187,001,255,255,4,255,255,255,255
187,001,255,255,5,247,187,223,255
187,001,255,255,6,255,119,187,189
187,101,222,239,0,119,123,191,255
187,101,222,239,1,255,247,127,255
187,101,222,239,2,255,255,255,255
187,101,222,239,3,255,255,251,189
187,101,222,239,4,222,238,247,123
187,101,222,239,5,189,221,239,253
187,101,222,239,6,222,239,127,255
187,011,255,255,0,255,255,255,255
187,011,255,255,1,245,85,95,255
187,011,255,255,2,245,85,85,85
187,011,255,255,3,85,85,85,85
187,011,255,255,4,95,255,255,245
187,011,255,255,5,95,255,255,255
187,011,255,255,6,255,255,255,255
187,111,251,255,0,127,239,247,255
187,111,251,255,1,253,255,122,175
187,111,251,255,2,247,255,247,187
187,111,251,255,3,119,235,237,126
187,111,251,255,4,238,234,213,106
187,111,251,255,5,213,106,215,126
187,111,251,255,6,235,189,187,239
188,000,125,251,0,255,255,239,255
188,000,125,251,1,254,255,255,245
188,000,125,251,2,85,95,191,250
188,000,125,251,3,170,170,170,170
188,000,125,251,4,170,170,170,175
188,000,125,251,5,255,255,250,175
188,000,125,251,6,255,255,255,255
188,100,255,255,0,255,253,254,251
188,100,255,255,1,247,251,253,247
188,100,255,255,2,239,253,254,255
188,100,255,255,3,125,251,255,255
188,100,255,255,4,239,255,254,255
188,100,255,255,5,255,245,85,95
188,100,255,255,6,191,250,170,170
188,010,170,170,0,170,170,170,175
188,010,170,170,1,255,255,250,175
188,010,170,170,2,255,255,255,255
188,010,170,170,3,255,255,255,253
188,010,170,170,4,254,251,247,251
188,010,170,170,5,253,247,239,253
188,010,170,170,6,254,255,125,251
188,110,255,255,0,239,255,254,255
188,110,255,255,1,255,245,85,95
188,110,255,255,2,191,250,170,170
188,110,255,255,3,170,170,170,170
188,110,255,255,4,170,175,255,255
188,110,255,255,5,250,175,255,255
188,110,255,255,6,255,255,255,255
188,001,255,253,0,254,251,247,251
188,001,255,253,1,253,247,239,253
188,001,255,253,2,254,255,125,251
188,001,255,253,3,255,255,239,255
188,001,255,253,4,254,255,255,245
188,001,255,253,5,85,95,191,250
188,001,255,253,6,170,170,170,170
188,101,170,170,0,170,175,255,255
188,101,170,170,1,250,175,255,255
188,101,170,170,2,255,255,255,255
188,101,170,170,3,255,253,254,251
188,101,170,170,4,247,251,253,247
188,101,170,170,5,239,253,254,255
188,101,170,170,6,125,251,255,255
188,011,239,255,0,254,255,255,245
188,011,239,255,1,85,95,191,250
188,011,239,255,2,170,170,170,170
188,011,239,255,3,170,170,170,175
188,011,239,255,4,255,255,250,175
188,011,239,255,5,255,255,255,255
188,011,239,255,6,255,255,255,255
188,111,239,253,0,254,247,255,219
188,111,239,253,1,255,125,93,255
188,111,239,253,2,191,251,187,119
188,111,239,253,3,118,237,181,191
188,111,239,253,4,119,123,117,106
188,111,239,253,5,213,109,253,247
188,111,239,253,6,187,189,187,213
189,000,247,125,0,215,235,247,255
189,000,247,125,1,255,247,174,253
189,000,247,125,2,223,255,253,215
189,000,247,125,3,119,189,87,110
189,000,247,125,4,234,237,91,239
189,000,247,125,5,126,235,125,183
189,000,247,125,6,253,127,255,247
189,100,255,237,0,186,239,187,221
189,100,255,237,1,122,239,93,245
189,100,255,237,2,239,111,119,238
189,100,255,237,3,247,253,251,237
189,100,255,237,4,247,251,125,215
189,100,255,237,5,246,247,191,191
189,100,255,237,6,253,235,127,93
189,010,87,214,0,245,110,175,187
189,010,87,214,1,126,183,110,221
189,010,87,214,2,253,255,219,94
189,010,87,214,3,182,246,239,247
189,010,87,214,4,125,221,187,219
189,010,87,214,5,237,218,247,237
189,010,87,214,6,174,234,247,223
189,110,187,235,0,125,214,186,215
189,110,187,235,1,237,237,187,111
189,110,187,235,2,109,235,234,247
189,110,187,235,3,174,215,218,219
189,110,187,235,4,91,239,126,235
189,110,187,235,5,122,221,253,223
189,110,187,235,6,246,215,117,214
189,001,237,221,0,245,246,183,174
189,001,237,221,1,245,219,183,221
189,001,237,221,2,187,235,223,125
189,001,237,221,3,239,183,127,107
189,001,237,221,4,109,109,245,245
189,001,237,221,5,251,191,117,246
189,001,237,221,6,255,93,91,215
189,101,117,91,0,91,251,126,219
189,101,117,91,1,109,117,253,223
189,101,117,91,2,237,187,183,107
189,101,117,91,3,175,183,219,219
189,101,117,91,4,235,246,239,110
189,101,117,91,5,237,219,174,235
189,101,117,91,6,119,245,127,119
189,011,183,126,0,175,213,218,170
189,011,183,126,1,173,238,245,85
189,011,183,126,2,85,85,85,85
189,011,183,126,3,85,85,95,255
189,011,183,126,4,255,245,95,255
189,011,183,126,5,255,255,255,255
189,011,183,126,6,255,255,251,255
189,111,189,255,0,191,191,247,239
189,111,189,255,1,122,175,239,222
189,111,189,255,2,253,111,239,125
189,111,189,255,3,239,221,111,181
189,111,189,255,4,106,213,106,213
189,111,189,255,5,109,254,251,247
189,111,189,255,6,251,254,223,190
190,000,187,222,0,189,171,215,221
190,000,187,222,1,123,173,235,123
190,000,187,222,2,219,175,127,182
190,000,187,222,3,223,87,187,219
190,000,187,222,4,95,127,245,237
190,000,187,222,5,187,109,175,91
190,000,187,222,6,126,239,119,107
190,100,223,119,0,111,109,251,125
190,100,223,119,1,190,235,250,253
190,100,223,119,2,123,183,237,239
190,100,223,119,3,107,182,237,175
190,100,223,119,4,110,189,189,218
190,100,223,119,5,174,187,175,189
190,100,223,119,6,247,181,85,85
190,010,85,85,0,87,189,247,191
190,010,85,85,1,117,91,91,181
190,010,85,85,2,239,187,119,254
190,010,85,85,3,251,181,175,191
190,010,85,85,4,222,190,239,127
190,010,85,85,5,191,181,117,174
190,010,85,85,6,189,246,237,222
190,110,174,215,0,119,221,93,221
190,110,174,215,1,171,182,238,221
190,110,174,215,2,239,111,183,126
190,110,174,215,3,170,183,239,119
190,110,174,215,4,247,182,247,213
190,110,174,215,5,109,173,187,123
190,110,174,215,6,95,251,251,254
190,001,221,125,0,191,183,218,170
190,001,221,125,1,170,183,239,187
190,001,221,125,2,191,111,191,86
190,001,221,125,3,182,255,171,111
190,001,221,125,4,253,254,238,254
190,001,221,125,5,215,223,119,187
190,001,221,125,6,189,222,239,119
190,101,123,191,0,255,255,247,127
190,101,123,191,1,255,255,255,255
190,101,123,191,2,255,255,255,251
190,101,123,191,3,189,222,238,247
190,101,123,191,4,123,189,221,239
190,101,123,191,5,253,222,239,127
190,101,123,191,6,255,255,255,255
190,011,255,255,0,255,245,85,95
190,011,255,255,1,255,245,85,85
190,011,255,255,2,85,85,85,85
190,011,255,255,3,85,95,255,255
190,011,255,255,4,245,95,255,255
190,011,255,255,5,255,255,255,255
190,011,255,255,6,255,253,223,173
190,111,255,122,0,223,247,246,245
190,111,255,122,1,95,111,221,253
190,111,255,122,2,181,238,237,125
190,111,255,122,3,238,237,234,213
190,111,255,122,4,106,213,106,214
190,111,255,122,5,255,246,247,247
190,111,255,122,6,239,221,239,253
191,000,221,93,0,174,213,218,187
191,000,221,93,1,235,170,170,235
191,000,221,93,2,87,111,251,223
191,000,221,93,3,119,245,247,95
191,000,221,93,4,215,255,111,223
191,000,221,93,5,175,223,247,222
191,000,221,93,6,175,253,255,191
191,100,251,223,0,117,238,190,190
191,100,251,223,1,235,191,189,223
191,100,251,223,2,175,186,253,253
191,100,251,223,3,87,255,111,191
191,100,251,223,4,247,254,254,235
191,100,251,223,5,223,253,255,118
191,100,251,223,6,254,247,94,219
191,010,219,123,0,111,223,127,118
191,010,219,123,1,223,190,182,253
191,010,219,123,2,191,239,239,191
191,010,219,123,3,191,125,183,182
191,010,219,123,4,245,238,189,222
191,010,219,123,5,251,237,123,175
191,010,219,123,6,117,191,123,251
191,110,253,253,0,247,247,93,191
191,110,253,253,1,191,125,251,125
191,110,253,253,2,186,221,246,254
191,110,253,253,3,223,219,251,247
191,110,253,253,4,126,237,255,187
191,110,253,253,5,95,126,255,119
191,110,253,253,6,238,253,221,183
191,001,126,239,0,223,219,251,109
191,001,126,239,1,187,183,246,254
191,001,126,239,2,221,254,251,247
191,001,126,239,3,126,253,223,187
191,001,126,239,4,247,170,175,221
191,001,126,239,5,254,181,234,171
191,001,126,239,6,94,219,219,123
191,101,111,222,0,255,93,119,246
191,101,111,222,1,191,125,255,123
191,101,111,222,2,239,125,237,173
191,101,111,222,3,183,221,235,123
191,101,111,222,4,111,119,219,237
191,101,111,222,5,125,175,182,182
191,101,111,222,6,215,251,127,125
191,011,239,189,0,245,85,95,123
191,011,239,189,1,234,170,170,170
191,011,239,189,2,170,170,170,170
191,011,239,189,3,175,255,255,250
191,011,239,189,4,175,255,255,255
191,011,239,189,5,255,255,255,255
191,011,239,189,6,253,127,221,254
191,111,255,239,0,235,253,245,95
191,111,255,239,1,251,247,251,107
191,111,255,239,2,234,250,239,118
191,111,255,239,3,238,237,234,213
191,111,255,239,4,106,213,107,118
191,111,255,239,5,213,213,90,175
191,111,255,239,6,127,246,253,122
192,000,221,245,0,125,95,93,174
192,000,221,245,1,253,219,91,237
192,000,221,245,2,187,235,223,239
192,000,221,245,3,175,219,110,183
192,000,221,245,4,247,126,238,221
192,000,221,245,5,109,186,235,183
192,000,221,245,6,223,254,255,87
192,100,127,125,0,239,181,187,109
192,100,127,125,1,187,238,238,223
192,100,127,125,2,111,221,183,95
192,100,127,125,3,237,251,251,239
192,100,127,125,4,118,182,235,190
192,100,127,125,5,235,251,182,253
192,100,127,125,6,189,190,219,219
192,010,110,183,0,251,127,109,111
192,010,110,183,1,171,183,187,239
192,010,110,183,2,215,107,251,246
192,010,110,183,3,223,93,182,219
192,010,110,183,4,110,187,182,255
192,010,110,183,5,107,111,109,247
192,010,110,183,6,187,239,221,251
192,110,191,111,0,122,221,189,190
192,110,191,111,1,253,245,191,119
192,110,191,111,2,239,119,126,247
192,110,191,111,3,174,247,245,253
192,110,191,111,4,107,247,235,87
192,110,191,111,5,106,234,219,91
192,110,191,111,6,127,95,125,237
192,001,189,183,0,174,245,191,125
192,001,189,183,1,107,247,126,247
192,001,189,183,2,106,239,235,126
192,001,189,183,3,254,183,235,95
192,001,189,183,4,125,245,118,175
192,001,189,183,5,123,119,223,183
192,001,189,183,6,125,251,247,223
192,101,238,253,0,215,183,238,253
192,101,238,253,1,127,95,171,250
192,101,238,253,2,254,239,111,239
192,101,238,253,3,247,238,255,126
192,101,238,253,4,190,238,235,238
192,101,238,253,5,246,253,127,87
192,101,238,253,6,247,122,254,239
192,011,221,245,0,85,95,171,250
192,011,221,245,1,170,170,170,170
192,011,221,245,2,170,170,170,175
192,011,221,245,3,255,255,250,175
192,011,221,245,4,255,255,255,255
192,011,221,245,5,255,255,255,255
192,011,221,245,6,111,255,238,255
192,111,239,239,0,255,186,175,255
192,111,239,239,1,238,254,238,234
192,111,239,239,2,250,237,237,118
192,111,239,239,3,255,118,245,106
192,111,239,239,4,213,111,253,171
192,111,239,239,5,218,250,251,95
192,111,239,239,6,87,255,223,111
193,000,239,221,0,95,235,250,170
193,000,239,221,1,173,191,250,170
193,000,239,221,2,170,170,170,170
193,000,239,221,3,170,170,175,255
193,000,239,221,4,255,250,175,255
193,000,239,221,5,255,255,255,255
193,000,239,221,6,255,255,253,253
193,100,174,218,0,250,254,171,238
193,100,174,218,1,255,126,247,223
193,100,174,218,2,239,255,127,91
193,100,174,218,3,215,246,239,239
193,100,174,218,4,245,85,85,191
193,100,174,218,5,250,170,170,170
193,100,174,218,6,170,170,170,170
193,010,175,255,0,255,250,175,255
193,010,175,255,1,255,255,255,255
193,010,175,255,2,255,255,253,253
193,010,175,255,3,171,234,221,190
193,010,175,255,4,175,213,251,125
193,010,175,255,5,95,125,255,255
193,010,175,255,6,127,123,215,246
193,110,239,125,0,250,170,173,223
193,110,239,125,1,250,170,170,170
193,110,239,125,2,170,170,170,170
193,110,239,125,3,175,255,255,250
193,110,239,125,4,175,255,255,255
193,110,239,125,5,255,255,255,255
193,110,239,125,6,253,253,109,186
193,001,221,221,0,87,91,125,126
193,001,221,221,1,183,223,215,255
193,001,221,221,2,127,110,215,247
193,001,221,221,3,123,189,181,85
193,001,221,221,4,87,95,250,170
193,001,221,221,5,170,170,170,170
193,001,221,221,6,170,170,175,255
193,101,255,250,0,175,255,255,255
193,101,255,250,1,255,255,255,255
193,101,255,250,2,253,255,117,238
193,101,255,250,3,189,109,173,219
193,101,255,250,4,247,251,191,125
193,101,255,250,5,251,255,127,191
193,101,255,250,6,191,251,187,247
193,011,117,85,0,87,111,250,170
193,011,117,85,1,170,170,170,170
193,011,117,85,2,170,170,175,255
193,011,117,85,3,255,250,175,255
193,011,117,85,4,255,255,255,255
193,011,117,85,5,255,255,255,239
193,011,117,85,6,253,255,191,223
193,111,251,255,0,125,93,255,191
193,111,251,255,1,251,187,119,118
193,111,251,255,2,234,239,235,238
193,111,251,255,3,239,237,117,234
193,111,251,255,4,219,189,182,238
193,111,251,255,5,245,238,239,85
193,111,251,255,6,255,247,254,239
194,000,235,111,0,255,183,187,221
194,000,235,111,1,187,255,119,187
194,000,235,111,2,189,222,239,119
194,000,235,111,3,123,191,255,255
194,000,235,111,4,247,127,255,255
194,000,235,111,5,255,255,255,255
194,000,235,111,6,255,251,189,222
194,100,238,247,0,123,189,221,239
194,100,238,247,1,253,222,239,127
194,100,238,247,2,255,255,255,255
194,100,238,247,3,255,255,255,247
194,100,238,247,4,187,223,255,255
194,100,238,247,5,119,187,189,222
194,100,238,247,6,239,119,123,191
194,010,255,255,0,247,127,255,255
194,010,255,255,1,255,255,255,255
194,010,255,255,2,255,251,189,222
194,010,255,255,3,238,247,123,189
194,010,255,255,4,221,239,253,222
194,010,255,255,5,239,127,255,255
194,010,255,255,6,255,255,255,255
194,110,255,247,0,187,223,255,255
194,110,255,247,1,119,187,189,222
194,110,255,247,2,239,119,123,191
194,110,255,247,3,255,255,247,127
194,110,255,247,4,255,255,255,255
194,110,255,247,5,255,255,255,251
194,110,255,247,6,189,222,238,247
194,001,123,189,0,221,239,253,222
194,001,123,189,1,239,127,255,255
194,001,123,189,2,255,255,255,255
194,001,123,189,3,255,247,187,223
194,001,123,189,4,255,255,119,187
194,001,123,189,5,189,222,239,119
194,001,123,189,6,123,191,255,255
194,101,247,127,0,255,255,255,255
194,101,247,127,1,255,255,255,251
194,101,247,127,2,189,222,238,247
194,101,247,127,3,123,189,221,239
194,101,247,127,4,253,222,239,127
194,101,247,127,5,255,255,255,255
194,101,247,127,6,255,255,255,245
194,011,85,95,0,255,245,85,85
194,011,85,95,1,85,85,85,85
194,011,85,95,2,85,95,255,255
194,011,85,95,3,245,95,255,255
194,011,85,95,4,255,255,255,255
194,011,85,95,5,255,251,255,127
194,011,85,95,6,239,247,254,255
194,111,223,245,0,93,255,191,245
194,111,223,245,1,191,119,123,125
194,111,223,245,2,109,239,238,253
194,111,223,245,3,239,107,213,110
194,111,223,245,4,247,91,187,218
194,111,223,245,5,251,189,235,127
194,111,223,245,6,246,190,239,126
195,000,223,255,0,170,187,221,123
195,000,223,255,1,255,85,91,189
195,000,223,255,2,85,187,213,86
195,000,223,255,3,239,255,255,250
195,000,223,255,4,175,255,255,255
195,000,223,255,5,255,255,255,255
195,000,223,255,6,254,247,235,187
195,100,221,238,0,239,125,127,247
195,100,221,238,1,119,187,247,127
195,100,221,238,2,255,183,255,215
195,100,221,238,3,223,255,90,187
195,100,221,238,4,222,251,255,85
195,100,221,238,5,91,189,85,187
195,100,221,238,6,213,86,239,255
195,010,255,250,0,175,255,255,255
195,010,255,250,1,255,255,255,255
195,010,255,250,2,254,247,171,187
195,010,255,250,3,222,238,239,106
195,010,255,250,4,239,255,183,187
195,010,255,250,5,255,127,255,191
195,010,255,250,6,255,255,175,255
195,110,213,110,0,250,187,255,85
195,110,213,110,1,91,189,85,187
195,110,213,110,2,213,86,239,255
195,110,213,110,3,255,250,175,255
195,110,213,110,4,255,255,255,255
195,110,213,110,5,255,255,254,247
195,110,213,110,6,123,187,223,238
195,001,239,111,0,127,247,247,187
195,001,239,111,1,239,191,255,125
195,001,239,111,2,255,221,239,255
195,001,239,111,3,234,187,219,119
195,001,239,111,4,255,85,91,189
195,001,239,111,5,85,187,213,86
195,001,239,111,6,239,255,255,250
195,101,175,255,0,255,255,255,255
195,101,175,255,1,255,255,254,247
195,101,175,255,2,171,187,218,238
195,101,175,255,3,239,106,239,255
195,101,175,255,4,247,187,221,191
195,101,175,255,5,255,245,255,215
195,101,175,255,6,111,255,213,85
195,011,93,223,0,245,85,85,85
195,011,93,223,1,85,85,85,85
195,011,93,223,2,95,255,255,245
195,011,93,223,3,95,255,255,255
195,011,93,223,4,255,255,255,255
195,011,93,223,5,251,255,127,239
195,011,93,223,6,247,254,255,223
195,111,250,175,0,247,254,253,106
195,111,250,175,1,246,187,125,235
195,111,250,175,2,237,110,239,107
195,111,250,175,3,213,106,219,189
195,111,250,175,4,222,238,247,123
195,111,250,175,5,189,221,239,253
195,111,250,175,6,222,239,127,255
196,000,247,223,0,111,238,219,239
196,000,247,223,1,118,251,190,239
196,000,247,223,2,187,238,253,223
196,000,247,223,3,109,182,237,214
196,000,247,223,4,219,118,238,215
196,000,247,223,5,110,237,219,119
196,000,247,223,6,190,255,125,253
196,100,251,191,0,189,251,235,222
196,100,251,191,1,189,237,190,223
196,100,251,191,2,117,87,237,170
196,100,251,191,3,247,223,111,238
196,100,251,191,4,219,239,118,251
196,100,251,191,5,190,239,187,238
196,100,251,191,6,253,223,109,182
196,010,237,214,0,219,118,238,215
196,010,237,214,1,110,237,219,125
196,010,237,214,2,189,239,189,250
196,010,237,214,3,255,95,237,251
196,010,237,214,4,235,222,245,253
196,010,237,214,5,190,223,117,87
196,010,237,214,6,237,170,247,213
196,110,173,94,0,219,235,110,247
196,110,173,94,1,125,111,119,214
196,110,173,94,2,173,175,109,182
196,110,173,94,3,235,182,219,118
196,110,173,94,4,238,215,110,237
196,110,173,94,5,219,119,125,213
196,110,173,94,6,186,182,175,107
196,001,94,251,0,238,239,183,247
196,001,94,251,1,123,126,218,173
196,001,94,251,2,247,85,190,234
196,001,94,251,3,218,189,119,181
196,001,94,251,4,187,237,222,222
196,001,94,251,5,221,237,90,221
196,001,94,251,6,183,109,182,235
196,101,110,187,0,119,107,183,118
196,101,110,187,1,246,219,126,213
196,101,110,187,2,218,183,253,254
196,101,110,187,3,219,251,238,191
196,101,110,187,4,173,247,123,126
196,101,110,187,5,218,173,247,85
196,101,110,187,6,190,234,170,174
196,011,219,234,0,170,170,170,170
196,011,219,234,1,170,170,170,175
196,011,219,234,2,255,255,250,175
196,011,219,234,3,255,255,255,255
196,011,219,234,4,255,255,255,255
196,011,219,234,5,255,254,255,253
196,011,219,234,6,95,255,255,186
196,111,175,175,0,255,123,109,119
196,111,175,175,1,238,239,110,246
196,111,175,175,2,237,119,238,234
196,111,175,175,3,213,111,254,251
196,111,175,175,4,247,253,118,190
196,111,175,175,5,239,253,254,254
196,111,175,175,6,247,239,239,191
197,000,245,85,0,95,191,106,170
197,000,245,85,1,170,170,170,170
197,000,245,85,2,170,170,175,255
197,000,245,85,3,255,250,175,255
197,000,245,85,4,255,255,255,255
197,000,245,85,5,255,255,253,254
197,000,245,85,6,251,247,253,117
197,100,251,190,0,255,251,239,247
197,100,251,190,1,251,255,255,239
197,100,251,190,2,255,213,111,223
197,100,251,190,3,245,85,95,191
197,100,251,190,4,106,170,170,170
197,100,251,190,5,170,170,170,170
197,100,251,190,6,175,255,255,250
197,010,175,255,0,255,255,255,255
197,010,175,255,1,255,255,253,254
197,010,175,255,2,251,247,253,117
197,010,175,255,3,251,190,255,251
197,010,175,255,4,239,247,251,255
197,010,175,255,5,255,239,255,213
197,010,175,255,6,111,223,245,85
197,110,95,191,0,106,170,170,170
197,110,95,191,1,170,170,170,170
197,110,95,191,2,175,255,255,250
197,110,95,191,3,175,255,255,255
197,110,95,191,4,255,255,255,255
197,110,95,191,5,253,254,251,247
197,110,95,191,6,253,119,187,190
197,001,255,251,0,239,223,239,255
197,001,255,251,1,127,255,247,234
197,001,255,251,2,191,107,245,85
197,001,255,251,3,95,191,181,85
197,001,255,251,4,85,85,85,85
197,001,255,251,5,85,85,95,255
197,001,255,251,6,255,245,95,255
197,101,255,255,0,255,255,255,255
197,101,255,255,1,247,223,215,107
197,101,255,255,2,125,119,187,190
197,101,255,255,3,253,238,254,219
197,101,255,255,4,251,255,253,86
197,101,255,255,5,255,213,111,181
197,101,255,255,6,250,170,175,255
197,011,245,85,0,85,85,85,85
197,011,245,85,1,85,85,95,255
197,011,245,85,2,255,245,95,255
197,011,245,85,3,255,255,255,255
197,011,245,85,4,255,255,251,255
197,011,245,85,5,127,239,247,254
197,011,245,85,6,255,223,250,175
197,111,247,254,0,250,239,235,238
197,111,247,254,1,238,245,109,219
197,111,247,254,2,222,234,213,106
197,111,247,254,3,215,223,191,223
197,111,247,254,4,127,191,127,190
197,111,247,254,5,255,251,239,223
197,111,247,254,6,239,255,127,255
198,000,170,175,0,255,245,85,85
198,000,170,175,1,85,85,85,85
198,000,170,175,2,85,95,255,255
198,000,170,175,3,245,95,255,255
198,000,170,175,4,255,255,255,255
198,000,170,175,5,255,247,223,191
198,000,170,175,6,223,127,191,127
198,100,190,255,0,251,239,223,239
198,100,190,255,1,255,127,255,247
198,100,190,255,2,255,255,223,250
198,100,190,255,3,170,175,255,245
198,100,190,255,4,85,85,85,85
198,100,190,255,5,85,85,85,95
198,100,190,255,6,255,255,245,95
198,010,255,255,0,255,255,255,255
198,010,255,255,1,255,247,223,191
198,010,255,255,2,223,127,191,127
198,010,255,255,3,190,255,251,239
198,010,255,255,4,223,239,255,127
198,010,255,255,5,255,247,255,255
198,010,255,255,6,223,250,170,175
198,110,255,245,0,85,85,85,85
198,110,255,245,1,85,85,85,95
198,110,255,245,2,255,255,245,95
198,110,255,245,3,255,255,255,255
198,110,255,245,4,255,255,255,247
198,110,255,245,5,254,235,214,235
198,110,255,245,6,118,183,190,247
198,001,110,255,0,127,223,247,94
198,001,110,255,1,171,245,255,111
198,001,110,255,2,118,250,170,175
198,001,110,255,3,123,218,170,170
198,001,110,255,4,170,170,170,170
198,001,110,255,5,170,175,255,255
198,001,110,255,6,250,175,255,255
198,101,255,255,0,255,255,255,253
198,101,255,255,1,254,235,214,238
198,101,255,255,2,189,110,239,238
198,101,255,255,3,187,239,127,239
198,101,255,255,4,254,189,86,251
198,101,255,255,5,213,111,235,245
198,101,255,255,6,85,95,191,218
198,011,170,170,0,170,170,170,170
198,011,170,170,1,170,175,255,255
198,011,170,170,2,250,175,255,255
198,011,170,170,3,255,255,255,255
198,011,170,170,4,255,255,111,239
198,011,170,170,5,247,123,223,219
198,011,170,170,6,251,250,175,191
198,111,221,246,0,234,213,191,119
198,111,221,246,1,123,125,234,213
198,111,221,246,2,106,213,106,215
198,111,221,246,3,223,191,223,127
198,111,221,246,4,191,127,190,255
198,111,221,246,5,251,239,223,239
198,111,221,246,6,255,127,255,247
199,000,175,255,0,245,85,85,85
199,000,175,255,1,85,85,85,85
199,000,175,255,2,95,255,255,245
199,000,175,255,3,95,255,255,255
199,000,175,255,4,255,255,255,255
199,000,175,255,5,254,255,215,107
199,000,175,255,6,123,255,191,239
199,100,247,174,0,255,239,251,254
199,100,247,174,1,238,171,251,254
199,100,247,174,2,255,187,250,170
199,100,247,174,3,175,254,245,85
199,100,247,174,4,85,85,85,85
199,100,247,174,5,85,85,95,255
199,100,247,174,6,255,245,95,255
199,010,255,255,0,255,255,255,255
199,010,255,255,1,247,223,215,122
199,010,255,255,2,239,191,127,190
199,010,255,255,3,250,222,255,125
199,010,255,255,4,251,255,253,86
199,010,255,255,5,215,255,255,223
199,010,255,255,6,250,170,175,255
199,110,245,85,0,85,85,85,85
199,110,245,85,1,85,85,95,255
199,110,245,85,2,255,245,95,255
199,110,245,85,3,255,255,255,255
199,110,245,85,4,255,255,247,223
199,110,245,85,5,215,122,239,191
199,110,245,85,6,127,190,250,222
199,001,255,125,0,251,255,253,86
199,001,255,125,1,215,255,255,223
199,001,255,125,2,250,170,175,255
199,001,255,125,3,245,85,85,85
199,001,255,125,4,85,85,85,85
199,001,255,125,5,95,255,255,245
199,001,255,125,6,95,255,255,255
199,101,255,255,0,255,255,247,223
199,101,255,255,1,215,122,239,191
199,101,255,255,2,127,190,250,222
199,101,255,255,3,255,125,251,255
199,101,255,255,4,253,86,215,255
199,101,255,255,5,255,223,250,170
199,101,255,255,6,175,255,245,85
199,011,85,85,0,85,85,85,85
199,011,85,85,1,95,255,255,245
199,011,85,85,2,95,255,255,255
199,011,85,85,3,255,255,255,255
199,011,85,85,4,255,247,253,255
199,011,85,85,5,191,239,255,255
199,011,85,85,6,189,95,251,255
199,111,246,234,0,213,191,119,123
199,111,246,234,1,125,234,218,181
199,111,246,234,2,106,213,109,254
199,111,246,234,3,251,247,251,253
199,111,246,234,4,247,239,253,254
199,111,246,234,5,255,125,251,255
199,111,246,234,6,255,239,255,254
200,000,191,250,0,170,170,170,170
200,000,191,250,1,170,170,170,175
200,000,191,250,2,255,255,250,175
200,000,191,250,3,255,255,255,255
200,000,191,250,4,255,255,255,255
200,000,191,250,5,254,235,214,239
200,000,191,250,6,191,127,190,251
200,100,110,255,0,125,251,251,238
200,100,110,255,1,171,247,255,255
200,100,110,255,2,223,250,170,175
200,100,110,255,3,255,245,85,85
200,100,110,255,4,85,85,85,85
200,100,110,255,5,85,95,255,255
200,100,110,255,6,245,95,255,255
200,010,255,255,0,255,255,255,247
200,010,255,255,1,191,215,109,187
200,010,255,255,2,253,247,239,247
200,010,255,255,3,238,255,125,251
200,010,255,255,4,251,126,171,247
200,010,255,255,5,255,255,223,250
200,010,255,255,6,170,175,255,245
200,110,85,85,0,85,85,85,85
200,110,85,85,1,85,95,255,255
200,110,85,85,2,245,95,255,255
200,110,85,85,3,255,255,255,255
200,110,85,85,4,255,247,191,215
200,110,85,85,5,109,187,253,247
200,110,85,85,6,239,247,238,255
200,001,125,251,0,251,126,171,247
200,001,125,251,1,255,255,223,250
200,001,125,251,2,170,175,255,245
200,001,125,251,3,85,85,85,85
200,001,125,251,4,85,85,85,95
200,001,125,251,5,255,255,245,95
200,001,125,251,6,255,255,255,255
200,101,255,255,0,255,247,191,215
200,101,255,255,1,109,187,253,247
200,101,255,255,2,239,247,238,255
200,101,255,255,3,125,251,251,126
200,101,255,255,4,171,247,255,255
200,101,255,255,5,223,250,170,175
200,101,255,255,6,255,245,85,85
200,011,85,85,0,85,85,85,95
200,011,85,85,1,255,255,245,95
200,011,85,85,2,255,255,255,255
200,011,85,85,3,255,255,255,251
200,011,85,85,4,255,127,239,247
200,011,85,85,5,254,255,223,250
200,011,85,85,6,175,247,254,251
200,111,213,106,0,239,235,238,238
200,111,213,106,1,245,109,106,213
200,111,213,106,2,106,215,223,191
200,111,213,106,3,223,127,191,127
200,111,213,106,4,190,255,251,239
200,111,213,106,5,223,239,255,127
200,111,213,106,6,255,247,255,255
201,000,245,85,0,85,85,85,85
201,000,245,85,1,85,85,95,255
201,000,245,85,2,255,245,95,255
201,000,245,85,3,255,255,255,255
201,000,245,85,4,255,255,245,95
201,000,245,85,5,215,107,125,118
201,000,245,85,6,175,239,255,173
201,100,187,223,0,239,247,237,86
201,100,187,223,1,253,234,190,247
201,100,187,223,2,245,85,87,111
201,100,187,223,3,117,85,85,85
201,100,187,223,4,85,85,85,85
201,100,187,223,5,95,255,255,245
201,100,187,223,6,95,255,255,255
201,010,255,255,0,255,255,245,223
201,010,255,255,1,215,122,238,189
201,010,255,255,2,247,239,234,221
201,010,255,255,3,187,223,239,255
201,010,255,255,4,126,171,175,213
201,010,255,255,5,111,255,245,85
201,010,255,255,6,87,111,250,170
201,110,170,170,0,170,170,170,170
201,110,170,170,1,175,255,255,250
201,110,170,170,2,175,255,255,255
201,110,170,170,3,255,255,255,255
201,110,170,170,4,250,254,235,221
201,110,170,170,5,125,119,127,190
201,110,170,170,6,245,119,111,125
201,001,251,255,0,253,86,215,234
201,001,251,255,1,191,223,250,170
201,001,251,255,2,171,191,245,85
201,001,251,255,3,85,85,85,85
201,001,251,255,4,85,85,95,255
201,001,251,255,5,255,245,95,255
201,001,251,255,6,255,255,255,255
201,101,255,255,0,245,223,215,122
201,101,255,255,1,238,189,247,239
201,101,255,255,2,234,221,187,223
201,101,255,255,3,239,255,126,171
201,101,255,255,4,175,213,111,255
201,101,255,255,5,245,85,87,111
201,101,255,255,6,250,170,170,170
201,011,170,170,0,170,170,175,255
201,011,170,170,1,255,250,175,255
201,011,170,170,2,255,255,255,255
201,011,170,170,3,255,255,255,255
201,011,170,170,4,127,251,223,255
201,011,170,170,5,253,255,250,175
201,011,170,170,6,255,255,123,213
201,111,106,239,0,235,238,238,245
201,111,106,239,1,110,181,106,213
201,111,106,239,2,111,254,251,239
201,111,106,239,3,251,253,247,239
201,111,106,239,4,247,123,239,223
201,111,106,239,5,239,239,191,239
201,111,106,239,6,255,254,255,255
202,000,85,85,0,85,85,85,85
202,000,85,85,1,85,95,255,255
202,000,85,85,2,245,95,255,255
202,000,85,85,3,255,255,255,255
202,000,85,85,4,255,247,223,215
202,000,85,85,5,123,239,191,127
202,000,85,85,6,190,255,222,255
202,100,125,251,0,255,253,86,247
202,100,125,251,1,255,255,223,250
202,100,125,251,2,170,175,255,245
202,100,125,251,3,85,85,85,85
202,100,125,251,4,85,85,85,95
202,100,125,251,5,255,255,245,95
202,100,125,251,6,255,255,255,255
202,010,255,255,0,255,247,223,215
202,010,255,255,1,123,239,191,127
202,010,255,255,2,190,255,222,255
202,010,255,255,3,125,251,255,253
202,010,255,255,4,86,247,255,255
202,010,255,255,5,223,250,170,175
202,010,255,255,6,255,245,85,85
202,110,85,85,0,85,85,85,95
202,110,85,85,1,255,255,245,95
202,110,85,85,2,255,255,255,255
202,110,85,85,3,255,255,255,247
202,110,85,85,4,223,215,123,239
202,110,85,85,5,191,127,190,255
202,110,85,85,6,222,255,125,251
202,001,255,253,0,86,247,255,255
202,001,255,253,1,223,250,170,175
202,001,255,253,2,255,245,85,85
202,001,255,253,3,85,85,85,85
202,001,255,253,4,85,95,255,255
202,001,255,253,5,245,95,255,255
202,001,255,253,6,255,255,255,255
202,101,255,247,0,223,215,123,239
202,101,255,247,1,191,127,190,255
202,101,255,247,2,222,255,125,251
202,101,255,247,3,255,253,86,247
202,101,255,247,4,255,255,223,250
202,101,255,247,5,170,175,255,245
202,101,255,247,6,85,85,85,85
202,011,85,85,0,85,95,255,255
202,011,85,85,1,245,95,255,255
202,011,85,85,2,255,255,255,255
202,011,85,85,3,255,250,255,95
202,011,85,85,4,235,251,223,123
202,011,85,85,5,239,125,93,127
202,011,85,85,6,175,247,213,106
202,111,239,235,0,238,238,245,106
202,111,239,235,1,213,106,213,110
202,111,239,235,2,255,181,223,251
202,111,239,235,3,251,191,239,235
202,111,239,235,4,123,239,247,251
202,111,239,235,5,247,125,239,215
202,111,239,235,6,254,253,223,245
203,000,85,85,0,85,85,85,85
203,000,85,85,1,95,255,255,245
203,000,85,85,2,95,255,255,255
203,000,85,85,3,255,255,255,255
203,000,85,85,4,247,189,109,181
203,000,85,85,5,190,189,239,125
203,000,85,85,6,237,251,239,123
203,100,223,253,0,221,251,246,255
203,100,223,253,1,255,119,245,85
203,100,223,253,2,95,191,181,85
203,100,223,253,3,85,85,85,85
203,100,223,253,4,85,85,95,255
203,100,223,253,5,255,245,95,255
203,100,223,253,6,255,255,255,255
203,010,255,255,0,246,223,117,218
203,010,255,255,1,182,189,183,218
203,010,255,255,2,251,123,239,125
203,010,255,255,3,247,238,247,191
203,010,255,255,4,247,214,253,223
203,010,255,255,5,90,170,175,255
203,010,255,255,6,122,170,170,170
203,110,170,170,0,170,170,175,255
203,110,170,170,1,255,250,175,255
203,110,170,170,2,255,255,255,255
203,110,170,170,3,255,255,254,247
203,110,170,170,4,223,119,126,255
203,110,170,170,5,95,191,189,238
203,110,170,170,6,255,191,235,246
203,001,223,126,0,251,253,126,221
203,001,223,126,1,245,85,95,191
203,001,223,126,2,234,170,170,170
203,001,223,126,3,170,170,170,170
203,001,223,126,4,175,255,255,250
203,001,223,126,5,175,255,255,255
203,001,223,126,6,255,255,255,255
203,101,253,119,0,215,122,239,189
203,101,253,119,1,183,111,186,222
203,101,253,119,2,255,191,214,245
203,101,253,119,3,237,86,215,213
203,101,253,119,4,189,123,85,85
203,101,253,119,5,95,191,234,170
203,101,253,119,6,170,170,170,170
203,011,170,170,0,175,255,255,250
203,011,170,170,1,175,255,255,255
203,011,170,170,2,255,255,255,255
203,011,170,170,3,255,239,253,255
203,011,170,170,4,191,223,191,223
203,011,170,170,5,250,175,247,254
203,011,170,170,6,255,110,247,118
203,111,251,117,0,191,119,123,117
203,111,251,117,1,106,213,111,127
203,111,251,117,2,215,93,117,189
203,111,251,117,3,215,190,253,239
203,111,251,117,4,127,223,223,235
203,111,251,117,5,126,171,247,255
203,111,251,117,6,106,173,255,235
204,000,253,255,0,127,223,251,111
204,000,253,255,1,213,250,175,127
204,000,253,255,2,237,245,125,175
204,000,253,255,3,171,223,126,175
204,000,253,255,4,253,255,182,239
204,000,253,255,5,251,110,247,250
204,000,253,255,6,175,127,223,245
204,100,126,175,0,213,251,253,95
204,100,126,175,1,237,255,182,239
204,100,126,175,2,171,222,247,254
204,100,126,175,3,255,223,223,253
204,100,126,175,4,254,183,234,253
204,100,126,175,5,87,255,118,250
204,100,126,175,6,191,95,87,187
204,010,253,94,0,255,223,235,125
204,010,253,94,1,254,183,127,237
204,010,253,94,2,87,255,127,218
204,010,253,94,3,191,87,234,255
204,010,253,94,4,126,175,250,255
204,010,253,94,5,235,127,87,183
204,010,253,94,6,127,239,253,255
204,110,127,223,0,251,111,213,250
204,110,127,223,1,175,127,237,245
204,110,127,223,2,125,175,171,223
204,110,127,223,3,126,175,253,255
204,110,127,223,4,182,239,251,110
204,110,127,223,5,247,250,175,127
204,110,127,223,6,223,245,126,175
204,001,213,251,0,253,95,237,255
204,001,213,251,1,182,239,171,222
204,001,213,251,2,247,254,255,223
204,001,213,251,3,223,245,187,111
204,001,213,251,4,213,250,173,247
204,001,213,251,5,237,245,125,173
204,001,213,251,6,187,223,125,222
204,101,255,223,0,235,117,187,110
204,101,255,223,1,247,250,175,127
204,101,255,223,2,223,245,126,175
204,101,255,223,3,213,251,253,87
204,101,255,223,4,250,250,170,175
204,101,255,223,5,171,218,170,170
204,101,255,223,6,170,170,170,170
204,011,170,175,0,255,255,250,175
204,011,170,175,1,255,255,255,255
204,011,170,175,2,255,255,255,255
204,011,170,175,3,239,253,255,191
204,011,170,175,4,254,255,223,245
204,011,170,175,5,95,251,254,251
204,011,170,175,6,182,250,238,239
204,111,123,118,0,245,106,213,106
204,111,123,118,1,213,107,190,251
204,111,123,118,2,187,239,239,119
204,111,123,118,3,181,246,239,191
204,111,123,118,4,191,247,123,223
204,111,123,118,5,223,126,245,191
204,111,123,118,6,119,175,119,117
205,000,222,239,0,119,123,191,255
205,000,222,239,1,255,247,127,255
205,000,222,239,2,255,255,255,255
205,000,222,239,3,255,255,251,189
205,000,222,239,4,222,238,247,123
205,000,222,239,5,189,221,239,253
205,000,222,239,6,222,239,127,255
205,100,255,255,0,255,255,255,255
205,100,255,255,1,247,187,223,255
205,100,255,255,2,255,119,187,189
205,100,255,255,3,222,239,119,123
205,100,255,255,4,191,255,255,247
205,100,255,255,5,127,255,255,255
205,100,255,255,6,255,255,255,255
205,010,251,189,0,222,238,247,123
205,010,251,189,1,189,221,239,253
205,010,251,189,2,222,239,127,255
205,010,251,189,3,255,255,255,255
205,010,251,189,4,255,255,247,187
205,010,251,189,5,223,255,255,119
205,010,251,189,6,187,189,222,239
205,110,119,123,0,191,255,255,247
205,110,119,123,1,127,255,255,255
205,110,119,123,2,255,255,255,255
205,110,119,123,3,251,189,222,238
205,110,119,123,4,247,123,189,221
205,110,119,123,5,239,253,222,239
205,110,119,123,6,127,255,255,255
205,001,255,255,0,255,255,247,187
205,001,255,255,1,223,255,255,119
205,001,255,255,2,187,189,222,239
205,001,255,255,3,119,123,191,255
205,001,255,255,4,255,247,127,255
205,001,255,255,5,255,255,255,255
205,001,255,255,6,255,255,251,189
205,101,222,238,0,247,123,189,221
205,101,222,238,1,239,253,222,239
205,101,222,238,2,127,255,255,255
205,101,222,238,3,255,255,255,255
205,101,222,238,4,245,85,95,255
205,101,222,238,5,245,85,85,85
205,101,222,238,6,85,85,85,85
205,011,95,255,0,255,245,95,255
205,011,95,255,1,255,255,255,255
205,011,95,255,2,255,255,251,255
205,011,95,255,3,127,239,247,254
205,011,95,255,4,255,223,245,93
205,011,95,255,5,255,191,246,237
205,011,95,255,6,237,125,125,238
205,111,237,234,0,214,234,213,106
205,111,237,234,1,219,254,173,250
205,111,237,234,2,222,223,173,251
205,111,237,234,3,255,123,239,223
205,111,237,234,4,247,235,126,221
205,111,237,234,5,223,239,189,247
205,111,237,234,6,94,223,191,191
206,000,125,247,0,191,123,247,247
206,000,125,247,1,171,239,175,239
206,000,125,247,2,223,189,87,235
206,000,125,247,3,255,186,237,182
206,000,125,247,4,235,187,253,247
206,000,125,247,5,215,110,219,239
206,000,125,247,6,223,239,95,183
206,100,189,123,0,250,247,175,237
206,100,189,123,1,221,190,189,239
206,100,189,123,2,187,119,110,239
206,100,189,123,3,175,235,190,187
206,100,189,123,4,221,123,173,119
206,100,189,123,5,254,247,94,239
206,100,189,123,6,253,255,191,247
206,010,109,213,0,221,190,253,119
206,010,109,213,1,223,219,175,191
206,010,109,213,2,93,251,190,235
206,010,109,213,3,110,255,189,223
206,010,109,213,4,254,214,237,183
206,010,109,213,5,251,255,181,187
206,010,109,213,6,110,223,183,221
206,110,191,183,0,191,126,215,111
206,110,191,183,1,247,237,255,110
206,110,191,183,2,251,253,247,182
206,110,191,183,3,183,109,218,221
206,110,191,183,4,191,183,219,125
206,110,191,183,5,175,111,237,253
206,110,191,183,6,191,107,246,253
206,001,253,247,0,247,255,123,255
206,001,253,247,1,125,251,247,94
206,001,253,247,2,255,183,238,239
206,001,253,247,3,123,238,171,213
206,001,253,247,4,117,223,187,215
206,001,253,247,5,117,93,111,215
206,001,253,247,6,173,238,255,191
206,101,123,253,0,223,187,247,245
206,101,123,253,1,119,222,251,218
206,101,123,253,2,245,94,171,215
206,101,123,253,3,189,223,94,213
206,101,123,253,4,85,94,189,234
206,101,123,253,5,170,170,170,170
206,101,123,253,6,170,170,170,175
206,011,255,255,0,250,175,255,255
206,011,255,255,1,255,255,255,255
206,011,255,255,2,255,255,239,253
206,011,255,255,3,255,191,223,251
206,011,255,255,4,255,122,175,247
206,011,255,255,5,254,251,182,250
206,011,255,255,6,238,239,123,118
206,111,245,110,0,234,213,106,219
206,111,245,110,1,254,235,239,253
206,111,245,110,2,119,223,245,221
206,111,245,110,3,255,93,223,234
206,111,245,110,4,235,126,171,175
206,111,245,110,5,213,109,191,86
206,111,245,110,6,238,218,175,247
207,000,254,223,0,215,246,247,173
207,000,254,223,1,239,174,181,182
207,000,254,223,2,182,255,109,253
207,000,254,223,3,119,223,246,254
207,000,254,223,4,223,111,237,190
207,000,254,223,5,247,171,239,125
207,000,254,223,6,251,107,111,189
207,100,123,127,0,111,122,186,247
207,100,123,127,1,91,91,107,125
207,100,123,127,2,239,191,111,245
207,100,123,127,3,251,175,119,250
207,100,123,127,4,247,175,175,86
207,100,123,127,5,253,125,214,222
207,100,123,127,6,234,253,95,191
207,010,109,237,0,182,222,219,125
207,010,109,237,1,239,87,222,251
207,010,109,237,2,253,125,215,250
207,010,109,237,3,250,251,215,245
207,010,109,237,4,234,253,95,215
207,010,109,237,5,219,223,126,254
207,010,109,237,6,247,254,254,175
207,110,215,237,0,125,175,127,94
207,110,215,237,1,245,125,86,215
207,110,215,237,2,183,125,238,254
207,110,215,237,3,245,222,190,175
207,110,215,237,4,213,247,247,93
207,110,215,237,5,247,239,234,190
207,110,215,237,6,175,186,245,126
207,001,215,218,0,255,119,239,87
207,001,215,218,1,222,239,125,239
207,001,215,218,2,183,222,251,247
207,001,215,218,3,123,250,254,174
207,001,215,218,4,247,214,251,254
207,001,215,218,5,255,125,247,251
207,001,215,218,6,109,239,191,119
207,101,237,251,0,191,221,254,174
207,101,237,251,1,247,222,247,223
207,101,237,251,2,127,245,127,191
207,101,237,251,3,175,234,250,170
207,101,237,251,4,175,191,234,170
207,101,237,251,5,170,170,170,170
207,101,237,251,6,170,170,175,255
207,011,255,250,0,175,255,255,255
207,011,255,250,1,255,255,255,255
207,011,255,250,2,255,239,237,253
207,011,255,250,3,190,223,219,255
207,011,255,250,4,122,175,247,254
207,011,255,250,5,251,182,250,238
207,011,255,250,6,239,123,118,251
207,111,214,245,0,238,245,110,253
207,111,214,245,1,87,187,250,237
207,111,214,245,2,93,219,247,247
207,111,214,245,3,126,215,111,237
207,111,214,245,4,253,219,238,239
207,111,214,245,5,123,183,223,93
207,111,214,245,6,189,191,126,187
208,000,223,119,0,253,127,123,191
208,000,223,119,1,125,239,218,221
208,000,223,119,2,111,251,191,223
208,000,223,119,3,127,186,221,251
208,000,223,119,4,175,219,95,127
208,000,223,119,5,190,247,246,255
208,000,223,119,6,125,251,251,111
208,100,123,239,0,123,173,214,254
208,100,123,239,1,253,251,173,237
208,100,123,239,2,189,190,219,117
208,100,123,239,3,219,111,246,247
208,100,123,239,4,237,111,118,253
208,100,123,239,5,254,223,111,235
208,100,123,239,6,190,186,223,93
208,010,235,123,0,110,187,214,254
208,010,235,123,1,221,111,174,222
208,010,235,123,2,235,215,247,109
208,010,235,123,3,191,111,123,174
208,010,235,123,4,247,122,247,221
208,010,235,123,5,238,247,127,191
208,010,235,123,6,222,251,223,127
208,110,190,247,0,245,239,125,239
208,110,190,247,1,237,214,239,251
208,110,190,247,2,191,191,127,189
208,110,190,247,3,183,126,239,221
208,110,190,247,4,187,247,223,191
208,110,190,247,5,222,254,235,111
208,110,190,247,6,191,125,191,183
208,001,251,214,0,235,245,183,221
208,001,251,214,1,215,245,191,95
208,001,251,214,2,173,219,110,191
208,001,251,214,3,190,247,93,119
208,001,251,214,4,238,253,110,171
208,001,251,214,5,175,235,253,125
208,001,251,214,6,191,91,214,251
208,101,110,183,0,173,247,221,126
208,101,110,183,1,219,125,253,215
208,101,110,183,2,247,123,191,119
208,101,110,183,3,238,234,170,175
208,101,110,183,4,215,218,170,170
208,101,110,183,5,170,170,170,170
208,101,110,183,6,170,175,255,255
208,011,250,175,0,255,255,255,255
208,011,250,175,1,255,255,255,255
208,011,250,175,2,223,187,247,123
208,011,250,175,3,191,119,238,245
208,011,250,175,4,95,119,238,253
208,011,250,175,5,183,238,187,119
208,011,250,175,6,118,245,238,247
208,111,214,234,0,213,109,254,251
208,111,214,234,1,247,251,253,247
208,111,214,234,2,239,253,254,255
208,111,214,234,3,125,251,255,255
208,111,214,234,4,239,255,254,255
208,111,214,234,5,255,253,181,223
208,111,214,234,6,255,251,235,253
209,000,223,189,0,127,87,175,94
209,000,223,189,1,246,253,186,187
209,000,223,189,2,171,253,119,95
209,000,223,189,3,122,239,94,219
209,000,223,189,4,219,109,239,86
209,000,223,189,5,222,219,221,222
209,000,223,189,6,223,189,125,251
209,100,215,245,0,234,235,95,111
209,100,215,245,1,213,255,127,239
209,100,215,245,2,95,94,245,174
209,100,215,245,3,187,237,125,175
209,100,215,245,4,191,118,255,223
209,100,215,245,5,251,110,181,254
209,100,215,245,6,223,239,90,235
209,010,91,91,0,107,251,247,95
209,010,91,91,1,191,247,223,223
209,010,91,91,2,251,237,127,190
209,010,91,91,3,215,218,255,247
209,010,91,91,4,239,253,255,123
209,010,91,91,5,125,191,183,246
209,010,91,91,6,254,255,123,245
209,110,126,171,0,183,221,237,222
209,110,126,171,1,234,174,182,255
209,110,126,171,2,95,111,239,247
209,110,126,171,3,238,255,126,237
209,110,126,171,4,238,174,222,246
209,110,126,171,5,253,222,239,186
209,110,126,171,6,251,191,87,234
209,001,247,107,0,126,221,238,237
209,001,247,107,1,125,175,95,117
209,001,247,107,2,219,118,187,234
209,001,247,107,3,246,174,215,221
209,001,247,107,4,237,125,175,247
209,001,247,107,5,219,255,119,93
209,001,247,107,6,183,107,117,187
209,101,110,237,0,125,91,175,117
209,101,110,237,1,221,125,175,181
209,101,110,237,2,125,190,175,106
209,101,110,237,3,245,85,94,215
209,101,110,237,4,213,85,85,85
209,101,110,237,5,85,85,85,85
209,101,110,237,6,95,255,255,245
209,011,95,255,0,255,255,255,255
209,011,95,255,1,255,255,251,255
209,011,95,255,2,127,239,247,254
209,011,95,255,3,255,223,245,93
209,011,95,255,4,255,191,245,186
209,011,95,255,5,237,239,118,237
209,011,95,255,6,237,125,125,238
209,111,237,234,0,215,223,191,223
209,111,237,234,1,127,191,127,190
209,111,237,234,2,255,251,239,223
209,111,237,234,3,239,255,127,255
209,111,237,234,4,247,255,255,223
209,111,237,234,5,254,238,255,191
209,111,237,234,6,255,119,187,189
210,000,255,255,0,247,127,255,255
210,000,255,255,1,255,255,255,255
210,000,255,255,2,255,251,189,222
210,000,255,255,3,238,247,123,189
210,000,255,255,4,221,239,253,222
210,000,255,255,5,239,127,255,255
210,000,255,255,6,255,255,255,255
210,100,255,247,0,187,223,255,255
210,100,255,247,1,119,187,189,222
210,100,255,247,2,239,119,123,191
210,100,255,247,3,255,255,247,127
210,100,255,247,4,255,255,255,255
210,100,255,247,5,255,255,255,251
210,100,255,247,6,189,222,238,247
210,010,123,189,0,221,239,253,222
210,010,123,189,1,239,127,255,255
210,010,123,189,2,255,255,255,255
210,010,123,189,3,255,247,107,127
210,010,123,189,4,255,245,127,255
210,010,123,189,5,253,181,85,85
210,010,123,189,6,85,95,213,125
210,110,106,175,0,254,250,191,253
210,110,106,175,1,191,213,255,254
210,110,106,175,2,254,247,107,117
210,110,106,175,3,85,215,255,237
210,110,106,175,4,85,85,85,87
210,110,106,175,5,254,175,215,127
210,110,106,175,6,255,247,222,170
210,001,170,174,0,247,245,85,85
210,001,170,174,1,85,85,85,85
210,001,170,174,2,85,91,171,234
210,001,170,174,3,186,175,247,255
210,001,170,174,4,255,255,253,255
210,001,170,174,5,247,245,85,85
210,001,170,174,6,85,85,85,85
210,101,85,95,0,122,170,219,175
210,101,85,95,1,255,251,251,247
210,101,85,95,2,191,223,247,250
210,101,85,95,3,170,175,255,234
210,101,85,95,4,170,170,170,170
210,101,85,95,5,170,170,170,175
210,101,85,95,6,255,255,250,175
210,011,255,255,0,255,255,255,255
210,011,255,255,1,255,255,255,254
210,011,255,255,2,255,255,239,255
210,011,255,255,3,255,186,175,255
210,011,255,255,4,255,125,214,183
210,011,255,255,5,235,117,182,251
210,011,255,255,6,235,237,238,237
210,111,106,215,0,223,191,223,127
210,111,106,215,1,191,127,190,255
210,111,106,215,2,251,239,223,239
210,111,106,215,3,255,127,255,247
210,111,106,215,4,255,255,223,254
210,111,106,215,5,238,255,191,255
210,111,106,215,6,119,187,189,222
211,000,255,247,0,127,255,255,255
211,000,255,247,1,255,255,255,255
211,000,255,247,2,251,189,222,238
211,000,255,247,3,247,123,189,221
211,000,255,247,4,239,253,222,239
211,000,255,247,5,127,255,255,255
211,000,255,247,6,255,255,255,255
211,100,247,187,0,223,255,255,119
211,100,247,187,1,187,189,222,239
211,100,247,187,2,119,123,191,255
211,100,247,187,3,255,247,127,255
211,100,247,187,4,255,255,255,255
211,100,247,187,5,255,255,251,189
211,100,247,187,6,222,238,247,123
211,010,189,221,0,239,253,222,239
211,010,189,221,1,127,255,255,255
211,010,189,221,2,255,255,255,255
211,010,189,221,3,245,239,255,255
211,010,189,221,4,245,119,255,254
211,010,189,221,5,175,255,255,245
211,010,189,221,6,95,247,123,239
211,110,253,187,0,109,237,247,222
211,110,253,187,1,223,253,245,85
211,110,253,187,2,255,85,85,94
211,110,253,187,3,255,255,237,222
211,110,253,187,4,254,239,239,237
211,110,253,187,5,191,255,111,127
211,110,253,187,6,239,111,111,213
211,001,86,222,0,223,255,234,171
211,001,86,222,1,255,223,251,255
211,001,86,222,2,254,251,237,251
211,001,86,222,3,255,247,190,251
211,001,86,222,4,125,223,187,247
211,001,86,222,5,127,254,255,255
211,001,86,222,6,255,255,255,191
211,101,255,127,0,255,255,255,191
211,101,255,127,1,255,119,253,239
211,101,255,127,2,191,255,213,85
211,101,255,127,3,86,254,218,170
211,101,255,127,4,170,170,170,170
211,101,255,127,5,170,170,175,255
211,101,255,127,6,255,250,175,255
211,011,255,255,0,255,255,255,255
211,011,255,255,1,255,239,253,255
211,011,255,255,2,191,255,253,247
211,011,255,255,3,122,175,255,255
211,011,255,255,4,125,214,183,235
211,011,255,255,5,117,182,251,235
211,011,255,255,6,237,238,237,106
211,111,215,223,0,191,223,127,191
211,111,215,223,1,127,190,255,251
211,111,215,223,2,239,223,239,255
211,111,215,223,3,127,255,247,255
211,111,215,223,4,255,223,254,238
211,111,215,223,5,255,191,255,119
211,111,215,223,6,187,189,222,239
212,000,247,127,0,255,255,255,255
212,000,247,127,1,255,255,255,251
212,000,247,127,2,189,222,238,247
212,000,247,127,3,123,189,221,239
212,000,247,127,4,253,222,239,127
212,000,247,127,5,255,255,255,255
212,000,247,127,6,255,255,255,247
212,100,187,223,0,255,255,119,187
212,100,187,223,1,189,222,239,119
212,100,187,223,2,123,191,255,255
212,100,187,223,3,247,127,255,255
212,100,187,223,4,255,255,255,255
212,100,187,223,5,255,251,189,222
212,100,187,223,6,238,247,123,189
212,010,221,239,0,253,222,239,127
212,010,221,239,1,255,255,255,255
212,010,221,239,2,255,255,255,245
212,010,221,239,3,239,255,255,245
212,010,221,239,4,119,255,254,175
212,010,221,239,5,85,95,250,175
212,010,221,239,6,254,246,255,246
212,110,221,215,0,183,223,111,123
212,110,221,215,1,255,186,171,127
212,110,221,215,2,170,170,175,254
212,110,221,215,3,255,251,183,127
212,110,221,215,4,255,239,237,191
212,110,221,215,5,255,111,255,119
212,110,221,215,6,190,191,170,173
212,001,123,127,0,255,234,171,255
212,001,123,127,1,255,251,255,254
212,001,123,127,2,247,254,254,255
212,001,123,127,3,255,94,254,253
212,001,123,127,4,223,253,251,239
212,001,123,127,5,255,191,255,255
212,001,123,127,6,255,255,191,255
212,101,127,255,0,85,111,191,255
212,101,127,255,1,119,247,247,127
212,101,127,255,2,247,234,170,171
212,101,127,255,3,239,181,85,85
212,101,127,255,4,85,85,85,85
212,101,127,255,5,85,95,255,255
212,101,127,255,6,245,95,255,255
212,011,255,255,0,255,255,255,251
212,011,255,255,1,255,127,239,247
212,011,255,255,2,255,253,247,122
212,011,255,255,3,175,255,237,250
212,011,255,255,4,237,111,118,234
212,011,255,255,5,237,239,118,246
212,011,255,255,6,253,125,106,215
212,111,223,191,0,223,127,191,127
212,111,223,191,1,190,255,251,239
212,111,223,191,2,223,239,255,127
212,111,223,191,3,255,247,255,255
212,111,223,191,4,223,254,238,255
212,111,223,191,5,191,255,119,187
212,111,223,191,6,189,222,239,119
213,000,127,255,0,255,255,255,255
213,000,127,255,1,255,255,251,189
213,000,127,255,2,222,238,247,123
213,000,127,255,3,189,221,239,253
213,000,127,255,4,222,239,127,255
213,000,127,255,5,255,255,255,255
213,000,127,255,6,255,255,247,187
213,100,223,255,0,255,119,187,189
213,100,223,255,1,222,239,119,123
213,100,223,255,2,191,255,255,247
213,100,223,255,3,127,255,255,255
213,100,223,255,4,255,255,255,255
213,100,223,255,5,251,189,222,238
213,100,223,255,6,247,123,189,221
213,010,239,253,0,222,239,127,255
213,010,239,253,1,255,255,255,255
213,010,239,253,2,255,255,247,187
213,010,239,253,3,223,255,255,119
213,010,239,253,4,187,189,222,239
213,010,239,253,5,119,123,191,255
213,010,239,253,6,255,247,127,255
213,110,255,255,0,255,255,255,255
213,110,255,255,1,251,189,222,238
213,110,255,255,2,247,123,189,221
213,110,255,255,3,239,253,222,239
213,110,255,255,4,127,255,255,255
213,110,255,255,5,255,255,255,255
213,110,255,255,6,245,239,255,255
213,001,245,125,0,127,174,174,170
213,001,245,125,1,170,173,87,218
213,001,245,125,2,246,253,237,187
213,001,245,125,3,238,221,255,253
213,001,245,125,4,222,255,234,170
213,001,245,125,5,191,170,170,175
213,001,245,125,6,254,246,237,221
213,101,239,221,0,214,238,255,213
213,101,239,221,1,223,125,175,111
213,101,239,221,2,181,85,94,237
213,101,239,221,3,213,85,85,85
213,101,239,221,4,85,85,85,85
213,101,239,221,5,95,255,255,245
213,101,239,221,6,95,255,255,255
213,011,255,255,0,255,255,254,223
213,011,255,255,1,127,251,125,191
213,011,255,255,2,91,255,122,175
213,011,255,255,3,255,214,253,214
213,011,255,255,4,183,235,117,182
213,011,255,255,5,251,235,237,238
213,011,255,255,6,235,106,215,223
213,111,111,119,0,254,189,247,239
213,111,111,119,1,253,255,183,246
213,111,111,119,2,251,255,253,107
213,111,111,119,3,247,245,223,255
213,111,111,119,4,247,234,246,254
213,111,111,119,5,221,247,254,255
213,111,111,119,6,175,255,250,238
214,000,187,246,0,245,119,123,175
214,000,187,246,1,251,123,189,125
214,000,187,246,2,187,181,111,91
214,000,187,246,3,246,251,187,223
214,000,187,246,4,187,253,245,222
214,000,187,246,5,182,215,126,215
214,000,187,246,6,251,106,213,95
214,100,189,175,0,221,237,238,174
214,100,189,175,1,219,255,246,191
214,100,189,175,2,173,127,110,245
214,100,189,175,3,91,247,106,187
214,100,189,175,4,110,239,251,122
214,100,189,175,5,238,191,183,234
214,100,189,175,6,173,85,221,235
214,010,94,247,0,123,221,238,255
214,010,94,247,1,213,171,125,175
214,010,94,247,2,235,95,119,127
214,010,94,247,3,118,174,238,239
214,010,94,247,4,175,183,245,219
214,010,94,247,5,190,183,245,127
214,010,94,247,6,222,239,239,246
214,110,223,235,0,118,253,251,127
214,110,223,235,1,93,187,235,123
214,110,223,235,2,187,190,221,126
214,110,223,235,3,247,215,221,219
214,110,223,235,4,125,239,239,126
214,110,223,235,5,254,175,238,175
214,110,223,235,6,251,255,183,245
214,001,85,85,0,85,245,255,234
214,001,85,85,1,170,175,234,254
214,001,85,85,2,186,175,251,255
214,001,85,85,3,223,254,251,119
214,001,85,85,4,255,213,85,255
214,001,85,85,5,191,245,85,85
214,001,85,85,6,85,91,117,85
214,101,255,239,0,239,255,234,255
214,101,255,239,1,255,247,219,245
214,101,255,239,2,85,95,253,117
214,101,255,239,3,85,85,85,85
214,101,255,239,4,85,85,85,95
214,101,255,239,5,255,255,245,95
214,101,255,239,6,255,255,255,255
214,011,255,255,0,255,251,255,127
214,011,255,255,1,239,247,254,255
214,011,255,255,2,223,245,93,255
214,011,255,255,3,191,251,183,118
214,011,255,255,4,251,123,187,118
214,011,255,255,5,246,251,125,122
214,011,255,255,6,181,109,254,187
214,111,223,126,0,189,247,239,253
214,111,223,126,1,254,255,125,251
214,111,223,126,2,255,253,107,247
214,111,223,126,3,247,239,255,246
214,111,223,126,4,235,191,191,253
214,111,223,126,5,215,234,253,191
214,111,223,126,6,119,219,109,111
215,000,250,246,0,219,174,237,255
215,000,250,246,1,187,253,245,215
215,000,250,246,2,93,175,181,255
215,000,250,246,3,246,223,95,107
215,000,250,246,4,245,238,222,186
215,000,250,246,5,215,127,175,174
215,000,250,246,6,218,213,95,175
215,100,111,221,0,237,238,174,219
215,100,111,221,1,255,246,191,173
215,100,111,221,2,127,107,218,181
215,100,111,221,3,251,213,90,246
215,100,111,221,4,239,251,122,238
215,100,111,221,5,191,183,234,173
215,100,111,221,6,85,221,235,94
215,010,247,123,0,221,238,255,213
215,010,247,123,1,171,125,175,235
215,010,247,123,2,95,119,127,118
215,010,247,123,3,174,238,239,175
215,010,247,123,4,183,245,219,190
215,010,247,123,5,183,245,127,215
215,010,247,123,6,215,254,251,127
215,110,213,182,0,253,251,127,93
215,110,213,182,1,187,235,123,187
215,110,213,182,2,190,221,126,247
215,110,213,182,3,215,221,219,125
215,110,213,182,4,239,239,126,254
215,110,213,182,5,175,238,175,251
215,110,213,182,6,255,183,245,85
215,001,94,255,0,218,255,213,85
215,001,94,255,1,87,245,250,181
215,001,94,255,2,87,255,250,254
215,001,94,255,3,175,255,234,255
215,001,94,255,4,254,255,223,251
215,001,94,255,5,250,170,170,170
215,001,94,255,6,173,90,170,255
215,101,223,223,0,87,245,245,127
215,101,223,223,1,255,254,250,170
215,101,223,223,2,175,255,234,170
215,101,223,223,3,170,170,170,170
215,101,223,223,4,170,170,175,255
215,101,223,223,5,255,250,175,255
215,101,223,223,6,255,255,255,255
215,011,255,255,0,255,239,253,255
215,011,255,255,1,191,254,255,223
215,011,255,255,2,245,95,251,255
215,011,255,255,3,251,183,118,251
215,011,255,255,4,123,187,118,246
215,011,255,255,5,251,125,118,181
215,011,255,255,6,107,126,251,247
215,111,246,246,0,222,219,253,254
215,111,246,246,1,215,218,245,247
215,111,246,246,2,127,239,255,214
215,111,246,246,3,186,215,118,245
215,111,246,246,4,119,126,237,253
215,111,246,246,5,255,191,175,255
215,111,246,246,6,247,239,191,235
216,000,218,189,0,223,93,235,107
216,000,218,189,1,189,125,187,181
216,000,218,189,2,111,91,246,251
216,000,218,189,3,187,223,187,253
216,000,218,189,4,245,222,182,215
216,000,218,189,5,126,215,251,106
216,000,218,189,6,213,95,189,175
216,100,221,237,0,238,174,219,215
216,100,221,237,1,246,191,173,127
216,100,221,237,2,109,221,91,247
216,100,221,237,3,106,181,247,190
216,100,221,237,4,254,173,189,127
216,100,221,237,5,107,245,90,171
216,100,221,237,6,183,117,189,222
216,010,222,239,0,123,239,234,213
216,010,222,239,1,250,215,246,187
216,010,222,239,2,187,239,189,87
216,010,222,239,3,125,125,221,222
216,010,222,239,4,250,246,247,95
216,010,222,239,5,234,254,237,215
216,010,222,239,6,254,251,127,213
216,110,110,253,0,253,127,175,111
216,110,110,253,1,117,237,247,119
216,110,110,253,2,182,239,238,238
216,110,110,253,3,250,246,239,223
216,110,110,253,4,215,253,127,87
216,110,110,253,5,253,85,107,127
216,110,110,253,6,109,254,170,173
216,001,186,170,0,170,170,171,107
216,001,186,170,1,255,247,106,175
216,001,186,170,2,182,255,254,223
216,001,186,170,3,255,255,191,253
216,001,186,170,4,250,170,182,234
216,001,186,170,5,170,170,170,183
216,001,186,170,6,106,170,170,175
216,101,253,191,0,255,127,255,247
216,101,253,191,1,255,245,85,95
216,101,253,191,2,253,250,170,170
216,101,253,191,3,170,170,170,170
216,101,253,191,4,170,175,255,255
216,101,253,191,5,250,175,255,255
216,101,253,191,6,255,255,255,255
216,011,255,255,0,239,253,255,191
216,011,255,255,1,254,255,223,245
216,011,255,255,2,95,251,254,255
216,011,255,255,3,107,235,237,239
216,011,255,255,4,110,235,237,237
216,011,255,255,5,238,238,181,109
216,011,255,255,6,254,251,247,251
216,111,253,247,0,239,253,254,255
216,111,253,247,1,125,251,255,255
216,111,253,247,2,239,255,254,255
216,111,253,247,3,255,255,255,255
216,111,253,247,4,191,253,223,255
216,111,253,247,5,255,191,125,213
216,111,253,247,6,125,255,119,190
217,000,111,253,0,94,255,119,255
217,000,111,253,1,127,223,247,175
217,000,111,253,2,245,213,251,125
217,000,111,253,3,91,253,125,187
217,000,111,253,4,111,221,238,213
217,000,111,253,5,122,245,183,170
217,000,111,253,6,255,221,95,127
217,100,117,111,0,93,223,213,91
217,100,117,111,1,247,245,187,223
217,100,117,111,2,255,191,189,183
217,100,117,111,3,127,239,239,255
217,100,117,111,4,90,190,251,170
217,100,117,111,5,247,247,127,171
217,100,117,111,6,123,218,171,223
217,010,238,183,0,127,219,191,187
217,010,238,183,1,223,254,245,234
217,010,238,183,2,191,237,247,170
217,010,238,183,3,245,93,93,189
217,010,238,183,4,221,246,247,247
217,010,238,183,5,219,125,119,247
217,010,238,183,6,95,118,223,247
217,110,239,191,0,234,175,127,213
217,110,239,191,1,119,189,222,170
217,110,239,191,2,251,119,125,189
217,110,239,191,3,239,219,119,190
217,110,239,191,4,239,187,239,247
217,110,239,191,5,238,238,255,221
217,110,239,191,6,253,221,238,247
217,001,123,187,0,221,238,239,255
217,001,123,187,1,255,253,223,255
217,001,123,187,2,255,255,255,255
217,001,123,187,3,255,255,254,247
217,001,123,187,4,119,187,221,238
217,001,123,187,5,239,119,191,247
217,001,123,187,6,123,187,223,255
217,101,255,255,0,255,255,255,255
217,101,255,255,1,250,170,175,255
217,101,255,255,2,250,170,170,170
217,101,255,255,3,170,170,170,170
217,101,255,255,4,175,255,255,250
217,101,255,255,5,175,255,255,255
217,101,255,255,6,255,255,255,255
217,011,255,239,0,253,255,191,223
217,011,255,239,1,251,255,122,175
217,011,255,239,2,247,254,255,187
217,011,255,239,3,239,123,117,111
217,011,255,239,4,110,235,237,237
217,011,255,239,5,238,234,214,253
217,011,255,239,6,183,91,251,117
217,111,191,223,0,239,253,254,215
217,111,191,223,1,235,255,255,219
217,111,191,223,2,251,254,247,255
217,111,191,223,3,94,245,219,127
217,111,191,223,4,247,111,237,255
217,111,191,223,5,87,190,247,189
217,111,191,223,6,239,171,245,123
218,000,183,107,0,237,239,189,214
218,000,183,107,1,221,125,109,215
218,000,183,107,2,247,125,239,223
218,000,183,107,3,238,239,127,215
218,000,183,107,4,239,126,253,223
218,000,183,107,5,187,253,239,191
218,000,183,107,6,235,253,245,238
218,100,191,119,0,235,223,219,246
218,100,191,119,1,214,218,223,95
218,100,191,119,2,219,118,239,245
218,100,191,119,3,182,182,254,222
218,100,191,119,4,189,253,191,190
218,100,191,119,5,239,221,245,253
218,100,191,119,6,189,183,235,219
218,010,107,111,0,237,246,254,223
218,010,107,111,1,219,90,222,181
218,010,107,111,2,182,181,251,253
218,010,107,111,3,246,251,95,123
218,010,107,111,4,91,187,255,127
218,010,107,111,5,234,255,171,237
218,010,107,111,6,253,190,251,223
218,110,126,175,0,125,218,222,189
218,110,126,175,1,173,235,239,191
218,110,126,175,2,239,191,223,109
218,110,126,175,3,253,191,254,247
218,110,126,175,4,191,247,254,255
218,110,126,175,5,119,239,189,254
218,110,126,175,6,213,237,119,187
218,001,215,126,0,255,119,255,127
218,001,215,126,1,238,183,221,173
218,001,215,126,2,186,223,239,251
218,001,215,126,3,190,238,191,191
218,001,215,126,4,125,251,247,223
218,001,215,126,5,117,237,215,94
218,001,215,126,6,235,253,223,223
218,101,183,125,0,251,119,221,245
218,101,183,125,1,85,95,221,250
218,101,183,125,2,170,170,170,170
218,101,183,125,3,170,170,170,175
218,101,183,125,4,255,255,250,175
218,101,183,125,5,255,255,255,255
218,101,183,125,6,255,255,255,255
218,011,239,253,0,255,191,223,251
218,011,239,253,1,255,122,175,247
218,011,239,253,2,254,251,109,118
218,011,239,253,3,251,239,125,117
218,011,239,253,4,187,122,239,125
218,011,239,253,5,234,219,253,183
218,011,239,253,6,119,222,189,239
218,111,189,245,0,123,223,191,213
218,111,189,245,1,118,255,219,239
218,111,189,245,2,253,190,171,238
218,111,189,245,3,245,222,174,183
218,111,189,245,4,191,247,255,95
218,111,189,245,5,255,247,190,247
218,111,189,245,6,215,122,239,253
219,000,189,237,0,213,126,235,186
219,000,189,237,1,222,187,173,171
219,000,189,237,2,251,181,126,175
219,000,189,237,3,213,246,191,221
219,000,189,237,4,247,126,247,222
219,000,189,237,5,222,253,221,187
219,000,189,237,6,187,93,247,127
219,100,127,119,0,223,219,253,109
219,100,127,119,1,173,187,183,238
219,100,127,119,2,173,234,221,238
219,100,127,119,3,247,127,119,125
219,100,127,119,4,253,191,190,239
219,100,127,119,5,221,221,254,237
219,100,127,119,6,223,187,251,187
219,010,223,237,0,247,127,119,238
219,010,223,237,1,218,222,183,187
219,010,223,237,2,187,119,238,253
219,010,223,237,3,222,190,237,173
219,010,223,237,4,183,255,127,235
219,010,223,237,5,127,127,93,182
219,010,223,237,6,239,183,246,255
219,110,247,238,0,245,187,95,91
219,110,247,238,1,181,191,127,215
219,110,247,238,2,126,239,215,107
219,110,247,238,3,183,255,126,255
219,110,247,238,4,239,253,95,237
219,110,247,238,5,245,219,111,173
219,110,247,238,6,245,191,110,219
219,001,251,247,0,223,255,127,235
219,001,251,247,1,183,221,246,254
219,001,251,247,2,213,235,118,251
219,001,251,247,3,119,111,239,247
219,001,251,247,4,238,255,126,187
219,001,251,247,5,118,235,183,118
219,001,251,247,6,254,183,111,183
219,101,125,126,0,239,110,181,85
219,101,125,126,1,85,235,117,85
219,101,125,126,2,85,85,85,85
219,101,125,126,3,85,85,95,255
219,101,125,126,4,255,245,95,255
219,101,125,126,5,255,255,255,255
219,101,125,126,6,255,255,251,255
219,011,127,239,0,247,254,255,223
219,011,127,239,1,245,93,255,191
219,011,127,239,2,245,182,251,239
219,011,127,239,3,125,117,187,122
219,011,127,239,4,239,125,237,213
219,011,127,239,5,109,254,251,247
219,011,127,239,6,251,253,247,239
219,111,253,254,0,255,125,251,255
219,111,253,254,1,255,239,255,254
219,111,253,254,2,255,255,255,191
219,111,253,254,3,255,191,255,247
219,111,253,254,4,254,255,223,239
219,111,253,254,5,255,255,255,213
219,111,253,254,6,250,183,251,239
220,000,253,123,0,223,118,215,183
220,000,253,123,1,110,237,175,235
220,000,253,123,2,239,126,221,235
220,000,253,123,3,223,239,221,127
220,000,253,123,4,250,175,93,250
220,000,253,123,5,239,95,119,107
220,000,253,123,6,237,235,189,238
220,100,245,254,0,189,223,175,127
220,100,245,254,1,175,255,239,171
220,100,245,254,2,191,182,223,110
220,100,245,254,3,247,111,95,122
220,100,245,254,4,239,94,219,181
220,100,245,254,5,186,255,119,175
220,100,245,254,6,213,246,238,223
220,010,250,247,0,253,245,183,255
220,010,250,247,1,95,235,119,126
220,010,250,247,2,221,239,191,119
220,010,250,247,3,238,247,246,251
220,010,250,247,4,251,123,95,239
220,010,250,247,5,183,93,190,235
220,010,250,247,6,191,170,255,215
220,110,189,191,0,239,235,253,254
220,110,189,191,1,247,122,239,119
220,110,189,191,2,246,247,123,247
220,110,189,191,3,218,254,253,191
220,110,189,191,4,237,251,187,238
220,110,189,191,5,174,222,182,235
220,110,189,191,6,175,187,186,247
220,001,190,191,0,239,126,171,191
220,001,190,191,1,94,187,127,175
220,001,190,191,2,127,87,125,246
220,001,190,191,3,221,223,119,117
220,001,190,191,4,247,126,182,245
220,001,190,191,5,187,111,181,253
220,001,190,191,6,117,119,245,126
220,101,253,219,0,117,250,170,173
220,101,253,219,1,95,245,85,85
220,101,253,219,2,85,85,85,85
220,101,253,219,3,85,95,255,255
220,101,253,219,4,245,95,255,255
220,101,253,219,5,255,255,255,255
220,101,253,219,6,255,251,255,127
220,011,239,247,0,254,255,223,245
220,011,239,247,1,93,255,191,251
220,011,239,247,2,111,117,186,237
220,011,239,247,3,239,110,235,237
220,011,239,247,4,237,238,234,215
220,011,239,247,5,223,191,223,127
220,011,239,247,6,191,127,190,255
220,111,251,239,0,223,239,255,127
220,111,251,239,1,255,247,255,255
220,111,251,239,2,223,253,182,223
220,111,251,239,3,255,251,191,234
220,111,251,239,4,255,95,255,245
220,111,251,239,5,221,111,246,251
220,111,251,239,6,234,246,251,255
221,000,119,126,0,245,189,95,93
221,000,119,126,1,235,123,247,125
221,000,119,126,2,239,247,239,122
221,000,119,126,3,175,246,247,126
221,000,119,126,4,215,246,181,182
221,000,119,126,5,191,238,245,187
221,000,119,126,6,235,125,190,237
221,100,246,174,0,223,182,246,239
221,100,246,174,1,111,118,183,110
221,100,246,174,2,175,125,183,126
221,100,246,174,3,219,125,181,182
221,100,246,174,4,182,174,213,246
221,100,246,174,5,247,107,190,183
221,100,246,174,6,222,237,191,218
221,010,245,251,0,111,119,239,215
221,010,245,251,1,239,126,239,186
221,010,245,251,2,251,95,239,219
221,010,245,251,3,251,247,223,238
221,010,245,251,4,253,235,175,214
221,010,245,251,5,175,109,222,221
221,010,245,251,6,189,251,173,191
221,110,191,125,0,251,245,95,109
221,110,191,125,1,253,110,223,91
221,110,191,125,2,246,239,119,245
221,110,191,125,3,125,251,247,213
221,110,191,125,4,247,106,239,107
221,110,191,125,5,183,173,238,189
221,110,191,125,6,183,182,245,187
221,001,111,251,0,125,234,223,110
221,001,111,251,1,173,191,239,118
221,001,111,251,2,190,251,107,111
221,001,111,251,3,91,182,237,117
221,001,111,251,4,174,173,246,237
221,001,111,251,5,183,171,215,107
221,001,111,251,6,239,181,126,238
221,101,221,219,0,245,85,85,119
221,101,221,219,1,85,85,85,85
221,101,221,219,2,85,85,85,85
221,101,221,219,3,95,255,255,245
221,101,221,219,4,95,255,255,255
221,101,221,219,5,255,255,255,255
221,101,221,219,6,251,255,127,239
221,011,253,239,0,223,223,245,93
221,011,253,239,1,255,191,245,186
221,011,253,239,2,237,239,125,181
221,011,253,239,3,237,238,235,238
221,011,253,239,4,237,234,215,223
221,011,253,239,5,191,223,127,191
221,011,253,239,6,127,190,255,251
221,111,239,223,0,239,255,127,255
221,111,239,223,1,247,255,255,223
221,111,239,223,2,253,182,223,255
221,111,239,223,3,251,174,250,253
221,111,239,223,4,191,93,245,219
221,111,239,223,5,111,190,247,173
221,111,239,223,6,119,237,254,191
222,000,239,234,0,253,95,93,235
222,000,239,234,1,223,126,221,247
222,000,239,234,2,247,239,223,251
222,000,239,234,3,237,127,251,175
222,000,239,234,4,118,250,237,95
222,000,239,234,5,253,245,219,238
222,000,239,234,6,239,110,238,246
222,100,174,219,0,219,125,173,191
222,100,174,219,1,181,239,222,254
222,100,174,219,2,253,239,189,187
222,100,174,219,3,125,181,182,182
222,100,174,219,4,174,213,219,235
222,100,174,219,5,109,190,238,247
222,100,174,219,6,222,255,218,255
222,010,190,215,0,182,255,125,254
222,010,190,215,1,247,222,237,251
222,010,190,215,2,111,239,182,254
222,010,190,215,3,255,123,253,126
222,010,190,215,4,174,223,117,237
222,010,190,215,5,253,190,223,219
222,010,190,215,6,191,219,111,239
222,110,247,238,0,255,126,237,247
222,110,247,238,1,221,183,219,247
222,110,247,238,2,125,191,186,251
222,110,247,238,3,251,175,125,239
222,110,247,238,4,247,239,119,219
222,110,247,238,5,173,237,191,190
222,110,247,238,6,253,245,219,111
222,001,191,126,0,173,239,122,219
222,001,191,126,1,119,111,175,173
222,001,191,126,2,251,219,111,239
222,001,191,126,3,247,235,110,187
222,001,191,126,4,109,247,239,191
222,001,191,126,5,119,222,187,111
222,001,191,126,6,245,123,251,215
222,101,238,181,0,85,90,219,245
222,101,238,181,1,85,85,85,85
222,101,238,181,2,85,85,85,95
222,101,238,181,3,255,255,245,95
222,101,238,181,4,255,255,255,255
222,101,238,181,5,255,255,255,251
222,101,238,181,6,255,183,246,253
222,011,239,223,0,223,245,93,255
222,011,239,223,1,191,245,186,237
222,011,239,223,2,239,125,181,237
222,011,239,223,3,238,235,237,237
222,011,239,223,4,213,109,175,181
222,011,239,223,5,246,187,95,107
222,011,239,223,6,237,126,254,215
222,111,218,253,0,251,191,119,239
222,111,218,253,1,221,251,191,117
222,111,218,253,2,85,87,126,234
222,111,218,253,3,247,190,246,175
222,111,218,253,4,239,234,170,171
222,111,218,253,5,215,189,191,127
222,111,218,253,6,247,255,222,255
223,000,85,85,0,85,85,85,109
223,000,85,85,1,117,247,254,255
223,000,85,85,2,214,222,218,221
223,000,85,85,3,218,247,254,255
223,000,85,85,4,234,170,175,171
223,000,85,85,5,255,122,239,93
223,000,85,85,6,94,223,255,255
223,100,245,223,0,187,246,251,191
223,100,245,223,1,235,189,126,171
223,100,245,223,2,234,221,251,182
223,100,245,223,3,170,170,175,255
223,100,245,223,4,255,221,187,246
223,100,245,223,5,254,223,246,223
223,100,245,223,6,181,223,191,171
223,010,125,111,0,250,170,175,253
223,010,125,111,1,245,109,109,173
223,010,125,111,2,87,254,234,170
223,010,125,111,3,171,253,247,223
223,010,125,111,4,255,239,238,191
223,010,125,111,5,223,93,251,182
223,010,125,111,6,250,214,170,170
223,110,170,170,0,170,214,183,223
223,110,170,170,1,247,254,238,189
223,110,170,170,2,215,190,255,187
223,110,170,170,3,191,119,245,85
223,110,170,170,4,95,247,245,109
223,110,170,170,5,218,221,91,239
223,110,170,170,6,106,170,171,255
223,001,255,239,0,126,175,245,94
223,001,255,239,1,223,251,246,221
223,001,255,239,2,122,221,85,85
223,001,255,239,3,85,85,85,109
223,001,255,239,4,223,239,123,239
223,001,255,239,5,106,190,171,255
223,001,255,239,6,255,94,223,175
223,101,245,85,0,94,251,213,85
223,101,245,85,1,85,85,85,85
223,101,245,85,2,85,85,95,255
223,101,245,85,3,255,245,95,255
223,101,245,85,4,255,255,255,255
223,101,245,85,5,255,255,251,255
223,101,245,85,6,127,239,247,254
223,011,255,223,0,245,93,255,191
223,011,255,223,1,245,186,237,239
223,011,255,223,2,125,181,237,238
223,011,255,223,3,235,237,238,234
223,011,255,223,4,215,223,191,223
223,011,255,223,5,127,191,127,190
223,011,255,223,6,255,251,239,223
223,111,239,255,0,127,255,247,255
223,111,239,255,1,255,223,255,245
223,111,239,255,2,255,191,255,190
223,111,239,255,3,253,255,175,237
223,111,239,255,4,235,190,239,238
223,111,239,255,5,251,111,110,251
223,111,239,255,6,251,255,246,223
224,000,213,251,0,239,125,239,246
224,000,213,251,1,253,190,223,123
224,000,213,251,2,255,255,221,246
224,000,213,251,3,219,123,111,255
224,000,213,251,4,123,239,253,119
224,000,213,251,5,190,253,255,174
224,000,213,251,6,187,110,186,239
224,100,238,251,0,109,215,222,255
224,100,238,251,1,255,122,219,189
224,100,238,251,2,254,183,223,175
224,100,238,251,3,213,247,110,237
224,100,238,251,4,239,246,245,219
224,100,238,251,5,187,123,255,255
224,100,238,251,6,221,254,237,238
224,010,251,255,0,123,239,221,187
224,010,251,255,1,190,253,255,171
224,010,251,255,2,171,106,218,175
224,010,251,255,3,238,251,111,239
224,010,251,255,4,182,255,255,127
224,010,251,255,5,254,183,125,119
224,010,251,255,6,223,175,213,245
224,110,109,91,0,190,253,234,182
224,110,109,91,1,254,239,255,127
224,110,109,91,2,239,123,214,218
224,110,109,91,3,219,255,123,239
224,110,109,91,4,93,175,190,253
224,110,109,91,5,255,174,175,189
224,110,109,91,6,247,191,221,125
224,001,182,191,0,93,251,255,255
224,001,182,191,1,111,218,253,215
224,001,182,191,2,223,175,213,245
224,001,182,191,3,246,190,239,246
224,001,182,191,4,254,191,215,239
224,001,182,191,5,255,127,239,125
224,001,182,191,6,190,247,222,250
224,101,170,175,0,189,245,85,85
224,101,170,175,1,85,85,85,85
224,101,170,175,2,85,95,255,255
224,101,170,175,3,245,95,255,255
224,101,170,175,4,255,255,255,255
224,101,170,175,5,255,251,255,127
224,101,170,175,6,239,247,254,255
224,011,223,245,0,93,255,191,245
224,011,223,245,1,181,237,125,238
224,011,223,245,2,237,234,213,106
224,011,223,245,3,213,106,213,109
224,011,223,245,4,254,251,247,251
224,011,223,245,5,253,247,239,253
224,011,223,245,6,254,255,125,251
224,111,255,255,0,239,255,254,255
224,111,255,255,1,255,250,253,191
224,111,255,255,2,191,251,246,235
224,111,255,255,3,111,239,119,238
224,111,255,255,4,221,223,189,127
224,111,255,255,5,111,186,251,238
224,111,255,255,6,223,223,253,239
225,000,94,239,0,221,250,237,173
225,000,94,239,1,247,247,214,255
225,000,94,239,2,175,186,255,170
225,000,94,239,3,223,246,250,245
225,000,94,239,4,94,223,221,234
225,000,94,239,5,238,175,174,189
225,000,94,239,6,251,223,123,218
225,100,246,213,0,239,126,250,223
225,100,246,213,1,95,237,125,127
225,100,246,213,2,221,93,255,117
225,100,246,213,3,94,239,221,191
225,100,246,213,4,181,171,238,189
225,100,246,213,5,218,253,175,181
225,100,246,213,6,253,174,223,250
225,010,191,95,0,239,183,245,255
225,010,191,95,1,191,246,251,247
225,010,191,95,2,251,175,223,173
225,010,191,95,3,125,111,191,123
225,010,191,95,4,245,126,190,253
225,010,191,95,5,255,191,175,247
225,010,191,95,6,95,183,253,175
225,110,219,183,0,245,171,251,247
225,110,219,183,1,213,127,91,234
225,110,219,183,2,255,187,239,245
225,110,219,183,3,223,125,251,215
225,110,219,183,4,254,239,189,247
225,110,219,183,5,239,221,251,247
225,110,219,183,6,223,186,247,222
225,001,239,126,0,255,223,254,251
225,001,239,126,1,223,191,93,247
225,001,239,126,2,111,247,238,255
225,001,239,126,3,126,239,183,93
225,001,239,126,4,239,221,223,191
225,001,239,126,5,251,255,127,106
225,001,239,126,6,239,234,250,170
225,101,173,123,0,245,85,85,85
225,101,173,123,1,85,85,85,85
225,101,173,123,2,95,255,255,245
225,101,173,123,3,95,255,255,255
225,101,173,123,4,255,255,255,255
225,101,173,123,5,251,255,127,239
225,101,173,123,6,247,254,255,223
225,011,245,93,0,255,191,245,182
225,011,245,93,1,251,239,125,117
225,011,245,93,2,181,237,125,238
225,011,245,93,3,237,234,215,223
225,011,245,93,4,191,223,127,191
225,011,245,93,5,127,190,255,251
225,011,245,93,6,239,223,239,255
225,111,127,255,0,247,255,255,223
225,111,127,255,1,255,255,255,191
225,111,127,255,2,254,255,255,255
225,111,127,255,3,190,219,181,189
225,111,127,255,4,111,222,251,189
225,111,127,255,5,111,86,255,238
225,111,127,255,6,254,213,255,123
226,000,110,237,0,238,250,223,110
226,000,110,237,1,219,126,235,111
226,000,110,237,2,255,95,126,239
226,000,110,237,3,85,251,215,123
226,000,110,237,4,110,247,174,245
226,000,110,237,5,222,190,221,223
226,000,110,237,6,95,239,219,122
226,100,189,213,0,173,251,191,223
226,100,189,213,1,191,255,127,251
226,100,189,213,2,215,118,238,223
226,100,189,213,3,95,235,246,245
226,100,189,213,4,94,238,250,246
226,100,189,213,5,250,255,238,255
226,100,189,213,6,191,250,215,181
226,010,190,191,0,253,255,125,111
226,010,190,191,1,173,254,173,245
226,010,190,191,2,191,111,186,250
226,010,190,191,3,237,111,191,238
226,010,190,191,4,189,107,223,189
226,010,190,191,5,237,238,215,122
226,010,190,191,6,239,91,126,183
226,110,246,186,0,237,111,173,251
226,110,246,186,1,110,223,186,254
226,110,246,186,2,237,239,191,87
226,110,246,186,3,107,123,123,191
226,110,246,186,4,109,218,221,191
226,110,246,186,5,127,247,255,187
226,110,246,186,6,234,245,111,255
226,001,187,250,0,189,117,126,219
226,001,187,250,1,247,119,125,183
226,001,187,250,2,107,119,255,191
226,001,187,250,3,237,218,189,255
226,001,187,250,4,191,246,245,119
226,001,187,250,5,234,251,247,123
226,001,187,250,6,239,234,170,175
226,101,123,234,0,170,170,170,170
226,101,123,234,1,170,170,170,175
226,101,123,234,2,255,255,250,175
226,101,123,234,3,255,255,255,255
226,101,123,234,4,255,255,255,255
226,101,123,234,5,239,253,255,191
226,101,123,234,6,223,251,255,122
226,011,175,247,0,254,251,109,239
226,011,175,247,1,119,238,234,235
226,011,175,247,2,125,237,237,213
226,011,175,247,3,106,215,223,191
226,011,175,247,4,223,127,191,127
226,011,175,247,5,190,255,251,239
226,011,175,247,6,223,239,255,127
226,111,255,247,0,255,255,223,251
226,111,255,247,1,182,239,255,254
226,111,255,247,2,251,253,251,95
226,111,255,247,3,91,251,247,219
226,111,255,247,4,253,127,175,191
226,111,255,247,5,117,251,191,127
226,111,255,247,6,186,174,254,239
227,000,110,251,0,247,175,223,223
227,000,110,251,1,109,253,191,189
227,000,110,251,2,125,234,175,251
227,000,110,251,3,234,253,93,119
227,000,110,251,4,190,187,235,239
227,000,110,251,5,238,219,239,90
227,000,110,251,6,247,223,123,235
227,100,186,187,0,93,183,107,183
227,100,186,187,1,251,251,235,239
227,100,186,187,2,234,253,94,173
227,100,186,187,3,235,95,119,215
227,100,186,187,4,119,222,251,107
227,100,186,187,5,183,223,125,221
227,100,186,187,6,239,254,182,221
227,010,118,254,0,237,171,245,126
227,010,118,254,1,239,87,238,186
227,010,118,254,2,247,239,125,234
227,010,118,254,3,189,175,181,246
227,010,118,254,4,189,187,183,126
227,010,118,254,5,245,126,235,186
227,010,118,254,6,221,109,215,87
227,110,237,234,0,191,87,235,187
227,110,237,234,1,119,239,123,237
227,110,237,234,2,250,187,181,237
227,110,237,234,3,123,95,111,191
227,110,237,234,4,247,253,190,255
227,110,237,234,5,219,95,223,223
227,110,237,234,6,125,247,245,175
227,001,221,251,0,191,171,245,126
227,001,221,251,1,253,255,107,182
227,001,221,251,2,189,93,107,239
227,001,221,251,3,253,247,254,255
227,001,221,251,4,221,251,191,223
227,001,221,251,5,122,246,251,189
227,001,221,251,6,234,170,175,171
227,101,245,85,0,85,85,85,85
227,101,245,85,1,85,85,95,255
227,101,245,85,2,255,245,95,255
227,101,245,85,3,255,255,255,255
227,101,245,85,4,255,255,251,255
227,101,245,85,5,127,239,247,254
227,101,245,85,6,255,223,245,93
227,011,255,191,0,254,237,235,123
227,011,255,191,1,117,109,109,119
227,011,255,191,2,235,125,234,213
227,011,255,191,3,110,191,215,91
227,011,255,191,4,190,187,247,255
227,011,255,191,5,119,123,95,119
227,011,255,191,6,237,238,174,171
227,111,181,213,0,109,239,175,222
227,111,181,213,1,255,223,127,187
227,111,181,213,2,253,254,255,123
227,111,181,213,3,251,254,253,191
227,111,181,213,4,183,251,239,187
227,111,181,213,5,237,237,255,191
227,111,181,213,6,183,246,253,254
228,000,239,127,0,255,119,237,253
228,000,239,127,1,255,255,239,255
228,000,239,127,2,254,255,255,118
228,000,239,127,3,223,181,183,253
228,000,239,127,4,191,111,182,251
228,000,239,127,5,126,223,109,247
228,000,239,127,6,223,191,219,251
228,100,253,247,0,239,247,251,239
228,100,253,247,1,223,239,183,246
228,100,253,247,2,254,223,111,237
228,100,253,247,3,253,187,222,219
228,100,253,247,4,251,125,237,189
228,100,253,247,5,183,187,219,123
228,100,253,247,6,111,109,219,191
228,010,171,171,0,183,118,238,219
228,010,171,171,1,221,123,175,119
228,010,171,171,2,118,238,222,238
228,010,171,171,3,237,221,187,186
228,010,171,171,4,239,93,235,183
228,010,171,171,5,215,109,189,182
228,010,171,171,6,219,219,94,183
228,110,123,235,0,125,125,237,221
228,110,123,235,1,90,237,213,174
228,110,123,235,2,221,239,110,246
228,110,123,235,3,215,190,221,245
228,110,123,235,4,251,125,187,235
228,110,123,235,5,246,239,213,250
228,110,123,235,6,182,255,171,238
228,001,254,170,0,175,234,253,87
228,001,254,170,1,190,183,222,245
228,001,254,170,2,247,126,183,223
228,001,254,170,3,189,255,123,237
228,001,254,170,4,127,215,223,126
228,001,254,170,5,251,223,245,245
228,001,254,170,6,85,91,95,245
228,101,85,85,0,85,85,85,85
228,101,85,85,1,85,95,255,255
228,101,85,85,2,245,95,255,255
228,101,85,85,3,255,255,255,255
228,101,85,85,4,255,251,255,127
228,101,85,85,5,239,247,254,255
228,101,85,85,6,223,245,93,255
228,011,191,247,0,187,126,245,109
228,011,191,247,1,111,239,238,246
228,011,191,247,2,245,106,213,111
228,011,191,247,3,111,239,251,222
228,011,191,247,4,255,189,251,125
228,011,191,247,5,127,123,247,245
228,011,191,247,6,235,110,235,181
228,111,221,93,0,215,95,247,91
228,111,221,93,1,174,237,181,186
228,111,221,93,2,251,87,107,107
228,111,221,93,3,186,215,247,182
228,111,221,93,4,187,126,247,189
228,111,221,93,5,127,190,174,221
228,111,221,93,6,214,187,247,126
229,000,117,91,0,119,222,254,182
229,000,117,91,1,183,245,246,214
229,000,117,91,2,186,219,87,189
229,000,117,91,3,191,246,187,239
229,000,117,91,4,125,238,247,219
229,000,117,91,5,221,221,238,189
229,000,117,91,6,215,189,221,251
229,100,237,125,0,171,119,245,219
229,100,237,125,1,247,125,119,174
229,100,237,125,2,255,127,239,95
229,100,237,125,3,123,127,119,110
229,100,237,125,4,253,182,238,219
229,100,237,125,5,221,119,187,221
229,100,237,125,6,189,245,245,119
229,010,251,213,0,237,95,175,119
229,010,251,213,1,246,254,223,107
229,010,251,213,2,237,127,191,111
229,010,251,213,3,182,246,218,222
229,010,251,213,4,173,238,189,95
229,010,251,213,5,125,239,189,251
229,010,251,213,6,191,106,255,123
229,110,127,238,0,251,181,239,126
229,110,127,238,1,251,117,125,93
229,110,127,238,2,171,250,251,246
229,110,127,238,3,175,122,251,191
229,110,127,238,4,111,254,253,126
229,110,127,238,5,221,251,191,126
229,110,127,238,6,175,123,181,237
229,001,111,247,0,238,251,223,95
229,001,111,247,1,215,221,126,191
229,001,111,247,2,175,221,246,245
229,001,111,247,3,175,126,247,190
229,001,111,247,4,247,94,238,219
229,001,111,247,5,123,111,218,170
229,001,111,247,6,171,187,106,170
229,101,170,170,0,170,170,170,170
229,101,170,170,1,175,255,255,250
229,101,170,170,2,175,255,255,255
229,101,170,170,3,255,255,255,255
229,101,170,170,4,255,239,253,255
229,101,170,170,5,191,223,251,255
229,101,170,170,6,122,175,247,254
229,011,254,239,0,239,238,235,238
229,011,254,239,1,234,250,238,238
229,011,254,239,2,237,213,106,190
229,011,254,239,3,175,170,250,250
229,011,254,239,4,175,239,234,254
229,011,254,239,5,254,171,239,250
229,011,254,239,6,191,175,235,250
229,111,254,175,0,255,181,255,223
229,111,254,175,1,219,94,186,251
229,111,254,175,2,87,107,117,245
229,111,254,175,3,111,126,254,251
229,111,254,175,4,239,219,234,251
229,111,254,175,5,246,215,182,255
229,111,254,175,6,123,247,126,239
230,000,186,183,0,222,255,107,111
230,000,186,183,1,186,253,127,90
230,000,186,183,2,219,247,189,187
230,000,186,183,3,91,111,119,125
230,000,186,183,4,238,247,219,222
230,000,186,183,5,221,238,189,215
230,000,186,183,6,191,221,251,183
230,100,125,175,0,119,245,213,247
230,100,125,175,1,125,119,174,247
230,100,125,175,2,127,239,247,123
230,100,125,175,3,118,247,110,235
230,100,125,175,4,182,238,219,221
230,100,125,175,5,118,238,247,93
230,100,125,175,6,245,245,187,255
230,010,127,122,0,191,87,238,250
230,010,127,122,1,254,223,107,237
230,010,127,122,2,126,253,215,219
230,010,127,122,3,123,109,183,86
230,010,127,122,4,246,189,95,125
230,010,127,122,5,239,190,251,191
230,010,127,122,6,183,239,221,247
230,110,247,223,0,181,239,126,251
230,110,247,223,1,127,189,93,219
230,110,247,223,2,250,245,91,87
230,110,247,223,3,245,239,95,223
230,110,247,223,4,223,246,191,175
230,110,247,223,5,189,247,187,175
230,110,247,223,6,123,255,118,182
230,001,183,238,0,251,223,95,215
230,001,183,238,1,221,126,191,175
230,001,183,238,2,90,251,223,175
230,001,183,238,3,126,251,190,247
230,001,183,238,4,94,238,219,123
230,001,183,238,5,111,90,170,173
230,001,183,238,6,123,106,170,170
230,101,170,170,0,170,170,170,175
230,101,170,170,1,255,255,250,175
230,101,170,170,2,255,255,255,255
230,101,170,170,3,255,255,255,255
230,101,170,170,4,239,253,255,191
230,101,170,170,5,223,251,255,122
230,101,170,170,6,175,247,254,254
230,011,239,239,0,238,235,238,234
230,011,239,239,1,250,238,238,238
230,011,239,239,2,234,215,223,191
230,011,239,239,3,223,127,191,127
230,011,239,239,4,190,255,251,239
230,011,239,239,5,223,239,255,127
230,011,239,239,6,255,247,255,255
230,111,223,254,0,214,255,191,255
230,111,223,254,1,127,239,253,95
230,111,223,254,2,255,213,239,215
230,111,223,254,3,247,123,239,251
230,111,223,254,4,189,250,191,87
230,111,223,254,5,222,251,215,175
230,111,223,254,6,253,94,214,255
231,000,255,239,0,247,126,175,223
231,000,255,239,1,126,238,186,219
231,000,255,239,2,93,250,219,94
231,000,255,239,3,251,118,246,223
231,000,255,239,4,239,219,253,109
231,000,255,239,5,175,182,247,181
231,000,255,239,6,183,183,238,246
231,100,187,175,0,247,251,190,223
231,100,187,175,1,237,250,223,175
231,100,187,175,2,219,118,246,214
231,100,187,175,3,239,109,251,126
231,100,187,175,4,251,247,245,221
231,100,187,175,5,239,222,213,186
231,100,187,175,6,182,254,239,95
231,010,123,239,0,174,219,221,91
231,010,123,239,1,247,218,246,183
231,010,123,239,2,221,221,251,218
231,010,123,239,3,221,187,237,253
231,010,123,239,4,219,238,255,186
231,010,123,239,5,181,247,85,221
231,010,123,239,6,235,87,183,222
231,110,255,127,0,123,234,251,238
231,110,255,127,1,239,187,91,182
231,110,255,127,2,238,223,110,214
231,110,255,127,3,237,187,95,123
231,110,255,127,4,181,189,235,234
231,110,255,127,5,250,175,173,85
231,110,255,127,6,250,190,173,87
231,001,85,126,0,173,187,91,182
231,001,85,126,1,235,119,215,109
231,001,85,126,2,218,175,175,123
231,001,85,126,3,181,95,87,213
231,001,85,126,4,122,253,86,171
231,001,85,126,5,245,85,90,171
231,001,85,126,6,170,170,170,170
231,101,170,170,0,170,170,175,255
231,101,170,170,1,255,250,175,255
231,101,170,170,2,255,255,255,255
231,101,170,170,3,255,255,255,239
231,101,170,170,4,253,255,191,223
231,101,170,170,5,175,223,245,93
231,101,170,170,6,255,221,255,107
231,011,117,110,0,235,122,234,251
231,011,117,110,1,118,245,106,213
231,011,117,110,2,109,254,251,247
231,011,117,110,3,251,253,247,239
231,011,117,110,4,253,254,255,125
231,011,117,110,5,251,255,255,239
231,011,117,110,6,255,254,255,255
231,111,247,246,0,255,191,255,127
231,111,247,246,1,239,255,191,239
231,111,247,246,2,253,239,183,254
231,111,247,246,3,254,247,253,251
231,111,247,246,4,245,126,175,171
231,111,247,246,5,238,255,222,255
231,111,247,246,6,222,251,223,223
232,000,239,238,0,191,86,182,254
232,000,239,238,1,254,250,181,189
232,000,239,238,2,251,183,222,251
232,000,239,238,3,245,254,191,239
232,000,239,238,4,235,254,237,223
232,000,239,238,5,222,247,183,106
232,000,239,238,6,251,251,219,187
232,100,183,119,0,251,127,125,221
232,100,183,119,1,251,183,175,221
232,100,183,119,2,173,255,171,187
232,100,183,119,3,235,234,255,189
232,100,183,119,4,122,253,234,239
232,100,183,119,5,222,253,191,91
232,100,183,119,6,255,181,221,238
232,010,223,127,0,245,247,222,247
232,010,223,127,1,237,125,183,106
232,010,223,127,2,181,246,245,126
232,010,223,127,3,189,189,255,190
232,010,223,127,4,222,250,239,182
232,010,223,127,5,174,251,182,250
232,010,223,127,6,215,111,123,237
232,110,253,122,0,214,255,235,111
232,110,253,122,1,247,119,187,223
232,110,253,122,2,111,253,221,238
232,110,253,122,3,247,123,187,221
232,110,253,122,4,238,239,255,255
232,110,253,122,5,253,223,255,255
232,110,253,122,6,255,255,255,255
232,001,255,254,0,247,119,187,221
232,001,255,254,1,238,239,119,191
232,001,255,254,2,247,123,187,223
232,001,255,254,3,255,255,255,255
232,001,255,254,4,255,255,255,250
232,001,255,254,5,170,175,255,250
232,001,255,254,6,170,170,170,170
232,101,170,170,0,170,175,255,255
232,101,170,170,1,250,175,255,255
232,101,170,170,2,255,255,255,255
232,101,170,170,3,255,255,239,253
232,101,170,170,4,255,191,223,251
232,101,170,170,5,255,122,175,247
232,101,170,170,6,254,253,107,117
232,011,110,235,0,122,234,251,118
232,011,110,235,1,245,106,213,109
232,011,110,235,2,254,251,247,251
232,011,110,235,3,253,247,239,253
232,011,110,235,4,254,255,125,251
232,011,110,235,5,255,255,239,255
232,011,110,235,6,254,255,255,247
232,111,174,255,0,191,255,127,239
232,111,174,255,1,253,127,239,238
232,111,174,255,2,239,215,247,127
232,111,174,255,3,191,125,109,250
232,111,174,255,4,191,87,222,251
232,111,174,255,5,215,175,253,119
232,111,174,255,6,174,247,186,239
233,000,247,126,0,173,109,251,237
233,000,247,126,1,223,235,93,189
233,000,247,126,2,181,175,237,238
233,000,247,126,3,251,125,239,106
233,000,247,126,4,247,109,175,246
233,000,247,126,5,246,235,182,251
233,000,247,126,6,239,221,239,174
233,100,223,251,0,191,125,118,238
233,100,223,251,1,222,219,219,174
233,100,223,251,2,251,171,190,221
233,100,223,251,3,239,127,223,218
233,100,223,251,4,250,235,111,190
233,100,223,251,5,234,237,94,255
233,100,223,251,6,123,123,234,239
233,010,110,183,0,118,173,111,237
233,010,110,183,1,127,183,191,222
233,010,110,183,2,247,222,237,223
233,010,110,183,3,235,255,223,125
233,010,110,183,4,106,237,91,246
233,010,110,183,5,213,171,237,175
233,010,110,183,6,119,238,235,253
233,110,239,181,0,247,111,111,251
233,110,239,181,1,221,189,183,111
233,110,239,181,2,187,123,111,109
233,110,239,181,3,235,239,247,174
233,110,239,181,4,247,189,127,87
233,110,239,181,5,183,245,239,95
233,110,239,181,6,222,245,245,127
233,001,175,109,0,237,189,183,174
233,001,175,109,1,245,222,183,173
233,001,175,109,2,235,239,254,189
233,001,175,109,3,235,250,245,127
233,001,175,109,4,175,122,245,85
233,001,175,109,5,94,245,245,85
233,001,175,109,6,85,85,85,85
233,101,85,85,0,95,255,255,245
233,101,85,85,1,95,255,255,255
233,101,85,85,2,255,255,255,255
233,101,85,85,3,251,255,127,239
233,101,85,85,4,247,254,255,223
233,101,85,85,5,245,93,255,191
233,101,85,85,6,255,111,234,221
233,011,181,237,0,117,238,237,234
233,011,181,237,1,213,106,215,222
233,011,181,237,2,237,247,253,189
233,011,181,237,3,247,187,127,247
233,011,181,237,4,111,125,239,127
233,011,181,237,5,254,239,247,251
233,011,181,237,6,223,255,189,187
233,111,222,247,0,253,239,109,237
233,111,222,247,1,219,175,123,219
233,111,222,247,2,191,253,127,214
233,111,222,247,3,247,183,251,223
233,111,222,247,4,127,125,247,251
233,111,222,247,5,125,237,222,247
233,111,222,247,6,187,219,189,239
234,000,189,235,0,250,245,191,119
234,000,189,235,1,238,250,239,95
234,000,189,235,2,215,245,186,247
234,000,189,235,3,95,127,117,247
234,000,189,235,4,174,251,250,247
234,000,189,235,5,174,215,238,246
234,000,189,235,6,253,181,246,190
234,100,254,221,0,189,237,189,183
234,100,254,221,1,174,245,186,247
234,100,254,221,2,174,223,181,246
234,100,254,221,3,254,223,189,126
234,100,254,221,4,255,119,238,255
234,100,254,221,5,107,238,247,223
234,100,254,221,6,237,253,189,189
234,010,123,219,0,123,111,218,251
234,010,123,219,1,87,183,253,239
234,010,123,219,2,223,191,95,215
234,010,123,219,3,191,237,189,183
234,010,123,219,4,182,245,246,190
234,010,123,219,5,215,219,86,222
234,010,123,219,6,219,221,95,171
234,110,245,127,0,123,247,253,247
234,110,245,127,1,182,255,123,239
234,110,245,127,2,215,125,221,183
234,110,245,127,3,110,245,246,187
234,110,245,127,4,245,126,171,119
234,110,245,127,5,253,254,223,239
234,110,245,127,6,215,245,127,239
234,001,111,95,0,107,235,123,111
234,001,111,95,1,238,251,87,183
234,001,111,95,2,189,222,247,223
234,001,111,95,3,218,250,255,239
234,001,111,95,4,126,245,85,94
234,001,111,95,5,239,218,170,170
234,001,111,95,6,170,170,170,170
234,101,170,175,0,255,255,250,175
234,101,170,175,1,255,255,255,255
234,101,170,175,2,255,255,255,255
234,101,170,175,3,239,253,255,191
234,101,170,175,4,223,251,255,122
234,101,170,175,5,175,247,254,254
234,101,170,175,6,182,251,239,118
234,011,253,181,0,237,117,238,237
234,011,253,181,1,234,215,223,213
234,011,253,181,2,223,127,191,171
234,011,253,181,3,190,255,251,239
234,011,253,181,4,223,239,255,126
234,011,253,181,5,239,247,255,251
234,011,253,181,6,189,255,175,127
234,111,191,255,0,94,235,223,183
234,111,191,255,1,247,251,247,223
234,111,191,255,2,191,95,91,183
234,111,191,255,3,253,95,107,235
234,111,191,255,4,235,255,123,247
234,111,191,255,5,111,239,175,123
234,111,191,255,6,247,223,94,239
235,000,175,190,0,255,123,239,125
235,000,175,190,1,238,239,127,215
235,000,175,190,2,219,123,239,127
235,000,175,190,3,191,222,251,223
235,000,175,190,4,119,237,239,119
235,000,175,190,5,183,219,222,251
235,000,175,190,6,222,251,246,251
235,100,125,223,0,238,253,251,223
235,100,125,223,1,123,238,255,190
235,100,125,223,2,239,247,127,107
235,100,125,223,3,239,173,171,189
235,100,125,223,4,119,174,182,245
235,100,125,223,5,245,247,215,181
235,100,125,223,6,253,125,190,219
235,010,117,187,0,111,247,123,190
235,010,117,187,1,183,238,247,126
235,010,117,187,2,239,119,251,191
235,010,117,187,3,118,191,91,173
235,010,117,187,4,245,187,109,181
235,010,117,187,5,245,219,95,173
235,010,117,187,6,219,181,119,247
235,110,86,254,0,223,219,86,219
235,110,86,254,1,245,119,247,109
235,110,86,254,2,246,253,255,251
235,110,86,254,3,127,111,239,251
235,110,86,254,4,182,246,223,238
235,110,86,254,5,183,118,235,119
235,110,86,254,6,253,255,122,253
235,001,251,235,0,255,111,237,237
235,001,251,235,1,253,125,126,253
235,001,251,235,2,218,235,95,191
235,001,251,235,3,94,251,247,251
235,001,251,235,4,90,170,171,91
235,001,251,235,5,245,85,85,85
235,001,251,235,6,85,85,85,85
235,101,95,255,0,255,245,95,255
235,101,95,255,1,255,255,255,255
235,101,95,255,2,255,255,251,255
235,101,95,255,3,187,239,247,255
235,101,95,255,4,119,223,245,93
235,101,95,255,5,255,191,245,187
235,101,95,255,6,122,239,127,117
235,011,107,181,0,183,214,234,213
235,011,107,181,1,109,254,237,255
235,011,107,181,2,246,239,127,125
235,011,107,181,3,246,255,119,223
235,011,107,181,4,239,255,127,255
235,011,107,181,5,223,255,127,223
235,011,107,181,6,251,189,127,223
235,111,245,247,0,255,253,239,85
235,111,245,247,1,94,189,86,235
235,111,245,247,2,171,183,175,255
235,111,245,247,3,94,183,109,111
235,111,245,247,4,255,181,190,255
235,111,245,247,5,181,246,190,189
235,111,245,247,6,85,127,239,94
236,000,170,250,0,253,175,213,246
236,000,170,250,1,235,117,219,255
236,000,170,250,2,173,250,253,183
236,000,170,250,3,239,245,187,255
236,000,170,250,4,175,127,237,111
236,000,170,250,5,213,234,251,187
236,000,170,250,6,111,234,247,122
236,100,253,182,0,235,117,187,255
236,100,253,182,1,215,251,238,215
236,100,253,182,2,239,255,118,255
236,100,253,182,3,223,122,215,175
236,100,253,182,4,213,186,247,95
236,100,253,182,5,127,239,223,125
236,100,253,182,6,127,110,255,215
236,010,187,255,0,170,253,122,239
236,010,187,255,1,213,250,251,93
236,010,187,255,2,219,245,125,235
236,010,187,255,3,239,237,247,94
236,010,187,255,4,239,191,223,118
236,010,187,255,5,190,238,255,250
236,010,187,255,6,235,183,253,245
236,110,127,127,0,171,95,189,254
236,110,127,127,1,221,255,118,245
236,110,127,127,2,111,182,255,222
236,110,127,127,3,239,191,215,247
236,110,127,127,4,183,191,213,251
236,110,127,127,5,118,191,171,245
236,110,127,127,6,127,87,111,191
236,001,125,251,0,219,255,187,118
236,001,125,251,1,222,246,255,247
236,001,125,251,2,125,175,221,245
236,001,125,251,3,126,223,171,85
236,001,125,251,4,85,94,221,245
236,001,125,251,5,85,85,85,85
236,001,125,251,6,85,85,85,95
236,101,255,255,0,245,95,255,255
236,101,255,255,1,255,255,255,255
236,101,255,255,2,255,253,191,187
236,101,255,255,3,247,123,191,239
236,101,255,255,4,238,245,94,239
236,101,255,255,5,251,245,187,122
236,101,255,255,6,239,127,125,183
236,011,235,118,0,182,246,234,215
236,011,235,118,1,223,173,223,127
236,011,235,118,2,191,127,107,191
236,011,235,118,3,251,239,223,239
236,011,235,118,4,127,253,238,255
236,011,235,118,5,254,255,255,90
236,011,235,118,6,170,175,255,245
236,111,85,85,0,85,85,85,85
236,111,85,85,1,85,95,255,255
236,111,85,85,2,245,95,255,255
236,111,85,85,3,255,255,255,255
236,111,85,85,4,255,247,223,173
236,111,85,85,5,223,127,191,127
236,111,85,85,6,107,191,251,239
237,000,255,254,0,255,255,90,170
237,000,255,254,1,175,255,245,85
237,000,255,254,2,85,85,85,85
237,000,255,254,3,85,85,95,255
237,000,255,254,4,255,245,95,255
237,000,255,254,5,255,255,255,255
237,000,255,254,6,255,255,247,223
237,100,173,223,0,127,191,127,107
237,100,173,223,1,191,251,239,223
237,100,173,223,2,239,127,253,238
237,100,173,223,3,255,254,255,255
237,100,173,223,4,90,170,175,255
237,100,173,223,5,245,85,85,85
237,100,173,223,6,85,85,85,85
237,010,95,255,0,255,245,95,255
237,010,95,255,1,255,255,255,255
237,010,95,255,2,255,255,247,223
237,010,95,255,3,173,223,126,222
237,010,95,255,4,247,107,191,251
237,010,95,255,5,239,215,223,127
237,010,95,255,6,253,238,251,250
237,110,245,117,0,181,85,93,251
237,110,245,117,1,245,85,85,85
237,110,245,117,2,85,85,85,85
237,110,245,117,3,95,255,255,245
237,110,245,117,4,95,255,255,255
237,110,245,117,5,255,255,255,255
237,110,245,117,6,247,223,173,223
237,001,126,189,0,221,214,253,253
237,001,126,189,1,251,254,253,255
237,001,126,189,2,127,119,245,251
237,001,126,189,3,119,181,181,85
237,001,126,189,4,85,91,117,85
237,001,126,189,5,85,85,85,85
237,001,126,189,6,85,85,95,255
237,101,255,245,0,95,255,255,255
237,101,255,245,1,255,255,255,255
237,101,255,245,2,251,255,251,239
237,101,255,245,3,250,223,219,246
237,101,255,245,4,250,175,251,254
237,101,255,245,5,254,235,237,237
237,101,255,245,6,239,123,117,110
237,011,187,237,0,123,117,109,254
237,011,187,237,1,182,247,251,253
237,011,187,237,2,191,214,253,250
237,011,187,237,3,191,111,247,127
237,011,187,237,4,253,183,251,254
237,011,187,237,5,255,111,111,255
237,011,187,237,6,219,222,237,255
237,111,239,255,0,255,91,239,221
237,111,239,255,1,246,247,239,245
237,111,239,255,2,127,86,254,255
237,111,239,255,3,85,247,251,251
237,111,239,255,4,94,255,255,255
237,111,239,255,5,223,221,251,255
237,111,239,255,6,187,189,127,91
238,000,251,95,0,245,222,238,250
238,000,251,95,1,247,235,119,187
238,000,251,95,2,189,223,117,247
238,000,251,95,3,174,253,235,223
238,000,251,95,4,126,215,173,223
238,000,251,95,5,247,218,187,253
238,000,251,95,6,250,251,189,222
238,100,238,247,0,174,245,221,235
238,100,238,247,1,190,222,219,218
238,100,238,247,2,250,239,93,237
238,100,238,247,3,254,183,245,237
238,100,238,247,4,173,181,247,213
238,100,238,247,5,181,107,86,215
238,100,238,247,6,111,219,91,109
238,010,251,191,0,125,127,107,255
238,010,251,191,1,223,255,123,175
238,010,251,191,2,127,246,182,214
238,010,251,191,3,218,219,91,107
238,010,251,191,4,91,111,219,126
238,010,251,191,5,222,255,223,255
238,010,251,191,6,126,251,127,239
238,110,190,254,0,238,245,118,175
238,110,190,254,1,119,187,189,223
238,110,190,254,2,118,254,255,126
238,110,190,254,3,250,253,190,223
238,110,190,254,4,122,219,122,245
238,110,190,254,5,175,219,190,222
238,110,190,254,6,247,119,187,222
238,001,255,126,0,221,239,93,223
238,001,255,126,1,118,255,255,239
238,001,255,126,2,237,222,254,239
238,001,255,126,3,234,250,170,170
238,001,255,126,4,235,245,85,85
238,001,255,126,5,85,85,85,85
238,001,255,126,6,85,95,255,255
238,101,245,95,0,255,255,255,255
238,101,245,95,1,255,255,255,251
238,101,245,95,2,255,127,239,247
238,101,245,95,3,254,255,223,245
238,101,245,95,4,93,255,191,253
238,101,245,95,5,107,237,119,234
238,101,245,95,6,221,110,246,247
238,011,238,238,0,245,109,253,170
238,011,238,238,1,223,189,250,187
238,011,238,238,2,255,126,251,94
238,011,238,238,3,175,219,118,189
238,011,238,238,4,238,239,221,251
238,011,238,238,5,223,175,247,255
238,011,238,238,6,127,255,119,255
238,111,127,191,0,125,239,251,190
238,111,127,191,1,215,181,126,251
238,111,127,191,2,111,187,253,127
238,111,127,191,3,191,255,219,126
238,111,127,191,4,254,251,247,251
238,111,127,191,5,253,247,247,253
238,111,127,191,6,255,127,239,247
239,000,247,247,0,251,247,251,127
239,000,247,247,1,109,239,247,223
239,000,247,247,2,191,175,219,110
239,000,247,247,3,191,239,255,246
239,000,247,247,4,223,107,251,255
239,000,247,247,5,245,219,110,251
239,000,247,247,6,93,254,251,247
239,100,246,189,0,173,239,253,255
239,100,246,189,1,95,235,251,255
239,100,246,189,2,255,239,251,250
239,100,246,189,3,191,87,251,247
239,100,246,189,4,250,187,173,239
239,100,246,189,5,247,223,191,125
239,100,246,189,6,247,219,223,255
239,010,253,251,0,239,222,255,255
239,010,253,251,1,122,235,93,127
239,010,253,251,2,237,254,251,247
239,010,253,251,3,245,219,109,239
239,010,253,251,4,253,253,111,173
239,010,253,251,5,251,255,255,239
239,010,253,251,6,251,125,119,174
239,110,255,223,0,123,91,107,190
239,110,255,223,1,253,254,247,247
239,110,255,223,2,222,219,223,255
239,110,255,223,3,253,255,191,221
239,110,255,223,4,251,255,255,191
239,110,255,223,5,247,254,237,254
239,110,255,223,6,251,247,245,93
239,001,85,239,0,253,250,190,174
239,001,85,239,1,251,255,255,239
239,001,85,239,2,255,234,238,175
239,001,85,239,3,245,85,85,191
239,001,85,239,4,106,170,170,170
239,001,85,239,5,170,170,170,170
239,001,85,239,6,175,255,255,250
239,101,175,255,0,255,255,255,255
239,101,175,255,1,255,255,255,239
239,101,175,255,2,247,239,253,126
239,101,175,255,3,255,251,186,175
239,101,175,255,4,251,254,254,237
239,101,175,255,5,251,234,245,239
239,101,175,255,6,239,123,234,213
239,011,106,213,0,111,126,221,239
239,011,106,213,1,247,186,191,119
239,011,106,213,2,189,255,190,215
239,011,106,213,3,253,235,127,119
239,011,106,213,4,175,237,191,223
239,011,106,213,5,183,221,251,111
239,011,106,213,6,254,222,235,110
239,111,247,246,0,238,251,127,218
239,111,247,246,1,251,239,183,247
239,111,247,246,2,109,234,219,251
239,111,247,246,3,247,254,253,221
239,111,247,246,4,191,93,247,245
239,111,247,246,5,223,238,253,237
239,111,247,246,6,239,221,219,247
240,000,251,235,0,182,219,235,189
240,000,251,235,1,183,237,191,95
240,000,251,235,2,219,245,187,111
240,000,251,235,3,187,126,219,127
240,000,251,235,4,181,253,253,247
240,000,251,235,5,222,173,251,173
240,000,251,235,6,191,91,182,219
240,100,110,183,0,109,247,110,223
240,100,110,183,1,219,253,253,251
240,100,110,183,2,246,245,251,239
240,100,110,183,3,174,253,189,223
240,100,110,183,4,214,187,222,255
240,100,110,183,5,125,239,119,215
240,100,110,183,6,219,223,190,247
240,010,215,111,0,254,254,253,251
240,010,215,111,1,191,189,215,175
240,010,215,111,2,125,238,239,183
240,010,215,111,3,219,221,251,247
240,010,215,111,4,215,191,221,254
240,010,215,111,5,253,251,253,126
240,010,215,111,6,251,239,235,237
240,110,189,190,0,254,187,223,127
240,110,189,190,1,125,238,190,246
240,110,189,190,2,219,223,189,127
240,110,189,190,3,85,191,247,239
240,110,189,190,4,223,239,119,223
240,110,189,190,5,106,219,239,122
240,110,189,190,6,239,94,219,219
240,001,223,127,0,93,247,247,223
240,001,223,127,1,223,239,189,125
240,001,223,127,2,127,215,253,234
240,001,223,127,3,170,175,239,218
240,001,223,127,4,170,170,170,170
240,001,223,127,5,170,170,170,175
240,001,223,127,6,255,255,250,175
240,101,255,255,0,255,255,255,255
240,101,255,255,1,255,255,239,255
240,101,255,255,2,239,255,223,219
240,101,255,255,3,255,245,95,247
240,101,255,255,4,246,254,235,237
240,101,255,255,5,237,239,126,234
240,101,255,255,6,221,110,246,238
240,011,234,213,0,191,111,237,251
240,011,234,213,1,253,247,219,191
240,011,234,213,2,222,255,125,253
240,011,234,213,3,255,191,126,247
240,011,234,213,4,255,255,223,255
240,011,234,213,5,251,255,255,255
240,011,234,213,6,127,239,253,255
240,111,255,223,0,251,247,234,253
240,111,255,223,1,95,255,213,250
240,111,255,223,2,191,85,127,183
240,111,255,223,3,253,94,255,223
240,111,255,223,4,251,255,251,255
240,111,255,223,5,127,237,95,255
240,111,255,223,6,255,245,126,175
241,000,245,85,0,95,255,251,170
241,000,245,85,1,170,170,175,127
241,000,245,85,2,222,222,239,189
241,000,245,85,3,237,123,191,125
241,000,245,85,4,219,253,125,223
241,000,245,85,5,235,247,127,253
241,000,245,85,6,237,238,253,190
241,100,239,91,0,255,221,191,191
241,100,239,91,1,237,237,189,183
241,100,239,91,2,190,245,187,111
241,100,239,91,3,182,245,117,247
241,100,239,91,4,237,237,235,126
241,100,239,91,5,191,215,219,111
241,100,239,91,6,95,255,93,186
241,010,215,255,0,221,251,119,238
241,010,215,255,1,253,254,245,85
241,010,215,255,2,85,85,94,221
241,010,215,255,3,87,85,94,253
241,010,215,255,4,222,183,219,250
241,010,215,255,5,191,190,253,239
241,010,215,255,6,173,87,106,170
241,110,175,175,0,181,170,170,170
241,110,175,175,1,174,183,213,86
241,110,175,175,2,238,221,174,221
241,110,175,175,3,109,221,245,238
241,110,175,175,4,253,190,190,237
241,110,175,175,5,221,238,239,175
241,110,175,175,6,91,247,219,238
241,001,253,254,0,238,222,255,191
241,001,253,254,1,111,251,246,253
241,001,253,254,2,127,85,245,85
241,001,253,254,3,93,87,106,170
241,001,253,254,4,170,170,170,170
241,001,253,254,5,170,170,175,255
241,001,253,254,6,255,250,175,255
241,101,255,255,0,255,255,255,255
241,101,255,255,1,255,255,254,255
241,101,255,255,2,247,254,255,255
241,101,255,255,3,186,175,247,254
241,101,255,255,4,254,239,238,235
241,101,255,255,5,235,234,221,110
241,101,255,255,6,246,238,234,213
241,011,110,247,0,213,187,223,190
241,011,110,247,1,239,170,191,251
241,011,110,247,2,223,187,235,191
241,011,110,247,3,254,221,255,254
241,011,110,247,4,255,255,213,110
241,011,110,247,5,253,239,253,170
241,011,110,247,6,174,246,170,239
241,111,106,171,0,191,255,255,245
241,111,106,171,1,95,255,255,255
241,111,106,171,2,255,255,255,255
241,111,106,171,3,251,190,251,238
241,111,106,171,4,254,251,189,251
241,111,106,171,5,239,254,190,239
241,111,106,171,6,127,127,255,255
242,000,187,219,0,127,253,170,174
242,000,187,219,1,246,170,239,106
242,000,187,219,2,171,191,255,255
242,000,187,219,3,245,95,255,255
242,000,187,219,4,255,255,255,255
242,000,187,219,5,255,251,189,245
242,000,187,219,6,238,255,94,239
242,100,127,127,0,253,190,239,109
242,100,127,127,1,127,255,251,255
242,100,127,127,2,247,239,255,181
242,100,127,127,3,110,246,255,253
242,100,127,127,4,170,174,246,170
242,100,127,127,5,239,106,171,191
242,100,127,127,6,255,255,245,95
242,010,255,255,0,255,255,255,255
242,010,255,255,1,255,251,189,117
242,010,255,255,2,238,247,94,239
242,010,255,255,3,221,239,251,94
242,010,255,255,4,239,109,255,253
242,010,255,255,5,254,255,251,255
242,010,255,255,6,255,181,110,245
242,110,191,255,0,85,91,189,85
242,110,191,255,1,187,213,86,239
242,110,191,255,2,255,255,250,175
242,110,191,255,3,255,255,255,255
242,110,191,255,4,255,255,255,254
242,110,191,255,5,246,255,187,223
242,110,191,255,6,238,239,123,127
242,001,250,247,0,187,221,255,253
242,001,250,247,1,86,255,254,191
242,001,250,247,2,255,122,170,175
242,001,250,247,3,95,250,170,170
242,001,250,247,4,170,170,170,170
242,001,250,247,5,170,175,255,255
242,001,250,247,6,250,175,255,255
242,101,255,255,0,255,255,255,255
242,101,255,255,1,239,253,255,191
242,101,255,255,2,223,251,255,125
242,101,255,255,3,95,239,191,250
242,101,255,255,4,238,250,237,235
242,101,255,255,5,238,235,239,107
242,101,255,255,6,213,106,213,109
242,011,254,251,0,221,191,191,127
242,011,254,251,1,109,247,190,255
242,011,254,251,2,125,254,255,127
242,011,254,251,3,255,191,254,255
242,011,254,251,4,255,117,221,255
242,011,254,251,5,191,251,187,239
242,011,254,251,6,254,254,255,223
242,111,253,239,0,221,214,223,127
242,111,253,239,1,238,218,254,175
242,111,253,239,2,171,245,126,175
242,111,253,239,3,254,239,235,239
242,111,253,239,4,253,223,215,214
242,111,253,239,5,191,127,239,246
242,111,253,239,6,254,174,238,234
243,000,255,87,0,237,247,239,255
243,000,255,87,1,175,239,253,255
243,000,255,87,2,173,93,171,119
243,000,255,87,3,250,187,86,254
243,000,255,87,4,175,171,245,126
243,000,255,87,5,175,254,214,250
243,000,255,87,6,191,253,173,245
243,100,123,183,0,254,255,222,191
243,100,123,183,1,87,223,85,126
243,100,123,183,2,175,190,181,187
243,100,123,183,3,223,171,245,221
243,100,123,183,4,239,253,111,239
243,100,123,183,5,253,253,174,183
243,100,123,183,6,250,255,126,183
243,010,251,254,0,175,171,245,126
243,010,251,254,1,175,253,109,183
243,010,251,254,2,125,253,173,219
243,010,251,254,3,118,191,127,239
243,010,251,254,4,246,254,173,223
243,010,251,254,5,186,253,91,191
243,010,251,254,6,119,218,255,87
243,110,239,181,0,239,253,175,239
243,110,239,181,1,253,254,173,239
243,110,239,181,2,219,119,251,223
243,110,239,181,3,182,254,175,171
243,110,239,181,4,245,126,175,253
243,110,239,181,5,189,218,253,253
243,110,239,181,6,223,91,125,183
243,001,254,255,0,221,191,87,255
243,001,254,255,1,170,253,95,247
243,001,254,255,2,181,85,95,87
243,001,254,255,3,234,170,170,170
243,001,254,255,4,170,170,170,170
243,001,254,255,5,175,255,255,250
243,001,254,255,6,175,255,255,255
243,101,255,255,0,255,255,255,111
243,101,255,255,1,219,255,222,223
243,101,255,255,2,183,255,186,175
243,101,255,255,3,183,246,255,110
243,101,255,255,4,235,235,239,235
243,101,255,255,5,237,239,239,119
243,101,255,255,6,214,234,213,222
243,011,170,171,0,253,251,223,245
243,011,170,171,1,125,251,119,223
243,011,170,171,2,255,255,127,215
243,011,170,171,3,251,246,255,223
243,011,170,171,4,237,250,247,95
243,011,170,171,5,95,175,251,255
243,011,170,171,6,175,255,245,126
243,111,175,219,0,246,239,251,119
243,111,175,219,1,254,191,239,119
243,111,175,219,2,238,237,219,255
243,111,175,219,3,87,186,245,126
243,111,175,219,4,175,175,254,255
243,111,175,219,5,127,255,254,191
243,111,175,219,6,239,187,238,251
244,000,222,247,0,191,251,253,191
244,000,222,247,1,255,215,186,247
244,000,222,247,2,251,123,239,254
244,000,222,247,3,183,110,235,91
244,000,222,247,4,239,183,234,238
244,000,222,247,5,254,187,183,126
244,000,222,247,6,239,247,255,255
244,100,95,255,0,239,255,127,111
244,100,95,255,1,126,254,235,109
244,100,95,255,2,109,253,187,223
244,100,95,255,3,119,234,221,247
244,100,95,255,4,190,191,187,234
244,100,95,255,5,170,173,86,213
244,100,95,255,6,219,221,239,222
244,010,235,107,0,247,182,239,123
244,010,235,107,1,190,170,255,238
244,010,235,107,2,239,221,253,254
244,010,235,107,3,250,255,95,253
244,010,235,107,4,238,221,190,246
244,010,235,107,5,247,189,237,213
244,010,235,107,6,107,91,94,181
244,110,218,251,0,94,170,170,170
244,110,218,251,1,170,173,235,171
244,110,218,251,2,181,91,215,251
244,110,218,251,3,255,186,239,189
244,110,218,251,4,239,110,189,122
244,110,218,251,5,245,183,94,235
244,110,218,251,6,218,250,181,85
244,001,85,123,0,255,186,214,253
244,001,85,123,1,238,218,237,250
244,001,85,123,2,170,173,191,106
244,001,85,123,3,170,170,170,170
244,001,85,123,4,170,170,170,175
244,001,85,123,5,255,255,250,175
244,001,85,123,6,255,255,255,255
244,101,255,255,0,255,255,239,253
244,101,255,255,1,255,191,223,251
244,101,255,255,2,255,122,175,247
244,101,255,255,3,254,254,187,119
244,101,255,255,4,119,127,117,106
244,101,255,255,5,213,106,213,106
244,101,255,255,6,213,109,253,191
244,011,94,246,0,250,223,190,251
244,011,94,246,1,187,239,223,219
244,011,94,246,2,255,253,93,175
244,011,94,246,3,223,187,247,251
244,011,94,246,4,235,255,191,255
244,011,94,246,5,123,245,223,95
244,011,94,246,6,247,235,190,191
244,111,186,255,0,251,191,254,255
244,111,186,255,1,127,245,219,237
244,111,186,255,2,127,85,223,95
244,111,186,255,3,215,123,190,191
244,111,186,255,4,174,255,254,223
244,111,186,255,5,247,239,255,251
244,111,186,255,6,255,250,255,247
245,000,251,189,0,235,238,254,245
245,000,251,189,1,239,122,251,239
245,000,251,189,2,125,239,87,222
245,000,251,189,3,251,254,223,215
245,000,251,189,4,247,190,247,189
245,000,251,189,5,125,222,247,221
245,000,251,189,6,239,95,119,119
245,100,175,235,0,214,254,223,187
245,100,175,235,1,247,190,247,222
245,100,175,235,2,255,239,255,189
245,100,175,235,3,255,213,125,95
245,100,175,235,4,126,253,247,254
245,100,175,235,5,255,175,125,183
245,100,175,235,6,239,174,254,222
245,010,223,119,0,235,189,221,95
245,010,223,119,1,127,239,247,254
245,010,223,119,2,255,213,125,183
245,010,223,119,3,238,253,246,222
245,010,223,119,4,219,237,246,253
245,010,223,119,5,119,219,235,182
245,010,223,119,6,223,183,237,237
245,110,189,183,0,94,234,245,187
245,110,189,183,1,107,213,254,239
245,110,189,183,2,87,253,247,222
245,110,189,183,3,254,247,246,250
245,110,189,183,4,183,93,182,235
245,110,189,183,5,117,187,109,237
245,110,189,183,6,191,215,87,117
245,001,221,222,0,247,247,123,191
245,001,221,222,1,239,238,245,85
245,001,221,222,2,95,183,245,85
245,001,221,222,3,85,85,85,85
245,001,221,222,4,85,85,95,255
245,001,221,222,5,255,245,95,255
245,001,221,222,6,255,255,255,255
245,101,255,255,0,251,255,127,239
245,101,255,255,1,247,254,255,223
245,101,255,255,2,245,93,255,191
245,101,255,255,3,253,187,123,234
245,101,255,255,4,221,186,251,238
245,101,255,255,5,237,125,234,213
245,101,255,255,6,110,247,191,187
245,011,223,190,0,239,190,255,251
245,011,223,190,1,239,187,239,255
245,011,223,190,2,255,239,255,255
245,011,223,190,3,255,255,245,110
245,011,223,190,4,255,191,255,85
245,011,223,190,5,91,189,85,187
245,011,223,190,6,213,86,239,255
245,111,255,250,0,175,255,255,255
245,111,255,250,1,255,255,255,255
245,111,255,250,2,254,247,191,187
245,111,255,250,3,223,190,239,190
245,111,255,250,4,255,251,239,187
245,111,255,250,5,239,255,255,239
245,111,255,250,6,255,255,255,255
246,000,85,91,0,189,85,187,213
246,000,85,91,1,86,239,255,255
246,000,85,91,2,250,175,255,255
246,000,85,91,3,255,255,255,255
246,000,85,91,4,255,254,246,187
246,000,85,91,5,187,221,94,239
246,000,85,91,6,190,255,251,239
246,100,187,219,0,255,254,214,255
246,100,187,219,1,246,239,255,250
246,100,187,219,2,187,223,255,253
246,100,187,219,3,170,174,246,170
246,100,187,219,4,239,106,171,191
246,100,187,219,5,255,255,245,95
246,100,187,219,6,255,255,255,255
246,010,255,255,0,255,251,190,246
246,010,255,255,1,238,251,123,189
246,010,255,255,2,239,239,254,254
246,010,255,255,3,239,123,255,254
246,010,255,255,4,221,255,219,191
246,010,255,255,5,255,245,110,255
246,010,255,255,6,191,255,85,91
246,110,189,85,0,187,213,86,239
246,110,189,85,1,255,255,250,175
246,110,189,85,2,255,255,255,255
246,110,189,85,3,255,255,255,254
246,110,189,85,4,247,109,187,221
246,110,189,85,5,187,189,239,239
246,110,189,85,6,254,254,239,123
246,001,255,255,0,255,127,239,111
246,001,255,255,1,255,250,170,175
246,001,255,255,2,255,245,85,85
246,001,255,255,3,85,85,85,85
246,001,255,255,4,85,95,255,255
246,001,255,255,5,245,95,255,255
246,001,255,255,6,255,255,255,255
246,101,255,251,0,255,127,239,247
246,101,255,251,1,254,255,223,250
246,101,255,251,2,175,247,254,250
246,101,255,251,3,235,238,253,125
246,101,255,251,4,239,107,213,106
246,101,255,251,5,213,106,213,110
246,101,255,251,6,254,253,191,127
246,011,221,247,0,219,190,247,111
246,011,221,247,1,191,214,251,190
246,011,221,247,2,219,238,246,223
246,011,221,247,3,215,126,253,247
246,011,221,247,4,111,223,218,254
246,011,221,247,5,191,127,107,251
246,011,221,247,6,239,223,221,251
246,111,187,90,0,219,251,255,127
246,111,187,90,1,183,246,235,174
246,111,187,90,2,191,126,253,247
246,111,187,90,3,239,223,218,254
246,111,187,90,4,239,95,181,255
246,111,187,90,5,223,251,247,127
246,111,187,90,6,191,183,246,254
247,000,238,175,0,119,213,222,238
247,000,238,175,1,251,238,246,238
247,000,238,175,2,175,107,253,223
247,000,238,175,3,239,247,251,190
247,000,238,175,4,189,93,238,239
247,000,238,175,5,183,219,221,234
247,000,238,175,6,237,222,175,213
247,100,223,127,0,187,238,253,126
247,100,223,127,1,239,110,255,251
247,100,223,127,2,251,118,191,111
247,100,223,127,3,237,253,254,223
247,100,223,127,4,223,251,251,234
247,100,223,127,5,253,93,191,213
247,100,223,127,6,255,223,255,127
247,010,239,253,0,91,127,223,251
247,010,239,253,1,255,251,255,111
247,010,239,253,2,237,93,191,183
247,010,239,253,3,247,254,255,213
247,010,239,253,4,255,190,175,213
247,010,239,253,5,255,247,239,253
247,010,239,253,6,254,251,191,119
247,110,238,223,0,126,255,123,250
247,110,238,223,1,247,171,239,173
247,110,238,223,2,237,223,111,187
247,110,238,223,3,219,190,190,239
247,110,238,223,4,191,125,247,246
247,110,238,223,5,254,251,191,87
247,110,238,223,6,111,91,123,125
247,001,187,250,0,245,245,222,187
247,001,187,250,1,234,170,175,190
247,001,187,250,2,234,170,170,170
247,001,187,250,3,170,170,170,170
247,001,187,250,4,175,255,255,250
247,001,187,250,5,175,255,255,255
247,001,187,250,6,255,255,255,255
247,101,255,239,0,253,255,191,223
247,101,255,239,1,251,255,122,175
247,101,255,239,2,247,254,250,237
247,101,255,239,3,238,239,117,109
247,101,255,239,4,182,245,106,213
247,101,255,239,5,106,213,110,255
247,101,255,239,6,215,126,253,117
247,011,119,219,0,253,189,191,125
247,011,119,219,1,245,251,189,86
247,011,119,219,2,247,234,191,223
247,011,119,219,3,189,253,247,95
247,011,119,219,4,251,255,251,94
247,011,119,219,5,255,223,255,187
247,011,119,219,6,255,191,126,238
247,111,254,183,0,174,255,125,183
247,111,254,183,1,182,245,187,94
247,111,254,183,2,253,253,255,187
247,111,254,183,3,247,247,254,239
247,111,254,183,4,255,239,238,255
247,111,254,183,5,127,191,125,251
247,111,254,183,6,247,239,171,222
248,000,175,238,0,187,253,127,175
248,000,175,238,1,221,246,234,247
248,000,175,238,2,254,255,255,186
248,000,175,238,3,219,173,255,126
248,000,175,238,4,175,238,239,189
248,000,175,238,5,127,175,221,237
248,000,175,238,6,221,223,187,255
248,100,223,239,0,221,255,190,247
248,100,223,239,1,222,254,251,255
248,100,223,239,2,255,251,85,123
248,100,223,239,3,127,238,170,254
248,100,223,239,4,239,223,213,250
248,100,223,239,5,181,87,174,253
248,100,223,239,6,223,254,215,218
248,010,250,189,0,255,221,191,253
248,010,250,189,1,223,187,85,122
248,010,250,189,2,181,87,85,253
248,010,250,189,3,223,251,235,125
248,010,250,189,4,253,95,171,239
248,010,250,189,5,253,254,239,223
248,010,250,189,6,181,191,119,255
248,110,107,123,0,247,123,219,255
248,110,107,123,1,91,87,238,187
248,110,107,123,2,125,181,235,118
248,110,107,123,3,253,191,119,255
248,110,107,123,4,253,246,173,173
248,110,107,123,5,181,191,85,182
248,110,107,123,6,182,215,191,109
248,001,247,247,0,221,190,187,117
248,001,247,247,1,85,87,123,117
248,001,247,247,2,85,85,85,85
248,001,247,247,3,85,85,85,95
248,001,247,247,4,255,255,245,95
248,001,247,247,5,255,255,255,255
248,001,247,247,6,255,255,255,251
248,101,255,127,0,239,247,254,255
248,101,255,127,1,223,245,93,255
248,101,255,127,2,191,251,107,234
248,101,255,127,3,213,187,125,125
248,101,255,127,4,234,219,107,234
248,101,255,127,5,213,110,253,250
248,101,255,127,6,246,221,189,111
248,011,174,255,0,118,223,235,255
248,011,174,255,1,254,254,219,239
248,011,174,255,2,254,255,239,250
248,011,174,255,3,170,175,255,245
248,011,174,255,4,85,85,85,85
248,011,174,255,5,85,85,85,95
248,011,174,255,6,255,255,245,95
248,111,255,255,0,255,255,255,255
248,111,255,255,1,255,253,190,253
248,111,255,255,2,186,221,191,95
248,111,255,255,3,87,237,222,254
248,111,255,255,4,247,251,251,191
248,111,255,255,5,109,239,254,253
248,111,255,255,6,111,250,170,175
249,000,85,85,0,85,85,95,255
249,000,85,85,1,255,245,95,255
249,000,85,85,2,255,255,255,255
249,000,85,85,3,255,255,253,126
249,000,85,85,4,234,223,90,251
249,000,85,85,5,223,87,238,222
249,000,85,85,6,254,247,219,251
249,100,126,239,0,175,214,255,215
249,100,126,239,1,250,170,175,255
249,100,126,239,2,245,85,85,85
249,100,126,239,3,85,85,85,85
249,100,126,239,4,95,255,255,245
249,100,126,239,5,95,255,255,255
249,100,126,239,6,255,255,255,255
249,010,247,223,0,175,125,245,238
249,010,247,223,1,247,87,246,187
249,010,247,223,2,239,235,251,255
249,010,247,223,3,253,187,247,235
249,010,247,223,4,127,219,250,170
249,010,247,223,5,175,255,245,85
249,010,247,223,6,85,85,85,85
249,110,85,85,0,95,255,255,245
249,110,85,85,1,95,255,255,255
249,110,85,85,2,255,255,255,255
249,110,85,85,3,247,223,175,93
249,110,85,85,4,235,127,125,174
249,110,85,85,5,251,238,255,125
249,110,85,85,6,251,255,253,187
249,001,247,235,0,127,215,245,85
249,001,247,235,1,95,191,250,170
249,001,247,235,2,170,170,170,170
249,001,247,235,3,170,170,175,255
249,001,247,235,4,255,250,175,255
249,001,247,235,5,255,255,255,255
249,001,247,235,6,255,255,255,239
249,101,254,255,0,223,111,237,235
249,101,254,255,1,250,174,191,191
249,101,254,255,2,251,107,239,110
249,101,254,255,3,251,118,245,110
249,101,254,255,4,187,237,123,117
249,101,254,255,5,111,125,221,237
249,101,254,255,6,253,253,251,251
249,011,250,245,0,126,175,235,123
249,011,250,245,1,110,215,175,235
249,011,250,245,2,110,183,186,251
249,011,250,245,3,95,255,245,109
249,011,250,245,4,183,111,170,170
249,011,250,245,5,187,173,86,186
249,011,250,245,6,215,90,171,109
249,111,174,181,0,214,215,122,253
249,111,174,181,1,182,214,170,171
249,111,174,181,2,91,173,85,85
249,111,174,181,3,93,218,170,170
249,111,174,181,4,190,246,222,219
249,111,174,181,5,173,253,91,109
249,111,174,181,6,219,223,122,239
250,000,85,125,0,191,189,91,189
250,000,85,125,1,218,173,91,186
250,000,85,125,2,238,174,223,239
250,000,85,125,3,213,181,85,183
250,000,85,125,4,182,245,85,85
250,000,85,125,5,85,91,183,94
250,000,85,125,6,235,219,239,189
250,100,118,221,0,254,223,119,213
250,100,118,221,1,95,223,255,253
250,100,118,221,2,190,239,110,175
250,100,118,221,3,85,123,239,191
250,100,118,221,4,171,239,191,189
250,100,118,221,5,183,87,106,238
250,100,118,221,6,175,255,183,111
250,010,111,173,0,245,191,239,253
250,010,111,173,1,251,126,191,190
250,010,111,173,2,170,186,250,175
250,010,111,173,3,245,255,237,189
250,010,111,173,4,183,213,85,87
250,010,111,173,5,187,250,255,127
250,010,111,173,6,125,94,255,213
250,110,85,93,0,235,246,247,251
250,110,85,93,1,191,111,255,223
250,110,85,93,2,86,239,221,251
250,110,85,93,3,125,85,85,93
250,110,85,93,4,187,235,239,125
250,110,85,93,5,247,255,239,247
250,110,85,93,6,182,247,187,251
250,001,235,125,0,111,106,170,175
250,001,235,125,1,171,234,170,170
250,001,235,125,2,170,170,170,170
250,001,235,125,3,170,175,255,255
250,001,235,125,4,250,175,255,255
250,001,235,125,5,255,255,255,255
250,001,235,125,6,255,255,95,127
250,101,247,247,0,254,255,245,122
250,101,247,247,1,175,247,254,254
250,101,247,247,2,183,126,187,237
250,101,247,247,3,235,234,213,187
250,101,247,247,4,125,125,234,219
250,101,247,247,5,247,85,213,95
250,101,247,247,6,191,127,223,190
250,011,190,255,0,125,251,123,111
250,011,190,255,1,235,223,254,255
250,011,190,255,2,255,174,245,223
250,011,190,255,3,255,253,237,255
250,011,190,255,4,255,111,175,237
250,011,190,255,5,123,175,219,223
250,011,190,255,6,187,119,171,119
250,111,189,247,0,123,245,250,246
250,111,189,247,1,253,215,218,250
250,111,189,247,2,238,221,237,251
250,111,189,247,3,123,127,111,221
250,111,189,247,4,123,222,253,253
250,111,189,247,5,253,247,183,246
250,111,189,247,6,251,119,123,183
251,000,219,110,0,191,213,250,189
251,000,219,110,1,111,110,223,118
251,000,219,110,2,182,238,219,253
251,000,219,110,3,221,189,182,235
251,000,219,110,4,181,219,109,237
251,000,219,110,5,251,187,111,219
251,000,219,110,6,223,118,247,251
251,100,127,127,0,183,246,221,189
251,100,127,127,1,187,123,181,191
251,100,127,127,2,119,239,119,126
251,100,127,127,3,247,174,247,245
251,100,127,127,4,253,107,247,235
251,100,127,127,5,87,106,234,219
251,100,127,127,6,91,127,94,238
251,010,237,190,0,183,174,245,235
251,010,237,190,1,247,181,247,190
251,010,237,190,2,245,238,255,175
251,010,237,190,3,173,250,223,222
251,010,237,190,4,223,125,245,174
251,010,237,190,5,254,170,175,110
251,010,237,190,6,247,125,251,247
251,110,223,218,0,254,235,239,221
251,110,223,218,1,117,255,85,183
251,110,223,218,2,245,125,90,171
251,110,223,218,3,239,170,174,251
251,110,223,218,4,223,123,123,183
251,110,223,218,5,183,189,250,187
251,110,223,218,6,95,247,94,254
251,001,239,219,0,245,85,95,171
251,001,239,219,1,170,170,170,170
251,001,239,219,2,170,170,170,170
251,001,239,219,3,175,255,255,250
251,001,239,219,4,175,255,255,255
251,001,239,219,5,255,255,255,255
251,001,239,219,6,255,247,254,255
251,101,223,223,0,251,255,186,175
251,101,223,223,1,247,254,253,109
251,101,223,223,2,238,237,118,245
251,101,223,223,3,238,237,234,218
251,101,223,223,4,234,213,111,191
251,101,223,223,5,95,107,234,174
251,101,223,223,6,171,109,255,91
251,011,127,95,0,239,255,191,253
251,011,127,95,1,247,239,95,215
251,011,127,95,2,247,182,223,255
251,011,127,95,3,191,117,246,190
251,011,127,95,4,223,175,237,251
251,011,127,95,5,111,175,126,238
251,011,127,95,6,223,239,90,253
251,111,191,175,0,190,221,235,119
251,111,191,175,1,174,235,117,251
251,111,191,175,2,111,235,190,238
251,111,191,175,3,223,219,250,253
251,111,191,175,4,123,125,254,219
251,111,191,175,5,191,126,182,237
251,111,191,175,6,125,223,111,218
252,000,123,111,0,221,247,174,223
252,000,123,111,1,119,247,125,237
252,000,123,111,2,246,190,219,250
252,000,123,111,3,237,182,235,190
252,000,123,111,4,189,183,215,110
252,000,123,111,5,219,111,109,247
252,000,123,111,6,126,251,251,126
252,100,219,255,0,119,250,239,93
252,100,219,255,1,246,187,222,187
252,100,219,255,2,214,238,247,238
252,100,219,255,3,254,251,255,127
252,100,219,255,4,87,191,251,250
252,100,219,255,5,223,213,118,190
252,100,219,255,6,219,123,214,170
252,010,189,190,0,223,223,123,111
252,010,189,190,1,171,247,247,237
252,010,189,190,2,127,117,118,250
252,010,189,190,3,253,255,222,255
252,010,189,190,4,247,234,219,247
252,010,189,190,5,239,223,127,183
252,010,189,190,6,125,222,221,247
252,110,238,247,0,87,191,123,251
252,110,238,247,1,189,255,215,223
252,110,238,247,2,254,175,127,191
252,110,238,247,3,125,254,221,247
252,110,238,247,4,239,219,171,238
252,110,238,247,5,246,237,223,183
252,110,238,247,6,238,247,191,95
252,001,94,250,0,170,175,215,245
252,001,94,250,1,85,85,85,85
252,001,94,250,2,85,85,85,95
252,001,94,250,3,255,255,245,95
252,001,94,250,4,255,255,255,255
252,001,94,250,5,255,255,255,251
252,001,94,250,6,255,251,255,127
252,101,191,247,0,223,245,93,255
252,101,191,247,1,191,246,182,251
252,101,191,247,2,122,235,235,123
252,101,191,247,3,118,245,109,213
252,101,191,247,4,106,219,253,251
252,101,191,247,5,254,221,238,221
252,101,191,247,6,183,237,125,191
252,011,125,253,0,251,190,189,175
252,011,125,253,1,221,127,247,246
252,011,125,253,2,246,223,255,247
252,011,125,253,3,214,255,125,255
252,011,125,253,4,219,255,109,221
252,011,125,253,5,90,250,189,109
252,011,125,253,6,219,222,245,125
252,111,239,87,0,251,87,125,253
252,111,239,87,1,221,127,111,109
252,111,239,87,2,182,253,182,223
252,111,239,87,3,119,222,183,119
252,111,239,87,4,213,247,125,95
252,111,239,87,5,118,182,237,117
252,111,239,87,6,235,119,234,246
253,000,223,222,0,253,107,119,235
253,000,223,222,1,247,235,191,126
253,000,223,222,2,187,127,189,222
253,000,223,222,3,181,189,219,91
253,000,223,222,4,221,215,125,93
253,000,223,222,5,119,247,239,187
253,000,223,222,6,111,223,123,253
253,100,127,107,0,191,126,222,251
253,100,127,107,1,187,123,119,222
253,100,127,107,2,238,251,219,247
253,100,127,107,3,239,251,245,93
253,100,127,107,4,239,85,221,255
253,100,127,107,5,215,187,254,253
253,100,127,107,6,191,191,191,126
253,010,222,251,0,251,123,117,107
253,010,222,251,1,238,251,251,214
253,010,222,251,2,183,246,246,254
253,010,222,251,3,183,171,247,125
253,010,222,251,4,191,189,109,191
253,010,222,251,5,111,246,235,223
253,010,222,251,6,221,119,223,251
253,110,171,183,0,186,187,90,247
253,110,171,183,1,170,219,245,255
253,110,171,183,2,186,170,170,170
253,110,171,183,3,170,170,170,170
253,110,171,183,4,175,117,85,85
253,110,171,183,5,87,187,111,255
253,110,171,183,6,110,255,251,189
253,001,234,170,0,174,223,90,170
253,001,234,170,1,170,170,170,170
253,001,234,170,2,170,170,175,255
253,001,234,170,3,255,250,175,255
253,001,234,170,4,255,255,255,255
253,001,234,170,5,255,255,255,247
253,001,234,170,6,254,255,223,223
253,101,251,255,0,186,175,247,254
253,101,251,255,1,255,187,119,235
253,101,251,255,2,119,191,123,125
253,101,251,255,3,238,234,218,234
253,101,251,255,4,219,239,219,189
253,101,251,255,5,190,222,175,247
253,101,251,255,6,255,125,223,223
253,011,223,255,0,239,119,239,245
253,011,223,255,1,94,251,253,221
253,011,223,255,2,127,223,87,182
253,011,223,255,3,246,191,254,183
253,011,223,255,4,247,221,215,255
253,011,223,255,5,123,118,223,110
253,011,223,255,6,239,190,250,191
253,111,187,215,0,214,191,246,246
253,111,187,215,1,223,221,215,182
253,111,187,215,2,253,189,111,183
253,111,187,215,3,215,186,223,173
253,111,187,215,4,247,109,175,219
253,111,187,215,5,182,237,125,223
253,111,187,215,6,87,90,253,254
254,000,255,246,0,239,191,95,109
254,000,255,246,1,253,223,239,221
254,000,255,246,2,250,175,189,181
254,000,255,246,3,189,219,91,221
254,000,255,246,4,183,127,170,223
254,000,255,246,5,125,239,107,95
254,000,255,246,6,223,123,125,247
254,100,235,95,0,126,222,215,109
254,100,235,95,1,222,246,223,239
254,100,235,95,2,109,246,251,247
254,100,235,95,3,247,245,190,239
254,100,235,95,4,111,191,123,190
254,100,235,95,5,175,187,253,125
254,100,235,95,6,191,191,126,222
254,010,251,251,0,123,125,222,239
254,010,251,251,1,109,237,118,247
254,010,251,251,2,247,127,127,191
254,010,251,251,3,86,251,170,175
254,010,251,251,4,191,106,235,213
254,010,251,251,5,85,246,253,126
254,010,251,251,6,186,175,239,94
254,110,222,219,0,123,95,109,246
254,110,222,219,1,223,187,254,245
254,110,222,219,2,85,85,85,94
254,110,222,219,3,186,170,170,174
254,110,222,219,4,218,170,253,125
254,110,222,219,5,189,223,255,95
254,110,222,219,6,127,218,237,250
254,001,170,175,0,123,234,170,170
254,001,170,175,1,170,170,170,170
254,001,170,175,2,170,175,255,255
254,001,170,175,3,250,175,255,255
254,001,170,175,4,255,255,255,255
254,001,170,175,5,255,255,247,254
254,001,170,175,6,255,223,223,251
254,101,255,186,0,175,247,254,255
254,101,255,186,1,187,119,235,119
254,101,255,186,2,191,123,125,238
254,101,255,186,3,234,214,234,215
254,101,255,186,4,222,213,223,126
254,101,255,186,5,189,247,254,253
254,101,255,186,6,253,94,239,246
254,011,255,253,0,238,255,213,111
254,011,255,253,1,255,119,218,250
254,011,255,253,2,219,183,239,247
254,011,255,253,3,223,111,223,237
254,011,255,253,4,125,255,223,251
254,011,255,253,5,251,239,255,251
254,011,255,253,6,255,255,191,255
254,111,253,247,0,223,94,235,219
254,111,253,247,1,125,247,239,247
254,111,253,247,2,126,255,125,251
254,111,253,247,3,255,254,187,239
254,111,253,247,4,235,191,255,247
254,111,253,247,5,218,255,191,255
254,111,253,247,6,189,253,254,223
255,000,125,238,0,255,223,183,109
255,000,125,238,1,127,255,247,246
255,000,125,238,2,190,191,107,218
255,000,125,238,3,221,111,127,91
255,000,125,238,4,246,251,239,223
255,000,125,238,5,235,251,191,181
255,000,125,238,6,247,247,223,255
255,100,222,253,0,223,255,247,190
255,100,222,253,1,251,223,127,125
255,100,222,253,2,247,221,247,254
255,100,222,253,3,245,117,127,223
255,100,222,253,4,174,186,191,255
255,100,222,253,5,247,245,221,190
255,100,222,253,6,182,235,183,239
255,010,127,109,0,237,234,239,223
255,010,127,109,1,247,117,111,239
255,010,127,109,2,247,246,223,255
255,010,127,109,3,109,189,191,191
255,010,127,109,4,255,223,119,125
255,010,127,109,5,239,223,223,175
255,010,127,109,6,127,238,245,189
255,110,191,223,0,255,214,191,191
255,110,191,223,1,255,237,181,125
255,110,191,223,2,191,183,253,93
255,110,191,223,3,247,171,237,218
255,110,191,223,4,191,125,247,235
255,110,191,223,5,127,110,239,221
255,110,191,223,6,239,255,90,170
255,001,171,127,0,245,85,85,85
255,001,171,127,1,85,85,85,85
255,001,171,127,2,95,255,255,245
255,001,171,127,3,95,255,255,255
255,001,171,127,4,255,255,255,255
255,001,171,127,5,251,255,237,239
255,001,171,127,6,255,111,251,253
255,101,186,175,0,183,191,246,183
255,101,186,175,1,127,126,245,110
255,101,186,175,2,187,237,123,117
255,101,186,175,3,106,213,109,254
255,101,186,175,4,251,247,251,253
255,101,186,175,5,247,239,253,254
255,101,186,175,6,255,125,251,255
255,011,255,239,0,255,254,255,255
255,011,255,239,1,251,235,127,191
255,011,255,239,2,253,251,237,255
255,011,255,239,3,191,109,221,190
255,011,255,239,4,183,235,245,123
255,011,255,239,5,191,87,173,181
255,011,255,239,6,237,239,238,255
255,111,183,239,0,238,245,222,239
255,111,183,239,1,93,251,234,239
255,111,183,239,2,190,189,246,235
255,111,183,239,3,183,235,245,126
255,111,183,239,4,191,87,171,182
255,111,183,239,5,221,111,221,221
255,111,183,239,6,254,239,223,127
256,000,237,223,0,238,190,182,219
256,000,237,223,1,111,109,214,219
256,000,237,223,2,111,221,191,187
256,000,237,223,3,111,221,221,253
256,000,237,223,4,183,119,239,127
256,000,237,223,5,107,111,189,253
256,000,237,223,6,251,223,219,90
256,100,222,181,0,247,235,125,127
256,100,222,181,1,125,183,173,219
256,100,222,181,2,91,187,221,255
256,100,222,181,3,219,215,254,187
256,100,222,181,4,125,191,127,239
256,100,222,181,5,191,239,125,181
256,100,222,181,6,187,94,187,181
256,010,250,255,0,223,251,181,239
256,010,250,255,1,223,123,254,255
256,010,250,255,2,119,239,254,253
256,010,250,255,3,247,235,126,254
256,010,250,255,4,251,189,119,219
256,010,250,255,5,189,117,191,123
256,010,250,255,6,223,125,214,239
256,110,110,219,0,191,223,107,251
256,110,110,219,1,191,94,190,183
256,110,110,219,2,125,247,223,126
256,110,110,219,3,215,182,235,182
256,110,110,219,4,181,118,191,223
256,110,110,219,5,235,123,245,191
256,110,110,219,6,221,234,170,174
256,001,255,234,0,170,170,170,170
256,001,255,234,1,170,170,170,175
256,001,255,234,2,255,255,250,175
256,001,255,234,3,255,255,255,255
256,001,255,234,4,255,255,255,255
256,001,255,234,5,239,253,255,191
256,001,255,234,6,223,251,255,122
256,101,175,247,0,254,255,183,238
256,101,175,247,1,237,237,119,127
256,101,175,247,2,126,245,106,213
256,101,175,247,3,106,218,175,122
256,101,175,247,4,214,222,221,111
256,101,175,247,5,191,189,190,255
256,101,175,247,6,125,245,247,125
256,011,183,239,0,235,189,191,119
256,011,183,239,1,238,255,255,253
256,011,183,239,2,183,237,191,126
256,011,183,239,3,219,251,239,123
256,011,183,239,4,247,251,235,119
256,011,183,239,5,222,255,223,255
256,011,183,239,6,253,255,190,246
256,111,253,189,0,238,253,125,239
256,111,253,189,1,237,251,235,126
256,111,253,189,2,219,237,191,250
256,111,253,189,3,255,255,170,191
256,111,253,189,4,222,219,215,255
256,111,253,189,5,223,253,181,246
256,111,253,189,6,190,191,107,253
257,000,215,214,0,253,223,190,253
257,000,215,214,1,251,190,187,191
257,000,215,214,2,253,213,122,190
257,000,215,214,3,173,186,253,125
257,000,215,214,4,223,187,219,126
257,000,215,214,5,221,183,251,189
257,000,215,214,6,247,214,183,214
257,100,255,111,0,237,239,125,239
257,100,255,111,1,95,183,235,221
257,100,255,111,2,123,247,126,238
257,100,255,111,3,247,186,255,126
257,100,255,111,4,254,221,254,250
257,100,255,111,5,237,238,183,214
257,100,255,111,6,247,110,237,239
257,010,126,238,0,247,222,246,254
257,010,126,238,1,250,182,255,191
257,010,126,238,2,119,186,254,247
257,010,126,238,3,223,247,235,91
257,010,126,238,4,117,223,110,182
257,010,126,238,5,247,174,251,245
257,010,126,238,6,251,117,183,221
257,110,237,253,0,191,221,251,190
257,110,237,253,1,219,111,190,247
257,110,237,253,2,223,91,235,91
257,110,237,253,3,123,117,183,93
257,110,237,253,4,223,222,251,247
257,110,237,253,5,126,251,119,221
257,110,237,253,6,245,85,94,223
257,001,234,170,0,170,170,170,170
257,001,234,170,1,170,170,175,255
257,001,234,170,2,255,250,175,255
257,001,234,170,3,255,255,255,255
257,001,234,170,4,255,255,255,239
257,001,234,170,5,175,235,186,254
257,001,234,170,6,187,255,122,175
257,101,247,254,0,255,187,119,235
257,101,247,254,1,117,110,187,119
257,101,247,254,2,118,251,118,245
257,101,247,254,3,110,247,191,187
257,101,247,254,4,223,190,239,190
257,101,247,254,5,255,251,239,187
257,101,247,254,6,239,255,255,239
257,011,255,255,0,255,255,247,187
257,011,255,255,1,223,255,253,221
257,011,255,255,2,238,247,123,187
257,011,255,255,3,221,238,239,255
257,011,255,255,4,255,253,223,255
257,011,255,255,5,255,255,255,255
257,011,255,255,6,255,255,254,247
257,111,119,187,0,221,238,239,119
257,111,119,187,1,191,247,123,187
257,111,119,187,2,223,255,255,255
257,111,119,187,3,255,255,255,255
257,111,119,187,4,255,187,223,255
257,111,119,187,5,255,123,238,247
257,111,119,187,6,222,239,125,126
258,000,255,221,0,255,251,191,255
258,000,255,221,1,214,219,190,254
258,000,255,221,2,238,251,251,189
258,000,255,221,3,246,255,247,222
258,000,255,221,4,239,119,191,254
258,000,255,221,5,182,255,235,111
258,000,255,221,6,255,190,238,247
258,100,123,255,0,191,238,247,238
258,100,123,255,1,239,126,238,239
258,100,123,255,2,255,127,255,247
258,100,123,255,3,255,214,255,250
258,100,123,255,4,187,255,255,251
258,100,123,255,5,189,85,110,253
258,100,123,255,6,123,189,170,175
258,010,255,247,0,187,253,255,253
258,010,255,247,1,245,255,255,247
258,010,255,247,2,255,218,238,250
258,010,255,247,3,187,255,95,123
258,010,255,247,4,189,222,239,111
258,010,255,247,5,91,191,223,127
258,010,255,247,6,251,223,255,254
258,110,191,255,0,189,255,255,174
258,110,191,255,1,246,245,187,223
258,110,191,255,2,91,189,189,239
258,110,191,255,3,251,222,239,111
258,110,191,255,4,127,255,237,127
258,110,191,255,5,255,175,255,234
258,110,191,255,6,170,175,189,250
258,001,170,170,0,170,170,170,170
258,001,170,170,1,170,175,255,255
258,001,170,170,2,250,175,255,255
258,001,170,170,3,255,255,255,255
258,001,170,170,4,255,255,239,253
258,001,170,170,5,255,191,223,251
258,001,170,170,6,255,122,175,247
258,101,254,254,0,183,123,235,237
258,101,254,254,1,109,238,235,235
258,101,254,254,2,119,214,234,219
258,101,254,254,3,189,255,110,245
258,101,254,254,4,222,239,127,111
258,101,254,254,5,253,126,239,119
258,101,254,254,6,255,253,254,255
258,011,246,239,0,255,245,110,245
258,011,246,239,1,127,253,170,174
258,011,246,239,2,246,170,239,106
258,011,246,239,3,171,191,255,255
258,011,246,239,4,245,95,255,255
258,011,246,239,5,255,255,255,255
258,011,246,239,6,255,251,190,183
258,111,187,219,0,123,189,173,255
258,111,187,219,1,245,190,239,111
258,111,187,219,2,255,253,213,255
258,111,187,219,3,251,239,255,250
258,111,187,219,4,187,221,223,253
258,111,187,219,5,170,174,246,170
258,111,187,219,6,239,106,171,191
259,000,255,255,0,255,255,255,255
259,000,255,255,1,254,247,91,187
259,000,255,255,2,219,94,239,173
259,000,255,255,3,239,253,111,187
259,000,255,255,4,238,255,255,126
259,000,255,255,5,255,237,111,255
259,000,255,255,6,245,110,251,239
259,100,253,170,0,174,246,170,239
259,100,253,170,1,106,171,191,255
259,100,253,170,2,255,245,95,255
259,100,253,170,3,255,255,255,255
259,100,253,170,4,255,255,251,189
259,100,253,170,5,175,187,223,238
259,100,253,170,6,239,127,127,247
259,010,247,187,0,246,255,254,174
259,010,247,187,1,255,237,223,255
259,010,247,187,2,85,110,245,111
259,010,247,187,3,253,170,174,246
259,010,247,187,4,170,239,106,171
259,010,247,187,5,191,255,255,245
259,010,247,187,6,95,255,255,255
259,110,255,255,0,255,255,251,189
259,110,255,255,1,86,238,251,251
259,110,255,255,2,189,213,127,251
259,110,255,255,3,239,187,234,255
259,110,255,255,4,255,170,255,255
259,110,255,255,5,255,255,85,85
259,110,255,255,6,95,191,250,170
259,001,170,170,0,170,170,170,170
259,001,170,170,1,175,255,255,250
259,001,170,170,2,175,255,255,255
259,001,170,170,3,255,255,255,255
259,001,170,170,4,255,239,235,239
259,001,170,170,5,255,95,251,254
259,001,170,170,6,250,175,183,254
259,101,254,238,0,183,122,237,237
259,101,254,238,1,239,123,118,247
259,101,254,238,2,214,234,215,223
259,101,254,238,3,247,247,255,127
259,101,254,238,4,239,239,253,254
259,101,254,238,5,255,251,255,255
259,101,254,238,6,127,255,251,237
259,011,255,223,0,253,251,255,254
259,011,255,223,1,219,247,254,255
259,011,255,223,2,111,251,254,222
259,011,255,223,3,215,221,253,95
259,011,255,223,4,123,239,245,126
259,011,255,223,5,175,171,255,191
259,011,255,223,6,254,255,237,251
259,111,255,123,0,239,127,237,95
259,111,255,123,1,127,251,245,126
259,111,255,123,2,175,171,251,255
259,111,255,123,3,127,87,245,251
259,111,255,123,4,255,171,251,247
259,111,255,123,5,254,255,175,234
259,111,255,123,6,253,95,87,221
260,000,126,175,0,171,253,253,254
260,000,126,175,1,255,238,251,254
260,000,126,175,2,239,221,247,250
260,000,126,175,3,183,255,235,245
260,000,126,175,4,126,175,245,253
260,000,126,175,5,253,247,246,250
260,000,126,175,6,191,255,87,234
260,100,247,254,0,254,175,187,119
260,100,247,254,1,109,87,251,250
260,100,247,254,2,183,247,247,245
260,100,247,254,3,126,175,171,237
260,100,247,254,4,189,190,255,93
260,100,247,254,5,191,247,110,187
260,100,247,254,6,127,237,95,127
260,010,187,117,0,126,175,253,125
260,010,187,117,1,189,183,253,245
260,010,187,117,2,191,255,87,213
260,010,187,117,3,247,254,255,111
260,010,187,117,4,127,175,246,215
260,010,187,117,5,246,250,183,255
260,010,187,117,6,182,250,191,95
260,110,86,187,0,110,222,254,170
260,110,86,187,1,191,254,250,170
260,110,86,187,2,247,250,183,254
260,110,86,187,3,247,213,126,175
260,110,86,187,4,110,251,110,222
260,110,86,187,5,221,250,170,175
260,110,86,187,6,171,117,85,85
260,001,85,85,0,85,85,85,95
260,001,85,85,1,255,255,245,95
260,001,85,85,2,255,255,255,255
260,001,85,85,3,255,255,255,255
260,001,85,85,4,247,253,255,247
260,001,85,85,5,254,255,255,186
260,001,85,85,6,175,255,191,247
260,101,187,126,0,245,111,110,246
260,101,187,126,1,251,119,214,234
260,101,187,126,2,213,110,247,191
260,101,187,126,3,187,223,190,239
260,101,187,126,4,190,255,251,239
260,101,187,126,5,187,239,255,255
260,101,187,126,6,239,255,255,255
260,011,255,245,0,110,255,191,255
260,011,255,245,1,85,91,189,85
260,011,255,245,2,187,213,86,239
260,011,255,245,3,255,255,250,175
260,011,255,245,4,255,255,255,255
260,011,255,245,5,255,255,255,254
260,011,255,245,6,247,126,238,251
260,111,251,189,0,239,239,254,254
260,111,251,189,1,239,123,255,254
260,111,251,189,2,237,255,254,255
260,111,251,189,3,255,250,187,223
260,111,251,189,4,255,253,170,174
260,111,251,189,5,246,170,239,106
260,111,251,189,6,171,191,255,255
261,000,255,255,0,255,255,254,247
261,000,255,255,1,109,187,223,190
261,000,255,255,2,239,190,255,251
261,000,255,255,3,239,187,239,255
261,000,255,255,4,253,187,255,254
261,000,255,255,5,255,255,250,187
261,000,255,255,6,223,255,253,170
261,100,174,246,0,170,239,106,171
261,100,174,246,1,191,255,255,245
261,100,174,246,2,95,255,255,255
261,100,174,246,3,255,255,255,255
261,100,174,246,4,251,189,215,187
261,100,174,246,5,223,190,239,190
261,100,174,246,6,255,251,239,187
261,010,239,255,0,255,183,127,255
261,010,239,255,1,255,255,245,110
261,010,239,255,2,255,191,255,85
261,010,239,255,3,91,189,85,187
261,010,239,255,4,213,86,239,255
261,010,239,255,5,255,250,175,255
261,010,239,255,6,255,255,255,255
261,110,255,255,0,254,247,175,110
261,110,255,255,1,247,251,189,189
261,110,255,255,2,255,245,254,239
261,110,255,255,3,111,255,255,247
261,110,255,255,4,255,251,255,255
261,110,255,255,5,234,170,175,223
261,110,255,255,6,250,170,170,170
261,001,170,170,0,170,170,175,255
261,001,170,170,1,255,250,175,255
261,001,170,170,2,255,255,255,255
261,001,170,170,3,255,255,255,239
261,001,170,170,4,253,255,191,223
261,001,170,170,5,251,255,125,93
261,001,170,170,6,255,191,246,237
261,101,238,239,0,117,238,235,239
261,101,238,239,1,239,107,213,106
261,101,238,239,2,219,190,251,238
261,101,238,239,3,251,251,189,239
261,101,238,239,4,239,254,254,239
261,101,238,239,5,123,255,255,255
261,101,238,239,6,255,254,255,255
261,011,253,187,0,223,255,253,239
261,011,253,187,1,238,247,254,239
261,011,253,187,2,107,190,239,110
261,011,253,187,3,255,254,255,255
261,011,253,187,4,251,255,255,255
261,011,253,187,5,255,254,254,247
261,011,253,187,6,127,187,221,126
261,111,239,190,0,255,251,239,187
261,111,239,190,1,223,255,253,254
261,111,239,190,2,255,255,127,255
261,111,239,190,3,251,187,223,255
261,111,239,190,4,253,239,238,247
261,111,239,190,5,190,239,123,110
261,111,239,190,6,239,119,255,251
262,000,191,255,0,253,251,189,182
262,000,191,255,1,238,246,219,189
262,000,191,255,2,239,239,254,254
262,000,191,255,3,239,123,255,254
262,000,191,255,4,221,255,237,223
262,000,191,255,5,255,255,187,223
262,000,191,255,6,255,253,239,238
262,100,247,191,0,187,239,190,239
262,100,247,191,1,255,255,251,239
262,100,247,191,2,255,255,255,255
262,100,247,191,3,191,255,255,251
262,100,247,191,4,190,251,238,251
262,100,247,191,5,251,189,239,239
262,100,247,191,6,254,254,239,123
262,010,255,255,0,255,255,254,255
262,010,255,255,1,255,255,187,223
262,010,255,255,2,255,253,239,238
262,010,255,255,3,247,191,187,239
262,010,255,255,4,190,239,255,255
262,010,255,255,5,251,239,255,255
262,010,255,255,6,255,255,191,255
262,110,255,251,0,190,251,238,251
262,110,255,251,1,251,189,239,239
262,110,255,251,2,254,254,239,123
262,110,255,251,3,255,255,255,255
262,110,255,251,4,254,255,255,250
262,110,255,251,5,170,175,255,245
262,110,255,251,6,85,85,85,85
262,001,85,85,0,85,95,255,255
262,001,85,85,1,245,95,255,255
262,001,85,85,2,255,255,255,255
262,001,85,85,3,255,251,255,127
262,001,85,85,4,239,247,254,255
262,001,85,85,5,255,186,175,255
262,001,85,85,6,191,253,183,118
262,101,182,247,0,237,119,235,127
262,101,182,247,1,119,214,234,219
262,101,182,247,2,190,251,238,251
262,101,182,247,3,251,189,239,239
262,101,182,247,4,254,254,239,123
262,101,182,247,5,255,255,255,255
262,101,182,247,6,254,255,255,250
262,011,187,223,0,255,253,170,174
262,011,187,223,1,246,170,239,106
262,011,187,223,2,171,191,255,255
262,011,187,223,3,245,95,255,255
262,011,187,223,4,255,255,255,255
262,011,187,223,5,255,251,189,95
262,011,187,223,6,187,223,190,239
262,111,190,255,0,251,239,187,239
262,111,190,255,1,255,255,239,255
262,111,190,255,2,255,255,255,245
262,111,190,255,3,110,255,191,255
262,111,190,255,4,85,91,189,85
262,111,190,255,5,187,213,86,239
262,111,190,255,6,255,255,250,175
263,000,255,255,0,251,190,251,238
263,000,255,255,1,246,251,189,239
263,000,255,255,2,239,254,254,239
263,000,255,255,3,127,255,255,239
263,000,255,255,4,255,255,255,255
263,000,255,255,5,245,110,255,191
263,000,255,255,6,255,85,91,189
263,100,85,187,0,213,86,239,255
263,100,85,187,1,255,250,175,255
263,100,85,187,2,255,255,255,255
263,100,85,187,3,255,255,254,247
263,100,85,187,4,191,187,221,94
263,100,85,187,5,239,190,255,251
263,100,85,187,6,239,187,251,255
263,010,255,255,0,255,251,255,255
263,010,255,255,1,245,110,255,191
263,010,255,255,2,255,85,91,189
263,010,255,255,3,85,187,213,86
263,010,255,255,4,239,255,255,250
263,010,255,255,5,175,255,255,255
263,010,255,255,6,255,255,255,255
263,110,254,247,0,221,187,219,238
263,110,254,247,1,239,190,255,251
263,110,254,247,2,239,187,251,255
263,110,254,247,3,255,221,255,251
263,110,254,247,4,247,255,250,170
263,110,254,247,5,175,255,245,85
263,110,254,247,6,85,85,85,85
263,001,85,85,0,95,255,255,245
263,001,85,85,1,95,255,255,255
263,001,85,85,2,255,255,255,255
263,001,85,85,3,251,255,127,239
263,001,85,85,4,247,254,255,223
263,001,85,85,5,250,175,247,254
263,001,85,85,6,254,235,123,238
263,101,187,119,0,118,251,118,247
263,101,187,119,1,214,234,215,223
263,101,187,119,2,223,106,186,255
263,101,187,119,3,127,190,250,251
263,101,187,119,4,127,111,239,255
263,101,187,119,5,127,255,111,214
263,101,187,119,6,255,255,245,85
263,011,85,191,0,106,170,170,170
263,011,85,191,1,170,170,170,170
263,011,85,191,2,175,255,255,250
263,011,85,191,3,175,255,255,255
263,011,85,191,4,255,255,255,255
263,011,85,191,5,253,255,219,215
263,011,85,191,6,127,122,191,190
263,111,255,246,0,191,111,251,255
263,111,255,246,1,253,123,255,215
263,111,255,246,2,191,255,245,85
263,111,255,246,3,95,223,250,170
263,111,255,246,4,170,170,170,170
263,111,255,246,5,170,170,175,255
263,111,255,246,6,255,250,175,255
264,000,255,250,0,254,237,245,126
264,000,255,250,1,223,87,215,239
264,000,255,250,2,246,239,111,239
264,000,255,250,3,255,126,183,251
264,000,255,250,4,235,127,223,213
264,000,255,250,5,85,87,126,234
264,000,255,250,6,170,170,170,170
264,100,170,170,0,170,175,255,255
264,100,170,170,1,250,175,255,255
264,100,170,170,2,255,255,255,255
264,100,170,170,3,255,250,253,91
264,100,170,170,4,247,117,191,119
264,100,170,170,5,87,239,253,239
264,100,170,170,6,247,219,255,255
264,010,111,251,0,253,223,255,245
264,010,111,251,1,85,86,223,106
264,010,111,251,2,170,170,170,170
264,010,111,251,3,170,170,170,175
264,010,111,251,4,255,255,250,175
264,010,111,251,5,255,255,255,255
264,010,111,251,6,255,255,255,250
264,110,255,126,0,213,87,237,85
264,110,255,126,1,125,234,255,223
264,110,255,126,2,237,255,255,127
264,110,255,126,3,245,253,255,95
264,110,255,126,4,95,245,85,94
264,110,255,126,5,255,218,170,170
264,110,255,126,6,170,170,170,170
264,001,170,175,0,255,255,250,175
264,001,170,175,1,255,255,255,255
264,001,170,175,2,255,255,255,255
264,001,170,175,3,239,253,255,191
264,001,170,175,4,223,251,255,125
264,001,170,175,5,93,255,191,245
264,001,170,175,6,187,117,234,221
264,101,187,125,0,125,234,213,106
264,101,187,125,1,213,109,254,251
264,101,187,125,2,247,251,253,247
264,101,187,125,3,239,253,254,255
264,101,187,125,4,125,251,255,255
264,101,187,125,5,239,255,254,255
264,101,187,125,6,255,246,235,127
264,011,191,253,0,238,239,175,94
264,011,191,253,1,245,219,111,175
264,011,191,253,2,246,251,237,214
264,011,191,253,3,221,251,127,245
264,011,191,253,4,174,219,253,253
264,011,191,253,5,174,182,218,219
264,011,191,253,6,110,183,221,125
264,111,190,238,0,250,251,191,110
264,111,190,238,1,174,223,255,111
264,111,190,238,2,190,214,255,95
264,111,190,238,3,183,251,125,255
264,111,190,238,4,95,111,251,237
264,111,190,238,5,110,223,219,170
264,111,190,238,6,223,215,182,234
265,000,215,238,0,245,187,93,175
265,000,215,238,1,107,223,127,223
265,000,215,238,2,126,183,234,235
265,000,215,238,3,183,250,251,250
265,000,215,238,4,253,93,245,246
265,000,215,238,5,182,222,239,219
265,000,215,238,6,251,127,183,238
265,100,254,175,0,127,186,253,237
265,100,254,175,1,186,219,247,215
265,100,254,175,2,109,123,219,251
265,100,254,175,3,223,239,181,173
265,100,254,175,4,94,175,213,247
265,100,254,175,5,125,222,247,222
265,100,254,175,6,253,250,255,255
265,010,86,251,0,175,222,255,111
265,010,86,251,1,239,246,191,221
265,010,86,251,2,238,191,119,251
265,010,86,251,3,219,251,127,219
265,010,86,251,4,125,247,223,125
265,010,86,251,5,222,254,190,189
265,010,86,251,6,125,125,175,189
265,110,191,183,0,246,251,254,247
265,110,191,183,1,126,239,119,238
265,110,191,183,2,251,215,215,218
265,110,191,183,3,253,234,221,191
265,110,191,183,4,234,170,171,191
265,110,191,183,5,245,85,85,85
265,110,191,183,6,85,85,85,85
265,001,95,255,0,255,245,95,255
265,001,95,255,1,255,255,255,255
265,001,95,255,2,255,255,251,255
265,001,95,255,3,127,239,247,254
265,001,95,255,4,255,223,245,93
265,001,95,255,5,255,191,253,109
265,001,95,255,6,251,237,122,235
265,101,234,221,0,110,246,238,234
265,101,234,221,1,215,223,191,223
265,101,234,221,2,127,191,127,190
265,101,234,221,3,255,251,239,223
265,101,234,221,4,239,255,127,255
265,101,234,221,5,247,255,255,223
265,101,234,221,6,254,253,223,255
265,011,255,187,0,247,127,222,255
265,011,255,187,1,219,251,123,247
265,011,255,187,2,126,239,127,191
265,011,255,187,3,247,223,191,171
265,011,255,187,4,245,127,247,126
265,011,255,187,5,215,250,255,251
265,011,255,187,6,127,123,253,221
265,111,254,255,0,251,254,251,94
265,111,254,255,1,250,218,255,191
265,111,254,255,2,219,181,223,183
265,111,254,255,3,247,222,245,255
265,111,254,255,4,94,223,235,250
265,111,254,255,5,251,253,253,223
265,111,254,255,6,127,94,223,125
266,000,238,235,0,186,219,125,111
266,000,238,235,1,125,238,213,239
266,000,238,235,2,95,235,222,239
266,000,238,235,3,235,123,251,223
266,000,238,235,4,123,237,215,190
266,000,238,235,5,189,235,191,119
266,000,238,235,6,239,127,93,253
266,100,191,95,0,174,245,218,239
266,100,191,95,1,118,251,126,191
266,100,191,95,2,239,253,251,183
266,100,191,95,3,239,118,238,219
266,100,191,95,4,95,183,118,235
266,100,191,95,5,171,239,175,238
266,100,191,95,6,255,109,247,253
266,010,239,127,0,118,181,187,91
266,010,239,127,1,123,255,93,118
266,010,239,127,2,221,223,173,251
266,010,239,127,3,239,123,254,253
266,010,239,127,4,173,111,254,255
266,010,239,127,5,223,222,255,221
266,010,239,127,6,251,171,174,245
266,110,187,93,0,251,191,93,125
266,110,187,93,1,173,111,173,253
266,110,187,93,2,127,175,237,125
266,110,187,93,3,255,239,253,245
266,110,187,93,4,85,94,239,218
266,110,187,93,5,170,170,170,170
266,110,187,93,6,170,170,170,175
266,001,255,255,0,250,175,255,255
266,001,255,255,1,255,255,255,255
266,001,255,255,2,255,255,239,253
266,001,255,255,3,255,191,223,251
266,001,255,255,4,255,122,175,247
266,001,255,255,5,254,254,181,237
266,001,255,255,6,239,123,119,107
266,101,237,119,0,239,123,117,110
266,101,237,119,1,247,171,187,223
266,101,237,119,2,190,239,234,239
266,101,237,119,3,254,254,239,118
266,101,237,119,4,255,254,245,255
266,101,237,119,5,255,255,255,175
266,101,237,119,6,187,223,255,253
266,011,219,238,0,247,239,187,223
266,011,219,238,1,251,191,253,127
266,011,219,238,2,255,127,255,251
266,011,219,238,3,223,255,171,255
266,011,219,238,4,254,174,247,127
266,011,219,238,5,110,253,254,239
266,011,219,238,6,90,191,247,254
266,111,239,117,0,255,253,109,255
266,111,239,117,1,254,175,255,218
266,111,239,117,2,238,255,87,253
266,111,239,117,3,187,187,189,127
266,111,239,117,4,187,223,251,190
266,111,239,117,5,182,255,255,127
266,111,239,117,6,255,239,255,255
267,000,107,187,0,223,251,189,245
267,000,107,187,1,127,247,254,239
267,000,107,187,2,125,191,255,219
267,000,107,187,3,127,254,175,255
267,000,107,187,4,174,238,255,87
267,000,107,187,5,253,222,238,247
267,000,107,187,6,175,187,223,251
267,100,191,170,0,255,255,127,255
267,100,191,170,1,171,191,255,171
267,100,191,170,2,255,254,174,247
267,100,191,170,3,174,238,253,254
267,100,191,170,4,239,94,239,255
267,100,191,170,5,127,187,218,191
267,100,191,170,6,255,239,127,254
267,010,175,255,0,254,238,255,87
267,010,175,255,1,253,221,187,189
267,010,175,255,2,255,187,223,251
267,010,175,255,3,191,190,255,247
267,010,175,255,4,255,255,215,255
267,010,175,255,5,255,171,255,254
267,010,175,255,6,174,247,126,238
267,110,253,254,0,239,119,191,247
267,110,253,254,1,254,239,119,255
267,110,253,254,2,255,125,255,253
267,110,253,254,3,95,255,213,85
267,110,253,254,4,95,87,245,85
267,110,253,254,5,85,85,85,85
267,110,253,254,6,85,85,95,255
267,001,255,245,0,95,255,255,255
267,001,255,245,1,255,255,255,255
267,001,255,245,2,251,255,237,255
267,001,255,245,3,191,190,255,234
267,001,255,245,4,245,95,183,254
267,001,255,245,5,254,186,237,119
267,001,255,245,6,123,118,237,239
267,101,126,239,0,107,213,109,254
267,101,126,239,1,251,247,251,253
267,101,126,239,2,247,239,253,254
267,101,126,239,3,255,125,251,255
267,101,126,239,4,255,239,255,254
267,101,126,239,5,255,255,247,250
267,101,126,239,6,255,191,255,223
267,011,245,255,0,239,123,247,253
267,011,245,255,1,127,213,250,182
267,011,245,255,2,255,245,255,127
267,011,245,255,3,222,235,250,255
267,011,245,255,4,171,255,215,250
267,011,245,255,5,253,254,255,247
267,011,245,255,6,253,110,254,223
267,111,251,255,0,215,255,125,126
267,111,251,255,1,255,245,251,181
267,111,251,255,2,221,223,223,251
267,111,251,255,3,191,119,95,87
267,111,251,255,4,245,126,171,247
267,111,251,255,5,126,237,119,254
267,111,251,255,6,255,223,255,215
268,000,251,223,0,223,191,109,191
268,000,251,223,1,111,126,189,234
268,000,251,223,2,191,187,239,255
268,000,251,223,3,174,255,247,246
268,000,251,223,4,246,221,183,251
268,000,251,223,5,191,119,237,190
268,000,251,223,6,171,215,186,247
268,100,239,123,0,106,175,174,255
268,100,239,123,1,255,126,223,219
268,100,239,123,2,253,119,238,237
268,100,239,123,3,221,189,237,219
268,100,239,123,4,247,187,109,222
268,100,239,123,5,171,221,223,187
268,100,239,123,6,219,127,182,255
268,010,215,247,0,182,247,255,221
268,010,215,247,1,237,189,183,94
268,010,215,247,2,239,189,239,183
268,010,215,247,3,186,247,87,119
268,010,215,247,4,190,251,190,239
268,010,215,247,5,107,218,189,247
268,010,215,247,6,110,239,182,251
268,110,127,111,0,214,190,174,221
268,110,127,111,1,221,246,255,118
268,110,127,111,2,183,250,190,223
268,110,127,111,3,125,170,170,173
268,110,127,111,4,111,234,170,170
268,110,127,111,5,170,170,170,170
268,110,127,111,6,170,175,255,255
268,001,250,175,0,255,255,255,255
268,001,250,175,1,255,255,255,255
268,001,250,175,2,239,253,255,191
268,001,250,175,3,223,251,255,122
268,001,250,175,4,175,247,254,251
268,001,250,175,5,187,119,238,251
268,001,250,175,6,127,119,239,187
268,101,118,251,0,117,109,254,251
268,101,118,251,1,247,251,253,247
268,101,118,251,2,239,253,254,255
268,101,118,251,3,125,251,255,255
268,101,118,251,4,239,255,254,255
268,101,118,251,5,255,247,187,223
268,101,118,251,6,255,253,221,238
268,011,247,123,0,187,221,238,239
268,011,247,123,1,255,255,253,223
268,011,247,123,2,255,255,255,255
268,011,247,123,3,255,255,255,254
268,011,247,123,4,247,119,187,221
268,011,247,123,5,238,239,119,191
268,011,247,123,6,247,123,187,223
268,111,255,255,0,255,255,255,255
268,111,255,255,1,255,254,238,255
268,111,255,255,2,255,253,221,238
268,111,255,255,3,247,123,187,221
268,111,255,255,4,238,239,255,255
268,111,255,255,5,253,223,255,255
268,111,255,255,6,255,255,255,255
269,000,183,110,0,251,127,234,237
269,000,183,110,1,223,253,253,187
269,000,183,110,2,223,173,247,174
269,000,183,110,3,223,221,182,253
269,000,183,110,4,183,255,237,235
269,000,183,110,5,238,223,239,109
269,000,183,110,6,254,223,175,182
269,100,246,221,0,111,182,247,222
269,100,246,221,1,246,238,181,253
269,100,246,221,2,190,223,237,250
269,100,246,221,3,222,218,219,118
269,100,246,221,4,246,215,111,239
269,100,246,221,5,247,222,251,221
269,100,246,221,6,127,251,106,221
269,010,247,187,0,223,125,255,119
269,010,247,187,1,187,189,222,239
269,010,247,187,2,119,123,191,255
269,010,247,187,3,255,247,127,255
269,010,247,187,4,255,255,255,255
269,010,247,187,5,255,255,251,189
269,010,247,187,6,222,238,247,123
269,110,189,221,0,239,253,222,239
269,110,189,221,1,127,255,255,255
269,110,189,221,2,255,255,255,255
269,110,189,221,3,245,85,95,255
269,110,189,221,4,245,85,85,85
269,110,189,221,5,85,85,85,85
269,110,189,221,6,95,255,255,245
269,001,95,255,0,255,255,255,255
269,001,95,255,1,255,255,251,255
269,001,95,255,2,127,239,247,254
269,001,95,255,3,255,223,245,93
269,001,95,255,4,255,191,250,187
269,001,95,255,5,235,239,234,221
269,001,95,255,6,107,237,119,239
269,101,117,106,0,215,223,191,223
269,101,117,106,1,127,191,127,190
269,101,117,106,2,255,251,239,223
269,101,117,106,3,239,255,127,255
269,101,117,106,4,247,255,255,223
269,101,117,106,5,251,171,127,191
269,101,117,106,6,255,91,253,254
269,011,255,125,0,253,238,223,247
269,011,255,125,1,110,255,183,247
269,011,255,125,2,187,191,245,119
269,011,255,125,3,247,255,119,222
269,011,255,125,4,181,214,189,238
269,011,255,125,5,223,190,254,254
269,011,255,125,6,223,223,251,255
269,111,253,125,0,239,247,127,191
269,111,253,125,1,245,238,187,127
269,111,253,125,2,247,237,253,253
269,111,253,125,3,126,175,245,111
269,111,253,125,4,223,219,187,218
269,111,253,125,5,234,191,87,127
269,111,253,125,6,127,215,247,253
270,000,218,219,0,181,247,245,222
270,000,218,219,1,251,235,255,127
270,000,218,219,2,94,223,253,94
270,000,218,219,3,247,174,246,221
270,000,218,219,4,119,251,93,126
270,000,218,219,5,175,238,251,219
270,000,218,219,6,251,191,190,175
270,100,191,119,0,191,246,253,255
270,100,191,119,1,125,183,255,238
270,100,191,119,2,174,189,189,191
270,100,191,119,3,245,235,182,254
270,100,191,119,4,254,238,251,223
270,100,191,119,5,127,190,171,175
270,100,191,119,6,213,175,191,118
270,010,247,191,0,238,223,223,250
270,010,247,191,1,221,187,218,251
270,010,247,191,2,190,223,183,109
270,010,247,191,3,191,246,247,255
270,010,247,191,4,111,127,246,247
270,010,247,191,5,251,218,223,237
270,010,247,191,6,238,222,247,111
270,110,191,189,0,191,251,218,253
270,110,191,189,1,187,190,218,235
270,110,191,189,2,253,123,221,213
270,110,191,189,3,85,94,238,245
270,110,191,189,4,85,85,85,85
270,110,191,189,5,85,85,85,95
270,110,191,189,6,255,255,245,95
270,001,255,255,0,255,255,255,255
270,001,255,255,1,255,253,239,239
270,001,255,255,2,247,190,255,123
270,001,255,255,3,251,245,94,247
270,001,255,255,4,247,246,182,250
270,001,255,255,5,239,127,119,234
270,001,255,255,6,221,107,237,126
270,101,245,111,0,127,187,190,223
270,101,245,111,1,110,247,223,250
270,101,245,111,2,253,255,191,235
270,101,245,111,3,246,253,213,239
270,101,245,111,4,221,94,221,187
270,101,245,111,5,183,117,191,109
270,101,245,111,6,255,255,255,191
270,011,255,247,0,187,223,245,173
270,011,255,247,1,123,245,219,125
270,011,255,247,2,255,221,123,181
270,011,255,247,3,253,223,255,187
270,011,255,247,4,175,119,190,247
270,011,255,247,5,255,251,223,127
270,011,255,247,6,255,254,253,253
270,111,110,246,0,255,183,254,182
270,111,110,246,1,218,223,171,215
270,111,110,246,2,122,239,93,215
270,111,110,246,3,218,250,189,175
270,111,110,246,4,223,91,181,213
270,111,110,246,5,219,175,123,254
270,111,110,246,6,214,219,251,123
271,000,109,219,0,245,221,190,237
271,000,109,219,1,250,255,221,93
271,000,109,219,2,223,127,111,110
271,000,109,219,3,218,254,191,125
271,000,109,219,4,222,239,125,239
271,000,109,219,5,95,91,219,91
271,000,109,219,6,123,253,251,238
271,100,245,237,0,247,191,245,91
271,100,245,237,1,221,255,93,239
271,100,245,237,2,215,90,181,174
271,100,245,237,3,181,221,247,222
271,100,245,237,4,247,175,223,255
271,100,245,237,5,238,253,223,127
271,100,245,237,6,175,123,111,127
271,010,127,247,0,190,190,239,175
271,010,127,247,1,183,221,221,246
271,010,127,247,2,251,237,251,125
271,010,127,247,3,239,190,181,191
271,010,127,247,4,107,183,122,254
271,010,127,247,5,239,175,219,221
271,010,127,247,6,237,247,119,189
271,110,118,221,0,239,189,222,253
271,110,118,221,1,219,247,238,251
271,110,118,221,2,87,214,213,85
271,110,118,221,3,94,237,90,170
271,110,118,221,4,170,170,170,170
271,110,118,221,5,170,170,175,255
271,110,118,221,6,255,250,175,255
271,001,255,255,0,255,255,255,255
271,001,255,255,1,255,239,253,255
271,001,255,255,2,191,223,251,255
271,001,255,255,3,122,175,247,254
271,001,255,255,4,254,234,251,125
271,001,255,255,5,118,246,250,234
271,001,255,255,6,213,106,213,106
271,101,214,255,0,190,253,251,125
271,101,214,255,1,191,109,247,246
271,101,214,255,2,223,111,219,255
271,101,214,255,3,253,254,247,255
271,101,214,255,4,255,223,255,107
271,101,214,255,5,239,255,251,239
271,101,214,255,6,109,239,187,107
271,011,117,246,0,191,247,247,235
271,011,117,246,1,87,239,253,253
271,011,117,246,2,245,110,173,251
271,011,117,246,3,250,251,95,107
271,011,117,246,4,234,171,123,187
271,011,117,246,5,215,235,94,213
271,011,117,246,6,223,223,191,191
271,111,125,255,0,247,239,253,183
271,111,125,255,1,183,238,174,251
271,111,125,255,2,218,251,239,237
271,111,125,255,3,219,219,123,255
271,111,125,255,4,126,255,111,126
271,111,125,255,5,255,223,187,94
271,111,125,255,6,182,255,125,237
272,000,215,215,0,239,247,239,125
272,000,215,215,1,253,251,247,250
272,000,215,215,2,251,125,215,253
272,000,215,215,3,183,191,111,237
272,000,215,215,4,251,218,251,235
272,000,215,215,5,175,106,175,187
272,000,215,215,6,255,126,251,221
272,100,175,253,0,253,251,215,117
272,100,175,253,1,247,237,237,189
272,100,175,253,2,183,189,191,183
272,100,175,253,3,111,110,246,246
272,100,175,253,4,222,253,253,251
272,100,175,253,5,247,245,214,221
272,100,175,253,6,175,239,107,235
272,010,174,222,0,251,218,251,238
272,010,174,222,1,213,251,219,123
272,010,174,222,2,255,126,246,175
272,010,174,222,3,126,255,223,186
272,010,174,222,4,183,86,255,250
272,010,174,222,5,251,95,107,235
272,010,174,222,6,219,123,111,110
272,110,246,174,0,213,223,223,191
272,110,246,174,1,191,125,251,247
272,110,246,174,2,239,234,170,170
272,110,246,174,3,183,85,85,85
272,110,246,174,4,85,85,85,85
272,110,246,174,5,85,95,255,255
272,110,246,174,6,245,95,255,255
272,001,255,255,0,255,255,255,251
272,001,255,255,1,255,127,239,247
272,001,255,255,2,254,255,223,245
272,001,255,255,3,93,255,191,246
272,001,255,255,4,237,234,245,235
272,001,255,255,5,238,238,235,123
272,001,255,255,6,123,118,245,109
272,101,254,251,0,247,251,253,247
272,101,254,251,1,239,253,254,255
272,101,254,251,2,125,251,255,255
272,101,254,251,3,239,255,254,255
272,101,254,251,4,255,255,190,255
272,101,254,251,5,191,255,223,234
272,101,254,251,6,189,190,223,223
272,011,251,239,0,181,251,235,127
272,011,251,239,1,222,181,191,94
272,011,251,239,2,171,255,189,85
272,011,251,239,3,94,223,223,191
272,011,251,239,4,251,239,95,239
272,011,251,239,5,183,254,223,219
272,011,251,239,6,191,251,234,255
272,111,250,175,0,222,191,245,191
272,111,250,175,1,87,239,111,234
272,111,250,175,2,189,126,223,251
272,111,250,175,3,251,239,218,255
272,111,250,175,4,190,247,222,183
272,111,250,175,5,125,127,253,255
272,111,250,175,6,191,245,94,239
273,000,250,191,0,95,187,253,191
273,000,250,191,1,223,191,127,191
273,000,250,191,2,127,110,175,174
273,000,250,191,3,223,223,235,238
273,000,250,191,4,253,247,223,239
273,000,250,191,5,247,191,123,247
273,000,250,191,6,247,111,119,219
273,100,91,125,0,126,189,235,250
273,100,91,125,1,253,247,223,174
273,100,91,125,2,221,251,235,247
273,100,91,125,3,237,221,239,239
273,100,91,125,4,245,190,187,247
273,100,91,125,5,247,189,127,182
273,100,91,125,6,183,223,95,95
273,010,221,174,0,255,118,191,251
273,010,221,174,1,215,123,219,247
273,010,221,174,2,251,213,215,238
273,010,221,174,3,171,127,111,111
273,010,221,174,4,247,189,191,118
273,010,221,174,5,187,251,183,123
273,010,221,174,6,221,174,251,213
273,110,223,189,0,235,255,91,223
273,110,223,189,1,125,250,247,238
273,110,223,189,2,245,85,94,189
273,110,223,189,3,245,85,85,85
273,110,223,189,4,85,85,85,85
273,110,223,189,5,95,255,255,245
273,110,223,189,6,95,255,255,255
273,001,255,255,0,255,255,251,255
273,001,255,255,1,127,239,247,254
273,001,255,255,2,255,223,245,93
273,001,255,255,3,255,191,253,107
273,001,255,255,4,238,237,118,245
273,001,255,255,5,111,186,235,238
273,001,255,255,6,237,234,215,223
273,101,191,223,0,127,191,127,190
273,101,191,223,1,255,251,239,223
273,101,191,223,2,239,255,127,255
273,101,191,223,3,247,255,255,223
273,101,191,223,4,254,251,223,255
273,101,191,223,5,253,253,255,111
273,101,191,223,6,223,246,253,239
273,011,187,237,0,253,191,183,246
273,011,187,237,1,251,223,126,191
273,011,187,237,2,237,254,223,191
273,011,187,237,3,183,246,245,239
273,011,187,237,4,189,215,127,111
273,011,187,237,5,223,246,239,191
273,011,187,237,6,123,251,125,221
273,111,239,246,0,238,238,255,111
273,111,239,246,1,239,191,119,239
273,111,239,246,2,119,126,247,123
273,111,239,246,3,219,213,245,107
273,111,239,246,4,247,171,86,191
273,111,239,246,5,126,247,222,255
273,111,239,246,6,183,239,119,189
274,000,221,123,0,215,221,127,219
274,000,221,123,1,238,253,189,247
274,000,221,123,2,221,246,237,190
274,000,221,123,3,221,253,215,186
274,000,221,123,4,247,110,221,237
274,000,221,123,5,110,219,251,127
274,000,221,123,6,109,119,246,247
274,100,223,175,0,215,221,189,221
274,100,223,175,1,221,173,218,221
274,100,223,175,2,110,219,110,239
274,100,223,175,3,109,123,175,125
274,100,223,175,4,125,218,189,250
274,100,223,175,5,254,239,221,239
274,100,223,175,6,187,255,237,254
274,010,247,190,0,247,183,126,221
274,010,247,190,1,251,191,189,254
274,010,247,190,2,219,247,246,246
274,010,247,190,3,222,222,183,214
274,010,247,190,4,255,110,247,191
274,010,247,190,5,119,237,251,191
274,010,247,190,6,119,126,219,247
274,110,126,222,0,253,111,246,246
274,110,126,222,1,251,239,237,106
274,110,126,222,2,170,175,109,234
274,110,126,222,3,170,170,170,170
274,110,126,222,4,170,170,170,175
274,110,126,222,5,255,255,250,175
274,110,126,222,6,255,255,255,255
274,001,255,255,0,255,255,239,253
274,001,255,255,1,255,191,223,251
274,001,255,255,2,255,122,175,247
274,001,255,255,3,254,253,183,238
274,001,255,255,4,251,125,237,237
274,001,255,255,5,119,123,117,106
274,001,255,255,6,213,107,110,215
274,101,173,191,0,191,127,91,127
274,101,173,191,1,94,255,125,254
274,101,173,191,2,183,214,250,215
274,101,173,191,3,255,255,223,187
274,101,173,191,4,221,239,255,245
274,101,173,191,5,222,247,123,118
274,101,173,191,6,234,221,91,174
274,011,182,237,0,119,87,254,218
274,011,182,237,1,245,191,251,255
274,011,182,237,2,127,235,222,239
274,011,182,237,3,111,119,247,85
274,011,182,237,4,222,247,93,253
274,011,182,237,5,213,119,125,215
274,011,182,237,6,221,255,106,239
274,111,254,246,0,237,186,187,253
274,111,254,246,1,219,118,183,110
274,111,254,246,2,219,117,187,111
274,111,254,246,3,251,255,118,215
274,111,254,246,4,174,255,223,254
274,111,254,246,5,253,235,191,187
274,111,254,246,6,110,237,218,219
275,000,119,123,0,218,191,87,234
275,000,119,123,1,250,245,251,171
275,000,119,123,2,254,238,250,223
275,000,119,123,3,125,221,238,247
275,000,119,123,4,123,187,221,238
275,000,119,123,5,239,255,255,253
275,000,119,123,6,223,255,255,255
275,100,255,255,0,255,255,254,247
275,100,255,255,1,119,187,221,238
275,100,255,255,2,239,119,191,247
275,100,255,255,3,123,187,223,255
275,100,255,255,4,255,255,255,255
275,100,255,255,5,255,255,254,238
275,100,255,255,6,255,255,253,221
275,010,238,247,0,123,187,221,238
275,010,238,247,1,239,255,255,253
275,010,238,247,2,223,255,255,255
275,010,238,247,3,255,255,255,255
275,010,238,247,4,254,247,119,187
275,010,238,247,5,221,238,239,119
275,010,238,247,6,191,247,123,187
275,110,223,255,0,255,255,255,255
275,110,223,255,1,255,255,250,170
275,110,223,255,2,175,255,250,170
275,110,223,255,3,170,170,170,170
275,110,223,255,4,170,170,175,255
275,110,223,255,5,255,250,175,255
275,110,223,255,6,255,255,255,255
275,001,255,255,0,255,239,253,255
275,001,255,255,1,191,223,251,255
275,001,255,255,2,122,175,255,255
275,001,255,255,3,127,187,119,238
275,001,255,255,4,234,222,183,122
275,001,255,255,5,238,253,234,213
275,001,255,255,6,110,246,214,238
275,101,251,251,0,189,239,239,254
275,101,251,251,1,254,239,111,255
275,101,251,251,2,254,245,255,255
275,101,251,251,3,127,255,255,238
275,101,251,251,4,255,191,255,127
275,101,251,251,5,238,247,254,239
275,101,251,251,6,117,187,189,109
275,011,255,247,0,247,255,250,191
275,011,255,247,1,255,171,255,254
275,011,255,247,2,174,247,223,238
275,011,255,247,3,245,187,189,247
275,011,255,247,4,255,247,254,239
275,011,255,247,5,117,127,255,213
275,011,255,247,6,255,251,87,255
275,111,255,187,0,223,171,255,127
275,111,255,187,1,238,247,254,239
275,111,255,187,2,107,251,189,187
275,111,255,187,3,255,247,247,255
275,111,255,187,4,250,191,255,171
275,111,255,187,5,255,254,254,247
275,111,255,187,6,87,187,219,251
276,000,187,213,0,127,255,213,255
276,000,187,213,1,251,247,255,254
276,000,187,213,2,238,255,87,253
276,000,187,213,3,247,251,191,94
276,000,187,213,4,239,118,251,191
276,000,187,213,5,175,127,255,127
276,000,187,213,6,255,245,127,255
276,100,87,255,0,251,222,247,174
276,100,87,255,1,238,253,222,239
276,100,87,255,2,127,239,255,127
276,100,87,255,3,187,213,127,255
276,100,87,255,4,190,255,239,111
276,100,87,255,5,255,251,187,223
276,100,87,255,6,171,255,127,238
276,010,246,223,0,187,250,222,239
276,010,246,223,1,251,127,255,127
276,010,246,223,2,255,245,127,255
276,010,246,223,3,87,255,253,190
276,010,246,223,4,247,91,187,221
276,010,246,223,5,123,189,247,255
276,010,246,223,6,247,254,239,106
276,110,191,255,0,171,255,215,223
276,110,191,255,1,255,245,85,95
276,110,191,255,2,87,245,85,85
276,110,191,255,3,85,85,85,85
276,110,191,255,4,85,95,255,255
276,110,191,255,5,245,95,255,255
276,110,191,255,6,255,255,255,255
276,001,255,251,0,255,127,239,247
276,001,255,251,1,254,255,223,245
276,001,255,251,2,93,255,191,253
276,001,255,251,3,183,237,125,238
276,001,255,251,4,238,182,255,125
276,001,255,251,5,239,107,213,110
276,001,255,251,6,246,239,110,251
276,101,251,189,0,239,239,254,254
276,101,251,189,1,239,123,255,255
276,101,251,189,2,237,255,254,255
276,101,251,189,3,255,250,187,223
276,101,251,189,4,255,253,170,174
276,101,251,189,5,246,170,239,106
276,101,251,189,6,171,191,255,255
276,011,245,95,0,255,255,255,255
276,011,245,95,1,255,255,255,251
276,011,245,95,2,189,221,238,251
276,011,245,95,3,251,189,237,255
276,011,245,95,4,251,190,239,123
276,011,245,95,5,191,255,255,255
276,011,245,95,6,254,255,255,218
276,111,187,221,0,223,253,170,174
276,111,187,221,1,246,170,239,106
276,111,187,221,2,171,191,255,255
276,111,187,221,3,245,95,255,255
276,111,187,221,4,255,255,255,255
276,111,187,221,5,255,251,191,221
276,111,187,221,6,238,251,251,189
277,000,107,255,0,255,183,255,214
277,000,107,255,1,255,255,181,110
277,000,107,255,2,245,191,255,85
277,000,107,255,3,91,189,85,187
277,000,107,255,4,213,86,239,255
277,000,107,255,5,255,250,175,255
277,000,107,255,6,255,255,255,255
277,100,255,255,0,254,247,174,238
277,100,255,255,1,247,222,239,95
277,100,255,255,2,127,245,247,187
277,100,255,255,3,215,255,253,223
277,100,255,255,4,255,219,127,255
277,100,255,255,5,181,110,246,223
277,100,255,255,6,255,85,91,189
277,010,85,187,0,213,86,239,255
277,010,85,187,1,255,250,175,255
277,010,85,187,2,255,255,255,255
277,010,85,187,3,255,255,254,247
277,010,85,187,4,221,187,219,123
277,010,85,187,5,189,215,191,246
277,010,85,187,6,222,239,118,255
277,110,255,109,0,255,239,127,255
277,110,255,109,1,117,85,87,111
277,110,255,109,2,250,170,170,170
277,110,255,109,3,170,170,170,170
277,110,255,109,4,175,255,255,250
277,110,255,109,5,175,255,255,255
277,110,255,109,6,255,255,255,255
277,001,255,239,0,253,255,191,223
277,001,255,239,1,251,255,125,93
277,001,255,239,2,255,191,250,183
277,001,255,239,3,237,119,127,126
277,001,255,239,4,239,107,213,106
277,001,255,239,5,213,106,221,254
277,001,255,239,6,191,125,247,94
277,101,255,190,0,251,122,215,223
277,101,255,190,1,223,237,191,110
277,101,255,190,2,251,251,95,175
277,101,255,190,3,255,247,250,254
277,101,255,190,4,239,190,253,253
277,101,255,190,5,191,125,245,255
277,101,255,190,6,127,255,253,254
277,011,255,223,0,255,255,127,255
277,011,255,223,1,247,255,247,222
277,011,255,223,2,247,223,127,125
277,011,255,223,3,247,239,253,254
277,011,255,223,4,255,125,239,255
277,011,255,223,5,127,187,255,246
277,011,255,223,6,255,223,253,247
277,111,255,191,0,255,190,253,254
277,111,255,191,1,175,223,234,223
277,111,255,191,2,127,123,255,251
277,111,255,191,3,239,255,251,255
277,111,255,191,4,255,191,255,239
277,111,255,191,5,119,223,191,223
277,111,255,191,6,127,191,127,255
278,000,255,255,0,239,255,254,255
278,000,255,255,1,255,246,247,255
278,000,255,255,2,191,255,191,119
278,000,255,255,3,222,187,223,213
278,000,255,255,4,189,254,239,253
278,000,255,255,5,253,239,255,91
278,000,255,255,6,127,126,251,255
278,100,238,247,0,223,91,223,123
278,100,238,247,1,111,127,109,191
278,100,238,247,2,247,187,223,219
278,100,238,247,3,255,127,221,255
278,100,238,247,4,246,255,223,250
278,100,238,247,5,247,253,191,247
278,100,238,247,6,223,119,223,247
278,010,125,255,0,175,127,251,253
278,010,125,255,1,251,95,223,251
278,010,125,255,2,223,254,215,247
278,010,125,255,3,255,183,223,247
278,010,125,255,4,119,253,189,247
278,010,125,255,5,221,223,250,239
278,010,125,255,6,125,255,223,254
278,110,174,255,0,234,239,255,234
278,110,174,255,1,170,175,127,245
278,110,174,255,2,85,85,85,85
278,110,174,255,3,85,85,85,95
278,110,174,255,4,255,255,245,95
278,110,174,255,5,255,255,255,255
278,110,174,255,6,255,255,255,250
278,001,239,221,0,239,253,223,123
278,001,239,221,1,253,186,175,219
278,001,239,221,2,215,253,189,237
278,001,239,221,3,235,238,235,117
278,001,239,221,4,110,187,237,123
278,001,239,221,5,117,109,255,91
278,001,239,221,6,235,119,253,191
278,101,239,251,0,251,127,191,239
278,101,239,251,1,255,127,119,237
278,101,239,251,2,251,123,183,251
278,101,239,251,3,170,174,222,237
278,101,239,251,4,247,254,255,127
278,101,239,251,5,91,253,239,191
278,101,239,251,6,95,222,250,223
278,011,187,245,0,126,175,223,91
278,011,187,245,1,125,111,253,219
278,011,187,245,2,170,175,221,251
278,011,187,245,3,247,255,125,127
278,011,187,245,4,91,253,191,87
278,011,187,245,5,91,251,253,223
278,011,187,245,6,86,219,213,90
278,111,219,251,0,127,239,253,175
278,111,219,251,1,125,239,109,237
278,111,219,251,2,223,255,239,119
278,111,219,251,3,253,245,126,175
278,111,219,251,4,94,187,125,222
278,111,219,251,5,255,253,213,93
278,111,219,251,6,219,187,247,255
279,000,221,109,0,237,251,215,245
279,000,221,109,1,173,170,175,111
279,000,221,109,2,213,170,170,171
279,000,221,109,3,239,175,219,91
279,000,221,109,4,109,93,191,118
279,000,221,109,5,247,254,255,255
279,000,221,109,6,250,247,187,251
279,100,90,171,0,237,170,171,91
279,100,90,171,1,107,85,95,118
279,100,90,171,2,247,111,223,255
279,100,90,171,3,250,221,238,253
279,100,90,171,4,247,253,251,85
279,100,90,171,5,85,118,175,85
279,100,90,171,6,85,86,239,118
279,010,254,255,0,125,239,223,93
279,010,254,255,1,223,109,175,123
279,010,254,255,2,111,111,221,251
279,010,254,255,3,213,86,175,85
279,010,254,255,4,91,247,223,85
279,010,254,255,5,93,187,183,187
279,010,254,255,6,255,127,255,223
279,110,123,191,0,175,234,250,170
279,110,123,191,1,175,221,245,85
279,110,123,191,2,85,85,85,85
279,110,123,191,3,85,85,95,255
279,110,123,191,4,255,245,95,255
279,110,123,191,5,255,255,255,255
279,110,123,191,6,255,255,251,255
279,001,127,239,0,247,254,255,223
279,001,127,239,1,245,93,255,191
279,001,127,239,2,253,187,118,253
279,001,127,239,3,117,238,239,125
279,001,127,239,4,187,119,239,117
279,001,127,239,5,107,175,189,247
279,001,127,239,6,187,223,123,221
279,101,125,254,0,247,222,255,119
279,101,125,254,1,189,191,183,246
279,101,125,254,2,254,223,187,251
279,101,125,254,3,125,191,187,246
279,101,125,254,4,254,223,215,119
279,101,125,254,5,219,221,222,221
279,101,125,254,6,219,187,189,239
279,011,183,118,0,235,223,123,239
279,011,183,118,1,126,223,219,251
279,011,183,118,2,126,253,223,187
279,011,183,118,3,247,123,191,119
279,011,183,118,4,238,237,221,187
279,011,183,118,5,189,219,187,119
279,011,183,118,6,109,123,171,119
279,111,109,125,0,175,181,245,238
279,111,109,125,1,189,215,189,123
279,111,109,125,2,221,247,223,111
279,111,109,125,3,187,235,222,223
279,111,109,125,4,219,251,122,190
279,111,109,125,5,171,234,245,125
279,111,109,125,6,87,213,250,189
280,000,109,218,0,255,95,235,183
280,000,109,218,1,222,255,215,255
280,000,109,218,2,123,239,125,239
280,000,109,218,3,223,239,127,119
280,000,109,218,4,123,189,222,253
280,000,109,218,5,93,222,239,122
280,000,109,218,6,187,171,234,235
280,100,219,123,0,111,111,255,255
280,100,219,123,1,222,221,255,255
280,100,219,123,2,255,245,255,127
280,100,219,123,3,215,255,255,127
280,100,219,123,4,255,255,191,255
280,100,219,123,5,223,255,255,254
280,100,219,123,6,255,255,239,255
280,010,255,191,0,255,251,127,255
280,010,255,191,1,183,239,255,175
280,010,255,191,2,255,237,251,255
280,010,255,191,3,253,222,251,253
280,010,255,191,4,239,191,221,238
280,010,255,191,5,189,222,255,223
280,010,255,191,6,254,223,95,253
280,110,245,255,0,235,234,170,174
280,110,245,255,1,255,234,170,170
280,110,245,255,2,170,170,170,170
280,110,245,255,3,170,175,255,255
280,110,245,255,4,250,175,255,255
280,110,245,255,5,255,255,255,255
280,110,245,255,6,255,255,111,218
280,001,255,190,0,222,255,247,218
280,001,255,190,1,175,183,191,245
280,001,255,190,2,187,122,235,117
280,001,255,190,3,106,237,119,234
280,001,255,190,4,218,234,213,109
280,001,255,190,5,239,117,238,187
280,001,255,190,6,223,123,239,127
280,101,190,247,0,222,255,237,253
280,101,190,247,1,125,215,246,254
280,101,190,247,2,223,219,251,125
280,101,190,247,3,191,183,187,247
280,101,190,247,4,126,238,237,221
280,101,190,247,5,187,189,187,183
280,101,190,247,6,119,111,127,110
280,011,237,221,0,127,223,245,254
280,011,237,221,1,223,219,251,126
280,011,237,221,2,253,223,187,247
280,011,237,221,3,123,191,119,238
280,011,237,221,4,237,221,187,189
280,011,237,221,5,219,187,119,109
280,011,237,221,6,123,171,119,109
280,111,125,175,0,181,245,238,189
280,111,125,175,1,215,189,123,221
280,111,125,175,2,247,223,111,187
280,111,125,175,3,235,222,223,219
280,111,125,175,4,251,122,190,171
280,111,125,175,5,234,245,125,87
280,111,125,175,6,213,250,189,95
281,000,218,255,0,95,235,183,222
281,000,218,255,1,255,215,255,123
281,000,218,255,2,239,125,239,223
281,000,218,255,3,239,127,119,123
281,000,218,255,4,189,222,253,93
281,000,218,255,5,222,239,122,187
281,000,218,255,6,171,234,239,181
281,100,246,190,0,223,255,255,125
281,100,246,190,1,173,255,255,255
281,100,246,190,2,255,251,127,191
281,100,246,190,3,239,255,127,255
281,100,246,190,4,223,191,255,223
281,100,246,190,5,255,255,254,255
281,100,246,190,6,255,239,255,255
281,010,191,255,0,251,127,255,183
281,010,191,255,1,239,255,175,255
281,010,191,255,2,237,251,255,253
281,010,191,255,3,222,251,253,239
281,010,191,255,4,191,221,238,189
281,010,191,255,5,222,255,219,255
281,010,191,255,6,175,111,253,221
281,110,255,183,0,117,85,87,127
281,110,255,183,1,234,170,170,170
281,110,255,183,2,170,170,170,170
281,110,255,183,3,175,255,255,250
281,110,255,183,4,175,255,255,255
281,110,255,183,5,255,255,255,255
281,110,255,183,6,255,239,254,251
281,001,94,222,0,255,246,186,175
281,001,94,222,1,183,191,245,187
281,001,94,222,2,122,235,117,106
281,001,94,222,3,237,119,234,214
281,001,94,222,4,234,213,109,254
281,001,94,222,5,251,247,251,253
281,001,94,222,6,247,239,253,254
281,101,255,125,0,251,255,255,239
281,101,255,125,1,255,254,255,255
281,101,255,125,2,246,235,191,191
281,101,255,125,3,253,215,245,223
281,101,255,125,4,95,175,219,110
281,101,255,125,5,187,246,247,175
281,101,255,125,6,239,175,254,255
281,011,223,238,0,173,251,218,253
281,011,223,238,1,182,235,181,219
281,011,223,238,2,109,215,247,173
281,011,223,238,3,127,93,254,255
281,011,223,238,4,223,189,127,191
281,011,223,238,5,111,122,253,189
281,011,223,238,6,191,239,245,186
281,111,247,95,0,126,245,247,174
281,111,247,95,1,251,246,247,215
281,111,247,95,2,175,238,254,253
281,111,247,95,3,189,219,213,251
281,111,247,95,4,221,189,237,189
281,111,247,95,5,183,174,245,186
281,111,247,95,6,247,171,175,117
282,000,190,215,0,218,255,119,239
282,000,190,215,1,125,239,109,237
282,000,190,215,2,191,183,219,251
282,000,190,215,3,247,223,191,127
282,000,190,215,4,189,183,245,93
282,000,190,215,5,186,191,247,219
282,000,190,215,6,190,219,111,239
282,100,247,238,0,255,126,237,247
282,100,247,238,1,93,183,219,247
282,100,247,238,2,125,187,245,126
282,100,247,238,3,251,175,117,239
282,100,247,238,4,107,239,119,222
282,100,247,238,5,183,123,221,183
282,100,247,238,6,238,245,246,183
282,010,254,246,0,239,119,234,255
282,010,254,246,1,109,223,93,235
282,010,254,246,2,191,93,221,183
282,010,254,246,3,182,245,246,190
282,010,254,246,4,247,126,175,119
282,010,254,246,5,238,245,222,187
282,010,254,246,6,245,123,191,87
282,110,234,245,0,85,94,183,213
282,110,234,245,1,85,85,85,85
282,110,234,245,2,85,85,85,95
282,110,234,245,3,255,255,245,95
282,110,234,245,4,255,255,255,255
282,110,234,245,5,255,255,255,251
282,110,234,245,6,255,127,239,247
282,001,254,255,0,223,245,93,255
282,001,254,255,1,191,250,182,245
282,001,254,255,2,238,239,126,237
282,001,254,255,3,239,234,213,106
282,001,254,255,4,213,110,246,170
282,001,254,255,5,187,218,171,189
282,001,254,255,6,170,175,250,170
282,101,239,111,0,255,255,239,255
282,101,239,111,1,255,255,255,251
282,101,239,111,2,187,223,255,255
282,101,239,111,3,221,251,190,222
282,101,239,111,4,239,111,222,239
282,101,239,111,5,238,255,253,223
282,101,239,111,6,255,239,95,255
282,011,187,255,0,251,219,190,247
282,011,187,255,1,187,218,171,189
282,011,187,255,2,170,175,250,170
282,011,187,255,3,239,111,255,254
282,011,187,255,4,171,255,255,255
282,011,187,255,5,255,255,187,223
282,011,187,255,6,255,255,221,238
282,111,247,250,0,239,106,171,189
282,111,247,250,1,191,255,245,95
282,111,247,250,2,255,87,127,255
282,111,247,250,3,255,255,255,251
282,111,247,250,4,191,87,187,218
282,111,247,250,5,171,189,170,175
282,111,247,250,6,250,170,239,111
283,000,255,255,0,250,187,223,255
283,000,255,255,1,255,85,91,189
283,000,255,255,2,85,187,213,86
283,000,255,255,3,239,255,255,250
283,000,255,255,4,175,255,255,255
283,000,255,255,5,255,255,255,255
283,000,255,255,6,254,246,170,187
283,100,218,171,0,189,170,175,250
283,100,218,171,1,170,239,111,255
283,100,218,171,2,255,255,255,255
283,100,218,171,3,255,255,250,187
283,100,218,171,4,223,255,255,85
283,100,218,171,5,91,189,85,187
283,100,218,171,6,213,86,239,255
283,010,255,250,0,175,255,255,255
283,010,255,250,1,255,255,255,255
283,010,255,250,2,254,246,170,187
283,010,255,250,3,218,171,189,170
283,010,255,250,4,175,250,170,239
283,010,255,250,5,111,255,255,255
283,010,255,250,6,255,255,255,255
283,110,250,170,0,175,255,250,170
283,110,250,170,1,170,170,170,170
283,110,250,170,2,170,170,175,255
283,110,250,170,3,255,250,175,255
283,110,250,170,4,255,255,255,255
283,110,250,170,5,255,255,255,239
283,110,250,170,6,255,239,255,239
283,001,251,255,0,245,95,251,254
283,001,251,255,1,251,110,237,119
283,001,251,255,2,237,247,109,235
283,001,251,255,3,235,239,107,213
283,001,251,255,4,111,127,125,239
283,001,251,255,5,247,222,255,109
283,001,251,255,6,250,251,127,191
283,101,221,246,0,255,215,247,254
283,101,221,246,1,191,175,187,251
283,101,221,246,2,246,223,111,221
283,101,221,246,3,247,191,223,251
283,101,221,246,4,253,253,126,219
283,101,221,246,5,213,221,223,187
283,101,221,246,6,239,187,126,239
283,011,235,218,0,222,253,251,251
283,011,235,218,1,247,191,191,119
283,011,235,218,2,251,119,126,239
283,011,235,218,3,235,189,247,91
283,011,235,218,4,219,219,123,91
283,011,235,218,5,223,235,123,119
283,011,235,218,6,119,237,255,125
283,111,175,247,0,218,251,93,107
283,111,175,247,1,214,222,223,235
283,111,175,247,2,222,251,221,238
283,111,175,247,3,182,246,239,127
283,111,175,247,4,91,235,122,253
283,111,175,247,5,183,187,237,123
283,111,175,247,6,190,247,235,187
284,000,221,247,0,221,123,174,247
284,000,221,247,1,239,253,255,223
284,000,221,247,2,95,221,123,86
284,000,221,247,3,189,239,118,255
284,000,221,247,4,175,174,238,253
284,000,221,247,5,87,253,254,189
284,000,221,247,6,254,235,250,250
284,100,189,215,0,190,255,190,255
284,100,189,215,1,189,239,181,238
284,100,189,215,2,174,214,254,191
284,100,189,215,3,215,187,182,219
284,100,189,215,4,247,109,235,237
284,100,189,215,5,239,238,254,254
284,100,189,215,6,187,239,126,253
284,010,95,190,0,253,173,238,245
284,010,95,190,1,183,246,255,182
284,010,95,190,2,253,221,182,222
284,010,95,190,3,238,183,110,239
284,010,95,190,4,182,238,222,239
284,010,95,190,5,255,238,183,247
284,010,95,190,6,117,191,239,117
284,110,85,87,0,254,245,85,85
284,110,85,87,1,85,85,85,85
284,110,85,87,2,85,95,255,255
284,110,85,87,3,245,95,255,255
284,110,85,87,4,255,255,255,255
284,110,85,87,5,255,251,255,127
284,110,85,87,6,239,247,254,255
284,001,223,245,0,93,255,191,247
284,001,223,245,1,191,123,119,234
284,001,223,245,2,221,110,246,238
284,001,223,245,3,234,214,234,215
284,001,223,245,4,223,215,90,253
284,001,223,245,5,118,239,219,253
284,001,223,245,6,119,119,223,239
284,101,255,126,0,171,175,213,111
284,101,255,126,1,187,254,251,223
284,101,255,126,2,255,251,191,119
284,101,255,126,3,238,247,126,239
284,101,255,126,4,221,247,171,122
284,101,255,126,5,219,247,173,234
284,101,255,126,6,222,190,173,235
284,011,122,183,0,238,253,223,189
284,011,122,183,1,239,189,247,186
284,011,122,183,2,219,247,126,234
284,011,122,183,3,222,183,171,123
284,011,122,183,4,122,183,173,237
284,011,122,183,5,187,190,173,237
284,011,122,183,6,189,183,182,246
284,111,238,221,0,219,183,174,245
284,111,238,221,1,215,119,186,247
284,111,238,221,2,94,239,117,238
284,111,238,221,3,189,215,182,246
284,111,238,221,4,222,223,109,237
284,111,238,221,5,189,181,215,118
284,111,238,221,6,238,215,94,235
285,000,253,189,0,191,181,250,237
285,000,253,189,1,239,95,117,85
285,000,253,189,2,85,85,87,245
285,000,253,189,3,253,106,175,237
285,000,253,189,4,222,239,119,222
285,000,253,189,5,251,254,189,189
285,000,253,189,6,237,189,183,174
285,100,245,237,0,238,183,175,219
285,100,245,237,1,222,239,119,245
285,100,245,237,2,247,127,119,238
285,100,245,237,3,221,189,183,187
285,100,245,237,4,187,186,253,189
285,100,245,237,5,234,170,183,174
285,100,245,237,6,247,250,247,170
285,010,175,110,0,251,247,245,215
285,010,175,110,1,117,251,119,95
285,010,175,110,2,122,239,94,219
285,010,175,110,3,219,186,255,91
285,010,175,110,4,175,219,223,191
285,010,175,110,5,127,189,127,125
285,010,175,110,6,191,110,245,85
285,110,91,251,0,245,85,85,85
285,110,91,251,1,85,85,85,85
285,110,91,251,2,95,255,255,245
285,110,91,251,3,95,255,255,255
285,110,91,251,4,255,255,255,255
285,110,91,251,5,251,255,127,239
285,110,91,251,6,247,254,255,223
285,001,245,93,0,255,191,247,110
285,001,245,93,1,238,235,118,237
285,001,245,93,2,125,125,234,213
285,001,245,93,3,106,213,111,127
285,001,245,93,4,215,119,222,189
285,001,245,93,5,239,119,245,119
285,001,245,93,6,127,191,239,235
285,101,126,171,0,239,213,111,87
285,101,126,171,1,251,251,127,239
285,101,126,171,2,109,239,247,223
285,101,126,171,3,239,215,237,187
285,101,126,171,4,111,107,237,126
285,101,126,171,5,190,175,251,255
285,101,126,171,6,254,255,223,234
285,011,237,253,0,222,238,246,190
285,011,237,253,1,215,190,250,251
285,011,237,253,2,127,119,255,255
285,011,237,253,3,126,171,214,245
285,011,237,253,4,238,189,251,239
285,011,237,253,5,122,191,189,239
285,011,237,253,6,247,223,255,187
285,111,246,187,0,175,125,239,190
285,111,246,187,1,251,119,251,255
285,111,246,187,2,247,126,239,219
285,111,246,187,3,183,222,182,214
285,111,246,187,4,223,222,253,239
285,111,246,187,5,247,191,126,239
285,111,246,187,6,239,255,127,189
286,000,218,219,0,119,219,87,234
286,000,218,219,1,254,223,109,246
286,000,218,219,2,221,110,215,173
286,000,218,219,3,189,189,189,255
286,000,218,219,4,255,127,239,253
286,000,218,219,5,247,213,222,214
286,000,218,219,6,218,218,222,173
286,100,174,247,0,189,223,221,255
286,100,174,247,1,255,127,189,245
286,100,174,247,2,214,239,190,250
286,100,174,247,3,251,95,215,245
286,100,174,247,4,250,239,183,222
286,100,174,247,5,222,245,91,93
286,100,174,247,6,254,247,246,250
286,010,219,171,0,245,118,254,223
286,010,219,171,1,214,215,127,111
286,010,219,171,2,187,183,246,254
286,010,219,171,3,187,234,254,239
286,010,219,171,4,221,239,239,127
286,010,219,171,5,251,219,126,251
286,010,219,171,6,110,218,170,173
286,110,239,117,0,85,85,85,85
286,110,239,117,1,85,85,85,95
286,110,239,117,2,255,255,245,95
286,110,239,117,3,255,255,255,255
286,110,239,117,4,255,255,255,251
286,110,239,117,5,255,127,251,191
286,110,239,117,6,223,251,255,122
286,001,175,247,0,254,253,107,235
286,001,175,247,1,234,239,235,238
286,001,175,247,2,235,109,238,246
286,001,175,247,3,245,109,255,107
286,001,175,247,4,191,123,118,237
286,001,175,247,5,183,250,246,191
286,001,175,247,6,255,221,255,255
286,101,187,251,0,253,191,85,251
286,101,187,251,1,221,127,223,238
286,101,187,251,2,235,253,253,235
286,101,187,251,3,181,110,187,111
286,101,187,251,4,190,218,250,215
286,101,187,251,5,222,253,255,245
286,101,187,251,6,235,110,253,189
286,011,255,107,0,187,118,189,215
286,011,255,107,1,125,250,247,223
286,011,255,107,2,119,255,255,127
286,011,255,107,3,94,214,245,239
286,011,255,107,4,191,171,239,122
286,011,255,107,5,255,93,239,247
286,011,255,107,6,223,111,223,221
286,111,110,221,0,187,187,253,222
286,111,110,221,1,221,221,255,247
286,111,110,221,2,126,239,219,183
286,111,110,221,3,223,126,214,223
286,111,110,221,4,219,251,109,253
286,111,110,221,5,246,223,123,247
286,111,110,221,6,255,127,91,222
287,000,191,239,0,219,182,245,223
287,000,191,239,1,111,183,235,110
287,000,191,239,2,222,222,218,251
287,000,191,239,3,110,251,247,255
287,000,191,239,4,127,239,253,247
287,000,191,239,5,213,223,173,173
287,000,191,239,6,181,111,91,221
287,100,239,125,0,222,251,251,255
287,100,239,125,1,126,189,186,235
287,100,239,125,2,223,183,117,238
287,100,239,125,3,183,191,171,191
287,100,239,125,4,111,183,87,189
287,100,239,125,5,218,174,174,186
287,100,239,125,6,247,251,122,219
287,010,182,245,0,118,222,219,214
287,010,182,245,1,215,126,251,237
287,010,182,245,2,247,247,119,238
287,010,182,245,3,239,223,215,250
287,010,182,245,4,245,250,255,239
287,010,182,245,5,235,126,255,189
287,010,182,245,6,106,170,171,94
287,110,181,85,0,85,85,85,85
287,110,181,85,1,85,85,95,255
287,110,181,85,2,255,245,95,255
287,110,181,85,3,255,255,255,255
287,110,181,85,4,255,255,251,255
287,110,181,85,5,127,239,247,254
287,110,181,85,6,255,223,245,93
287,001,255,191,0,250,183,119,117
287,001,255,191,1,191,119,123,118
287,001,255,191,2,189,235,237,213
287,001,255,191,3,110,250,239,106
287,001,255,191,4,237,215,238,234
287,001,255,191,5,218,239,213,218
287,001,255,191,6,237,213,213,106
287,101,213,85,0,85,85,95,255
287,101,213,85,1,255,255,255,255
287,101,213,85,2,255,255,255,255
287,101,213,85,3,255,255,255,255
287,101,213,85,4,255,255,255,255
287,101,213,85,5,255,255,255,255
287,101,213,85,6,255,255,255,255
287,011,255,255,0,255,255,255,255
287,011,255,255,1,255,255,255,255
287,011,255,255,2,255,255,255,255
287,011,255,255,3,255,255,255,255
287,011,255,255,4,255,255,255,255
287,011,255,255,5,255,255,255,255
287,011,255,255,6,255,255,255,255
287,111,255,255,0,255,255,255,255
287,111,255,255,1,255,255,255,255
287,111,255,255,2,255,255,255,255
287,111,255,255,3,255,255,255,255
287,111,255,255,4,255,255,255,255
287,111,255,255,5,255,255,255,255
287,111,255,255,6,255,255,255,255
288,000,255,255,0,255,255,255,255
288,000,255,255,1,255,255,255,255
288,000,255,255,2,255,255,255,255
288,000,255,255,3,255,255,255,255
288,000,255,255,4,255,255,255,255
288,000,255,255,5,255,255,255,255
288,000,255,255,6,255,255,255,255
288,100,255,255,0,255,255,255,255
288,100,255,255,1,255,255,255,255
288,100,255,255,2,255,255,255,255
288,100,255,255,3,255,255,255,255
288,100,255,255,4,255,255,255,255
288,100,255,255,5,255,255,255,255
288,100,255,255,6,255,255,255,255
288,010,255,255,0,255,255,255,255
288,010,255,255,1,255,255,255,255
288,010,255,255,2,255,255,255,255
288,010,255,255,3,255,255,255,255
288,010,255,255,4,255,255,255,255
288,010,255,255,5,255,255,255,255
288,010,255,255,6,255,255,255,255
288,110,255,255,0,255,255,255,255
288,110,255,255,1,255,255,255,255
288,110,255,255,2,255,255,255,255
288,110,255,255,3,255,255,255,255
288,110,255,255,4,255,255,255,255
288,110,255,255,5,255,255,255,255
288,110,255,255,6,255,255,255,255
288,001,255,255,0,255,255,255,255
288,001,255,255,1,255,255,255,255
288,001,255,255,2,255,255,255,255
288,001,255,255,3,255,255,255,255
288,001,255,255,4,255,255,255,255
288,001,255,255,5,255,255,255,255
288,001,255,255,6,255,255,255,255
288,101,255,255,0,255,255,255,255
288,101,255,255,1,255,255,255,255
288,101,255,255,2,255,255,255,255
288,101,255,255,3,255,255,255,255
288,101,255,255,4,255,255,255,255
288,101,255,255,5,255,255,255,255
288,101,255,255,6,255,255,255,255
288,011,255,255,0,255,255,255,255
288,011,255,255,1,255,255,255,255
288,011,255,255,2,255,255,255,255
288,011,255,255,3,255,255,255,255
288,011,255,255,4,255,255,255,255
288,011,255,255,5,255,255,255,255
288,011,255,255,6,255,255,255,255
288,111,255,255,0,255,255,255,255
288,111,255,255,1,255,255,255,255
288,111,255,255,2,255,255,255,255
288,111,255,255,3,255,255,255,255
288,111,255,255,4,255,255,255,255
288,111,255,255,5,255,255,255,255
288,111,255,255,6,255,255,255,255
